Date,Temperature_Celsius(℃),Relative_Humidity(%),DPT(℃),VPD(kPa),Abs Humidity(g/m³)
2025-01-08 21:16,27.2,40,12.4,2.16,10.41
2025-01-08 22:16,27.3,40,12.5,2.18,10.47
2025-01-08 23:16,25.2,44,12.1,1.80,10.24
2025-01-09 00:16,24.7,43,11.3,1.77,9.73
2025-01-09 01:16,23.7,45,11.1,1.61,9.63
2025-01-09 02:16,23.1,45,10.5,1.55,9.30
2025-01-09 03:16,22.7,45,10.2,1.52,9.09
2025-01-09 04:16,22.3,46,10.1,1.45,9.08
2025-01-09 05:16,22.8,44,9.9,1.55,8.94
2025-01-09 06:16,23.1,45,10.5,1.55,9.30
2025-01-09 07:16,23.2,44,10.3,1.59,9.15
2025-01-09 08:16,23.1,44,10.2,1.58,9.10
2025-01-09 09:16,23.1,41,9.1,1.67,8.48
2025-01-09 10:16,23.2,40,8.8,1.71,8.32
2025-01-09 11:16,23.4,38,8.3,1.78,7.99
2025-01-09 12:16,23.6,37,8.1,1.84,7.87
2025-01-09 13:16,23.8,35,7.4,1.92,7.53
2025-01-09 14:16,23.8,34,7.0,1.95,7.31
2025-01-09 15:16,23.9,32,6.2,2.02,6.92
2025-01-09 16:16,23.9,31,5.7,2.05,6.71
2025-01-09 17:16,23.7,30,5.1,2.05,6.42
2025-01-09 18:16,23.7,30,5.1,2.05,6.42
2025-01-09 19:16,23.8,30,5.2,2.06,6.45
2025-01-09 20:16,24.3,32,6.5,2.07,7.08
2025-01-09 21:16,24.4,35,7.9,1.99,7.79
2025-01-09 22:16,11.1,24,-8.7,1.00,2.42
2025-01-09 23:16,10.0,22,-10.8,0.96,2.07
2025-01-10 00:16,10.2,20,-11.8,1.00,1.90
2025-01-10 01:16,10.5,21,-11.0,1.00,2.04
2025-01-10 02:16,10.7,23,-9.6,0.99,2.26
2025-01-10 03:16,10.5,24,-9.3,0.96,2.33
2025-01-10 04:16,10.5,24,-9.3,0.96,2.33
2025-01-10 05:16,10.3,25,-8.9,0.94,2.39
2025-01-10 06:16,10.5,25,-8.7,0.95,2.42
2025-01-10 07:16,10.5,26,-8.2,0.94,2.52
2025-01-10 08:16,10.5,26,-8.2,0.94,2.52
2025-01-10 09:16,10.4,26,-8.3,0.93,2.51
2025-01-10 10:16,10.0,23,-10.2,0.95,2.16
2025-01-10 11:16,9.4,24,-10.2,0.90,2.17
2025-01-10 12:16,9.6,26,-9.0,0.88,2.38
2025-01-10 13:16,9.7,23,-10.5,0.93,2.12
2025-01-10 14:16,9.7,22,-11.0,0.94,2.03
2025-01-10 15:16,9.8,23,-10.4,0.93,2.13
2025-01-10 16:16,9.9,24,-9.8,0.93,2.24
2025-01-10 17:16,10.2,29,-7.1,0.88,2.76
2025-01-10 18:16,10.2,30,-6.6,0.87,2.85
2025-01-10 19:16,10.6,31,-5.9,0.88,3.03
2025-01-10 20:16,10.7,32,-5.4,0.87,3.14
2025-01-10 21:16,10.7,33,-4.9,0.86,3.24
2025-01-10 22:16,10.5,32,-5.5,0.86,3.10
2025-01-10 23:16,10.8,32,-5.3,0.88,3.16
2025-01-11 00:16,10.6,32,-5.4,0.87,3.12
2025-01-11 02:16,10.5,31,-5.9,0.88,3.01
2025-01-11 03:16,10.2,30,-6.6,0.87,2.85
2025-01-11 04:16,10.2,30,-6.6,0.87,2.85
2025-01-11 05:16,10.2,30,-6.6,0.87,2.85
2025-01-11 06:16,10.0,30,-6.8,0.86,2.82
2025-01-11 07:16,10.1,30,-6.7,0.87,2.84
2025-01-11 08:16,10.1,30,-6.7,0.87,2.84
2025-01-11 09:16,9.9,30,-6.9,0.85,2.80
2025-01-11 10:16,9.7,32,-6.2,0.82,2.95
2025-01-11 11:16,9.8,28,-7.9,0.87,2.60
2025-01-11 12:16,10.1,28,-7.6,0.89,2.65
2025-01-11 13:16,10.3,28,-7.4,0.90,2.68
2025-01-11 14:16,10.5,28,-7.3,0.91,2.72
2025-01-11 15:16,10.7,29,-6.6,0.91,2.85
2025-01-11 16:16,10.8,29,-6.6,0.92,2.87
2025-01-11 17:16,11.0,31,-5.5,0.91,3.10
2025-01-11 18:16,11.0,33,-4.7,0.88,3.30
2025-01-11 19:16,11.0,33,-4.7,0.88,3.30
2025-01-11 20:16,11.2,34,-4.1,0.88,3.45
2025-01-11 21:16,11.0,35,-3.9,0.85,3.50
2025-01-11 22:16,10.6,33,-5.0,0.86,3.22
2025-01-11 23:16,10.9,34,-4.4,0.86,3.38
2025-01-12 00:16,11.1,34,-4.2,0.87,3.42
2025-01-12 01:16,10.6,34,-4.6,0.84,3.32
2025-01-12 02:16,9.8,35,-5.0,0.79,3.25
2025-01-12 03:16,9.6,35,-5.1,0.78,3.21
2025-01-12 04:16,9.5,35,-5.2,0.77,3.19
2025-01-12 05:16,9.9,36,-4.5,0.78,3.36
2025-01-12 06:16,9.8,35,-5.0,0.79,3.25
2025-01-12 07:16,9.9,35,-4.9,0.79,3.27
2025-01-12 08:16,9.9,36,-4.5,0.78,3.36
2025-01-12 09:16,10.0,36,-4.4,0.79,3.38
2025-01-12 10:16,9.7,36,-4.7,0.77,3.32
2025-01-12 11:16,9.9,34,-5.3,0.81,3.17
2025-01-12 12:16,10.1,32,-5.9,0.84,3.03
2025-01-12 13:16,10.3,33,-5.3,0.84,3.16
2025-01-12 14:16,10.4,37,-3.7,0.79,3.57
2025-01-12 15:16,10.5,40,-2.6,0.76,3.88
2025-01-12 16:16,10.6,42,-1.8,0.74,4.10
2025-01-12 17:16,10.8,42,-1.6,0.75,4.15
2025-01-12 18:16,10.9,43,-1.2,0.74,4.28
2025-01-12 19:16,10.2,44,-1.5,0.70,4.19
2025-01-12 20:16,8.8,48,-1.6,0.59,4.18
2025-01-12 21:16,8.4,49,-1.7,0.56,4.16
2025-01-12 22:16,8.0,50,-1.8,0.54,4.13
2025-01-12 23:16,7.6,50,-2.2,0.52,4.03
2025-01-13 00:16,6.6,52,-2.6,0.47,3.93
2025-01-13 01:16,5.8,53,-3.1,0.43,3.80
2025-01-13 02:16,5.4,53,-3.4,0.42,3.70
2025-01-13 03:16,5.2,53,-3.6,0.42,3.65
2025-01-13 04:16,4.6,54,-3.9,0.39,3.57
2025-01-13 05:16,3.8,56,-4.2,0.35,3.51
2025-01-13 06:16,3.0,56,-4.9,0.33,3.33
2025-01-13 07:16,2.4,59,-4.8,0.30,3.37
2025-01-13 08:16,4.0,59,-3.3,0.33,3.75
2025-01-13 09:16,12.1,41,-0.8,0.83,4.40
2025-01-13 10:16,20.1,31,2.4,1.62,5.39
2025-01-13 11:16,26.3,22,2.9,2.67,5.45
2025-01-13 12:16,21.6,20,-2.3,2.06,3.79
2025-01-13 13:16,31.9,17,3.8,3.92,5.71
2025-01-13 14:16,36.6,13,3.7,5.34,5.58
2025-01-13 15:16,27.0,15,-1.9,3.03,3.86
2025-01-13 16:16,17.6,21,-5.0,1.59,3.15
2025-01-13 17:16,13.6,24,-6.6,1.18,2.82
2025-01-13 18:16,11.6,28,-6.3,0.98,2.91
2025-01-13 19:16,9.8,32,-6.1,0.82,2.97
2025-01-13 20:16,9.0,34,-6.1,0.76,3.00
2025-01-13 21:16,8.2,36,-6.0,0.70,3.01
2025-01-13 22:16,7.4,37,-6.4,0.65,2.94
2025-01-13 23:16,6.4,38,-6.9,0.60,2.83
2025-01-14 00:16,5.8,38,-7.5,0.57,2.72
2025-01-14 01:16,5.0,40,-7.5,0.52,2.72
2025-01-14 02:16,4.2,42,-7.6,0.48,2.71
2025-01-14 03:16,3.4,44,-7.7,0.44,2.69
2025-01-14 04:16,2.6,47,-7.6,0.39,2.72
2025-01-14 05:16,2.0,49,-7.6,0.36,2.72
2025-01-14 06:16,1.6,50,-7.7,0.34,2.70
2025-01-14 07:16,1.4,51,-7.7,0.33,2.72
2025-01-14 08:16,3.1,51,-6.1,0.37,3.05
2025-01-14 09:16,10.0,40,-3.0,0.74,3.76
2025-01-14 10:16,17.6,29,-0.7,1.43,4.35
2025-01-14 11:16,24.8,20,0.3,2.50,4.55
2025-01-14 12:16,34.8,14,3.4,4.78,5.48
2025-01-14 13:16,38.7,11,3.0,6.12,5.26
2025-01-14 14:16,42.2,9,2.8,7.54,5.12
2025-01-14 15:16,31.1,10,-4.1,4.07,3.22
2025-01-14 16:16,20.7,16,-6.1,2.05,2.88
2025-01-14 17:16,16.0,21,-6.4,1.44,2.86
2025-01-14 18:16,13.3,25,-6.3,1.15,2.89
2025-01-14 19:16,11.0,30,-5.9,0.92,3.00
2025-01-14 20:16,9.4,35,-5.3,0.77,3.17
2025-01-14 21:16,8.2,38,-5.3,0.67,3.18
2025-01-14 22:16,7.0,40,-5.7,0.60,3.10
2025-01-14 23:16,6.2,43,-5.5,0.54,3.16
2025-01-15 00:16,5.4,46,-5.3,0.48,3.21
2025-01-15 01:16,4.6,47,-5.8,0.45,3.11
2025-01-15 02:16,4.0,49,-5.8,0.41,3.12
2025-01-15 03:16,3.4,51,-5.8,0.38,3.11
2025-01-15 04:16,2.9,53,-5.8,0.35,3.13
2025-01-15 05:16,1.5,56,-6.3,0.30,3.01
2025-01-15 06:16,-0.3,64,-6.3,0.22,3.04
2025-01-15 07:16,-0.8,67,-6.2,0.19,3.07
2025-01-15 08:16,0.7,70,-4.2,0.19,3.56
2025-01-15 09:16,5.6,62,-1.1,0.35,4.38
2025-01-15 10:16,11.4,47,0.5,0.71,4.82
2025-01-15 11:16,19.0,30,1.0,1.54,4.89
2025-01-15 12:16,24.6,20,0.1,2.47,4.50
2025-01-15 13:16,24.3,19,-0.8,2.46,4.20
2025-01-15 14:16,22.7,20,-1.4,2.21,4.04
2025-01-15 15:16,15.9,26,-3.6,1.34,3.52
2025-01-15 16:16,11.0,32,-5.1,0.89,3.20
2025-01-15 17:16,9.4,35,-5.3,0.77,3.17
2025-01-15 18:16,7.5,37,-6.3,0.65,2.96
2025-01-15 19:16,5.8,41,-6.5,0.54,2.94
2025-01-15 20:16,4.5,41,-7.6,0.50,2.70
2025-01-15 21:16,3.8,43,-7.7,0.46,2.70
2025-01-15 22:16,2.6,47,-7.6,0.39,2.72
2025-01-15 23:16,1.5,52,-7.3,0.33,2.79
2025-01-16 00:16,1.2,53,-7.3,0.31,2.79
2025-01-16 01:16,0.5,55,-7.5,0.29,2.76
2025-01-16 02:16,-0.4,60,-7.2,0.24,2.83
2025-01-16 03:16,-0.2,59,-7.3,0.25,2.82
2025-01-16 04:16,0.9,52,-7.9,0.31,2.68
2025-01-16 05:16,0.7,53,-7.8,0.30,2.69
2025-01-16 06:16,0.9,54,-7.4,0.30,2.78
2025-01-16 07:16,0.6,55,-7.4,0.29,2.78
2025-01-16 08:16,2.1,54,-6.3,0.33,3.02
2025-01-16 09:16,4.1,45,-6.8,0.45,2.88
2025-01-16 10:16,6.9,38,-6.5,0.62,2.93
2025-01-16 11:16,14.8,27,-4.0,1.23,3.42
2025-01-16 12:16,21.3,18,-4.0,2.08,3.36
2025-01-16 13:16,20.7,16,-6.1,2.05,2.88
2025-01-16 14:16,20.7,16,-6.1,2.05,2.88
2025-01-16 15:16,15.5,19,-8.1,1.43,2.51
2025-01-16 16:16,10.1,26,-8.6,0.91,2.46
2025-01-16 17:16,8.1,31,-8.0,0.75,2.58
2025-01-16 18:16,5.8,36,-8.1,0.59,2.58
2025-01-16 19:16,4.2,42,-7.6,0.48,2.71
2025-01-16 20:16,2.6,50,-6.8,0.37,2.89
2025-01-16 21:16,1.6,54,-6.7,0.32,2.92
2025-01-16 22:16,1.0,57,-6.6,0.28,2.96
2025-01-16 23:16,0.3,59,-6.8,0.26,2.92
2025-01-17 00:16,-0.4,63,-6.6,0.22,2.97
2025-01-17 02:16,-1.4,66,-6.9,0.19,2.90
2025-01-17 03:16,-1.3,66,-6.8,0.19,2.92
2025-01-17 04:16,0.1,63,-6.1,0.23,3.07
2025-01-17 05:16,1.2,60,-5.7,0.27,3.16
2025-01-17 06:16,1.4,58,-6.0,0.28,3.09
2025-01-17 07:16,1.0,57,-6.6,0.28,2.96
2025-01-17 08:16,3.4,54,-5.0,0.36,3.30
2025-01-17 09:16,7.9,40,-4.9,0.64,3.29
2025-01-17 10:16,10.8,32,-5.3,0.88,3.16
2025-01-17 11:16,15.2,25,-4.7,1.30,3.24
2025-01-17 12:16,19.7,18,-5.3,1.88,3.06
2025-01-17 13:16,19.9,15,-7.5,1.98,2.58
2025-01-17 14:16,17.2,16,-8.9,1.65,2.34
2025-01-17 15:16,10.5,21,-11.0,1.00,2.04
2025-01-17 16:16,6.4,28,-10.8,0.69,2.09
2025-01-17 17:16,4.6,32,-10.7,0.58,2.12
2025-01-17 18:16,3.6,37,-9.8,0.50,2.29
2025-01-17 19:16,2.8,41,-9.2,0.44,2.41
2025-01-17 20:16,2.6,36,-11.0,0.47,2.08
2025-01-17 21:16,2.3,38,-10.6,0.45,2.15
2025-01-17 22:16,1.7,40,-10.5,0.41,2.18
2025-01-17 23:16,1.2,44,-9.7,0.37,2.32
2025-01-18 00:16,1.1,44,-9.8,0.37,2.30
2025-01-18 01:16,1.7,43,-9.6,0.39,2.34
2025-01-18 02:16,1.6,44,-9.4,0.38,2.38
2025-01-18 03:16,1.6,43,-9.7,0.39,2.33
2025-01-18 04:16,1.6,43,-9.7,0.39,2.33
2025-01-18 05:16,1.0,44,-9.9,0.37,2.28
2025-01-18 06:16,0.0,50,-9.2,0.31,2.42
2025-01-18 07:16,-0.2,52,-8.9,0.29,2.48
2025-01-18 08:16,2.2,48,-7.7,0.37,2.70
2025-01-18 09:16,6.6,38,-6.7,0.60,2.87
2025-01-18 10:16,14.8,30,-2.6,1.18,3.80
2025-01-18 11:16,22.5,22,-0.3,2.13,4.39
2025-01-18 12:16,34.5,13,2.1,4.76,5.01
2025-01-18 13:16,38.0,10,1.1,5.96,4.61
2025-01-18 14:16,39.1,9,0.5,6.40,4.39
2025-01-18 15:16,30.5,9,-6.0,3.97,2.80
2025-01-18 16:16,17.9,15,-9.1,1.74,2.29
2025-01-18 17:16,13.3,20,-9.2,1.22,2.31
2025-01-18 18:16,10.3,25,-8.9,0.94,2.39
2025-01-18 19:16,8.1,31,-8.0,0.75,2.58
2025-01-18 20:16,6.8,34,-8.0,0.65,2.60
2025-01-18 21:16,5.5,37,-8.1,0.57,2.60
2025-01-18 22:16,4.5,41,-7.6,0.50,2.70
2025-01-18 23:16,3.7,44,-7.4,0.45,2.74
2025-01-19 00:16,3.3,45,-7.5,0.43,2.73
2025-01-19 01:16,2.9,46,-7.6,0.41,2.72
2025-01-19 02:16,2.3,48,-7.6,0.37,2.72
2025-01-19 03:16,1.8,51,-7.3,0.34,2.80
2025-01-19 04:16,1.5,51,-7.6,0.33,2.74
2025-01-19 05:16,1.4,51,-7.7,0.33,2.72
2025-01-19 06:16,1.2,54,-7.1,0.31,2.84
2025-01-19 07:16,1.2,54,-7.1,0.31,2.84
2025-01-19 08:16,3.0,53,-5.7,0.36,3.15
2025-01-19 09:16,6.3,46,-4.5,0.52,3.41
2025-01-19 10:16,12.5,38,-1.5,0.90,4.18
2025-01-19 11:16,18.6,28,-0.3,1.54,4.46
2025-01-19 12:16,26.3,19,0.8,2.77,4.70
2025-01-19 13:16,20.6,19,-3.9,1.97,3.40
2025-01-19 14:16,19.4,20,-4.2,1.80,3.34
2025-01-19 15:16,17.5,22,-4.5,1.56,3.28
2025-01-19 16:16,15.0,26,-4.4,1.26,3.33
2025-01-19 17:16,12.9,29,-4.7,1.06,3.27
2025-01-19 18:16,11.3,41,-1.5,0.79,4.18
2025-01-19 19:16,10.5,49,0.2,0.65,4.75
2025-01-19 20:16,9.9,50,-0.1,0.61,4.67
2025-01-19 21:16,9.6,49,-0.6,0.61,4.49
2025-01-19 22:16,9.4,51,-0.2,0.58,4.61
2025-01-19 23:16,9.3,45,-2.0,0.64,4.04
2025-01-20 00:16,9.1,43,-2.8,0.66,3.82
2025-01-20 01:16,8.6,42,-3.6,0.65,3.61
2025-01-20 02:16,8.0,44,-3.5,0.60,3.64
2025-01-20 03:16,7.0,46,-3.8,0.54,3.56
2025-01-20 04:16,6.7,48,-3.6,0.51,3.65
2025-01-20 05:16,6.5,53,-2.4,0.45,3.97
2025-01-20 06:16,6.6,54,-2.1,0.45,4.08
2025-01-20 07:16,6.6,57,-1.3,0.42,4.30
2025-01-20 08:16,7.1,59,-0.4,0.41,4.60
2025-01-20 09:16,9.5,55,0.9,0.53,5.01
2025-01-20 10:16,17.8,41,4.4,1.20,6.22
2025-01-20 11:16,25.3,30,6.5,2.26,7.02
2025-01-20 12:16,34.3,19,7.4,4.38,7.24
2025-01-20 13:16,39.5,14,7.0,6.18,6.97
2025-01-20 14:16,38.1,13,4.9,5.79,6.03
2025-01-20 15:16,28.0,19,2.2,3.06,5.17
2025-01-20 16:16,21.0,28,1.8,1.79,5.13
2025-01-20 17:16,17.7,34,1.6,1.34,5.13
2025-01-20 18:16,16.1,40,2.5,1.10,5.48
2025-01-20 19:16,14.8,45,3.0,0.93,5.70
2025-01-20 20:16,14.0,52,4.3,0.77,6.27
2025-01-20 21:16,13.2,58,5.1,0.64,6.66
2025-01-20 22:16,12.6,59,4.8,0.60,6.53
2025-01-20 23:16,12.3,61,5.0,0.56,6.62
2025-01-21 00:16,11.7,63,4.9,0.51,6.59
2025-01-21 01:16,11.4,64,4.8,0.49,6.57
2025-01-21 02:16,11.1,65,4.8,0.46,6.55
2025-01-21 03:16,10.6,66,4.5,0.43,6.44
2025-01-21 04:16,10.3,66,4.2,0.43,6.32
2025-01-21 05:16,10.0,67,4.1,0.41,6.30
2025-01-21 06:16,9.4,66,3.4,0.40,5.97
2025-01-21 07:16,9.3,67,3.5,0.39,6.02
2025-01-21 08:16,10.4,66,4.3,0.43,6.36
2025-01-21 09:16,14.0,55,5.1,0.72,6.63
2025-01-21 10:16,20.8,40,6.7,1.47,7.24
2025-01-21 11:16,26.4,31,7.9,2.37,7.72
2025-01-21 12:16,34.2,18,6.5,4.41,6.82
2025-01-21 13:16,35.1,18,7.2,4.64,7.15
2025-01-21 14:16,38.9,15,7.6,5.91,7.24
2025-01-21 15:16,33.2,15,3.1,4.32,5.40
2025-01-21 16:16,22.3,25,1.3,2.02,4.94
2025-01-21 17:16,17.8,33,1.3,1.37,5.01
2025-01-21 18:16,15.5,39,1.6,1.07,5.16
2025-01-21 19:16,14.0,47,2.9,0.85,5.67
2025-01-21 20:16,13.0,52,3.4,0.72,5.90
2025-01-21 21:16,12.0,54,3.0,0.65,5.75
2025-01-21 22:16,10.8,51,1.1,0.63,5.04
2025-01-21 23:16,9.4,51,-0.2,0.58,4.61
2025-01-22 00:16,8.2,51,-1.4,0.53,4.27
2025-01-22 01:16,7.6,51,-1.9,0.51,4.11
2025-01-22 02:16,6.8,53,-2.1,0.46,4.05
2025-01-22 03:16,5.8,56,-2.3,0.41,4.01
2025-01-22 04:16,5.2,57,-2.6,0.38,3.92
2025-01-22 05:16,4.7,57,-3.1,0.37,3.80
2025-01-22 06:16,4.3,57,-3.5,0.36,3.70
2025-01-22 07:16,4.0,58,-3.5,0.34,3.69
2025-01-22 08:16,5.6,57,-2.3,0.39,4.03
2025-01-22 09:16,12.0,48,1.3,0.73,5.12
2025-01-22 10:16,19.1,31,1.6,1.53,5.08
2025-01-22 11:16,25.3,24,3.3,2.45,5.62
2025-01-22 12:16,36.0,15,5.3,5.05,6.25
2025-01-22 13:16,40.3,11,4.2,6.67,5.70
2025-01-22 14:16,41.3,9,2.1,7.19,4.90
2025-01-22 15:16,34.9,10,-1.2,5.03,3.93
2025-01-22 16:16,22.0,16,-5.0,2.22,3.11
2025-01-22 17:16,17.1,22,-4.8,1.52,3.20
2025-01-22 18:16,15.0,27,-3.9,1.24,3.46
2025-01-22 19:16,13.4,30,-3.9,1.08,3.49
2025-01-22 20:16,11.8,37,-2.4,0.87,3.89
2025-01-22 21:16,10.5,38,-3.2,0.79,3.69
2025-01-22 22:16,9.1,42,-3.2,0.67,3.73
2025-01-22 23:16,8.1,43,-3.7,0.62,3.58
2025-01-23 00:16,7.1,46,-3.8,0.54,3.59
2025-01-23 01:16,6.3,48,-3.9,0.50,3.55
2025-01-23 02:16,6.2,49,-3.7,0.48,3.60
2025-01-23 03:16,5.9,50,-3.7,0.46,3.61
2025-01-23 04:16,5.7,51,-3.7,0.45,3.63
2025-01-23 05:16,5.2,53,-3.6,0.42,3.65
2025-01-23 06:16,4.6,53,-4.2,0.40,3.51
2025-01-23 07:16,4.2,55,-4.1,0.37,3.54
2025-01-23 08:16,5.2,55,-3.1,0.40,3.79
2025-01-23 09:16,10.6,45,-0.9,0.70,4.39
2025-01-23 10:16,17.4,33,0.9,1.33,4.89
2025-01-23 11:16,23.9,26,3.2,2.19,5.62
2025-01-23 12:16,33.7,18,6.1,4.29,6.65
2025-01-23 13:16,37.3,14,5.3,5.48,6.23
2025-01-23 14:16,38.1,13,4.9,5.79,6.03
2025-01-23 15:16,32.5,15,2.5,4.16,5.20
2025-01-23 16:16,21.7,24,0.2,1.97,4.58
2025-01-23 17:16,17.1,31,-0.2,1.35,4.51
2025-01-23 18:16,14.1,39,0.3,0.98,4.73
2025-01-23 19:16,12.1,44,0.2,0.79,4.72
2025-01-23 20:16,10.5,48,-0.1,0.66,4.66
2025-01-23 21:16,9.2,52,-0.2,0.56,4.64
2025-01-23 22:16,8.2,54,-0.6,0.50,4.52
2025-01-23 23:16,7.7,55,-0.8,0.47,4.46
2025-01-24 00:16,7.4,55,-1.1,0.46,4.37
2025-01-24 01:16,6.6,57,-1.3,0.42,4.30
2025-01-24 02:16,6.0,57,-1.9,0.40,4.14
2025-01-24 03:16,5.2,59,-2.2,0.36,4.06
2025-01-24 04:16,4.8,59,-2.5,0.35,3.96
2025-01-24 05:16,4.2,59,-3.1,0.34,3.80
2025-01-24 06:16,3.9,60,-3.2,0.32,3.79
2025-01-24 07:16,3.7,61,-3.1,0.31,3.80
2025-01-24 08:16,5.3,61,-1.6,0.35,4.23
2025-01-24 09:16,11.7,51,1.9,0.67,5.33
2025-01-24 10:16,18.8,33,2.2,1.45,5.31
2025-01-24 11:16,25.1,24,3.1,2.42,5.56
2025-01-24 12:16,35.8,15,5.1,4.99,6.18
2025-01-24 13:16,38.6,11,2.9,6.09,5.23
2025-01-24 14:16,39.0,11,3.2,6.22,5.34
2025-01-24 15:16,33.3,11,-1.2,4.55,3.98
2025-01-24 16:16,22.3,19,-2.5,2.18,3.75
2025-01-24 17:16,17.0,26,-2.7,1.43,3.76
2025-01-24 18:16,14.7,31,-2.3,1.15,3.90
2025-01-24 19:16,13.7,39,0.0,0.96,4.62
2025-01-24 20:16,13.0,32,-3.3,1.02,3.63
2025-01-24 21:16,12.6,32,-3.7,0.99,3.54
2025-01-24 22:16,12.2,35,-2.8,0.92,3.78
2025-01-24 23:16,11.8,36,-2.8,0.89,3.79
2025-01-25 00:16,11.3,39,-2.2,0.82,3.98
2025-01-25 01:16,10.8,43,-1.3,0.74,4.25
2025-01-25 02:16,10.4,45,-1.0,0.69,4.34
2025-01-25 03:16,9.9,48,-0.6,0.63,4.48
2025-01-25 04:16,9.5,50,-0.4,0.59,4.55
2025-01-25 05:16,9.0,53,-0.1,0.54,4.67
2025-01-25 06:16,8.8,53,-0.3,0.53,4.61
2025-01-25 07:16,8.5,52,-0.8,0.53,4.44
2025-01-25 08:16,9.3,52,-0.1,0.56,4.67
2025-01-25 09:16,10.0,39,-3.3,0.75,3.66
2025-01-25 10:16,17.7,30,-0.1,1.42,4.53
2025-01-25 11:16,17.3,26,-2.4,1.46,3.83
2025-01-25 12:16,30.8,15,1.2,3.78,4.75
2025-01-25 13:16,37.3,11,1.9,5.68,4.90
2025-01-25 14:16,37.7,9,-0.6,5.93,4.09
2025-01-25 15:16,33.3,8,-5.4,4.71,2.89
2025-01-25 16:16,19.5,13,-9.7,1.97,2.18
2025-01-25 17:16,15.2,18,-9.0,1.42,2.34
2025-01-25 18:16,12.5,22,-8.7,1.13,2.42
2025-01-25 19:16,10.5,27,-7.7,0.93,2.62
2025-01-25 20:16,9.7,32,-6.2,0.82,2.95
2025-01-25 21:16,9.1,34,-6.0,0.76,3.02
2025-01-25 22:16,8.6,38,-4.9,0.69,3.27
2025-01-25 23:16,8.0,37,-5.8,0.68,3.06
2025-01-26 00:16,7.4,37,-6.4,0.65,2.94
2025-01-26 01:16,6.7,40,-6.0,0.59,3.04
2025-01-26 02:16,6.3,40,-6.3,0.57,2.96
2025-01-26 03:16,5.8,43,-5.8,0.53,3.08
2025-01-26 04:16,6.0,43,-5.7,0.53,3.12
2025-01-26 05:16,6.0,44,-5.4,0.52,3.19
2025-01-26 06:16,6.1,43,-5.6,0.54,3.14
2025-01-26 07:16,6.1,42,-5.9,0.55,3.07
2025-01-26 08:16,8.2,41,-4.3,0.64,3.43
2025-01-26 09:16,13.3,31,-3.5,1.05,3.58
2025-01-26 10:16,18.5,23,-3.0,1.64,3.64
2025-01-26 11:16,23.3,18,-2.4,2.35,3.76
2025-01-26 12:16,32.7,12,-0.4,4.35,4.20
2025-01-26 13:16,34.0,9,-3.3,4.84,3.38
2025-01-26 14:16,26.5,11,-6.4,3.08,2.75
2025-01-26 15:16,21.5,13,-8.1,2.23,2.45
2025-01-26 16:16,11.3,24,-8.6,1.02,2.45
2025-01-26 17:16,9.3,29,-7.9,0.83,2.61
2025-01-26 18:16,7.8,33,-7.5,0.71,2.69
2025-01-26 19:16,7.0,36,-7.1,0.64,2.79
2025-01-26 20:16,6.2,37,-7.4,0.60,2.72
2025-01-26 21:16,5.8,39,-7.1,0.56,2.79
2025-01-26 22:16,5.1,43,-6.5,0.50,2.94
2025-01-26 23:16,4.3,44,-6.9,0.47,2.85
2025-01-27 00:16,3.6,48,-6.4,0.41,2.97
2025-01-27 01:16,3.1,50,-6.3,0.38,2.99
2025-01-27 02:16,2.0,54,-6.3,0.32,3.00
2025-01-27 03:16,0.7,59,-6.4,0.26,3.00
2025-01-27 04:16,-0.2,63,-6.4,0.22,3.01
2025-01-27 05:16,-0.8,65,-6.6,0.20,2.98
2025-01-27 06:16,-1.4,68,-6.5,0.18,2.99
2025-01-27 07:16,-0.4,67,-5.8,0.20,3.16
2025-01-27 08:16,1.0,64,-5.1,0.24,3.32
2025-01-27 09:16,5.7,52,-3.4,0.44,3.70
2025-01-27 10:16,8.9,43,-3.0,0.65,3.77
2025-01-27 11:16,9.8,39,-3.5,0.74,3.62
2025-01-27 12:16,17.1,26,-2.6,1.44,3.78
2025-01-27 13:16,18.6,22,-3.6,1.67,3.50
2025-01-27 14:16,19.4,21,-3.5,1.78,3.50
2025-01-27 15:16,14.2,25,-5.6,1.21,3.05
2025-01-27 16:16,12.0,27,-6.5,1.02,2.88
2025-01-27 17:16,9.2,32,-6.7,0.79,2.86
2025-01-27 18:16,7.2,37,-6.5,0.64,2.90
2025-01-27 19:16,5.4,45,-5.6,0.49,3.14
2025-01-27 20:16,4.5,49,-5.3,0.43,3.22
2025-01-27 21:16,3.6,54,-4.9,0.36,3.34
2025-01-27 22:16,3.2,55,-5.0,0.35,3.31
2025-01-27 23:16,2.7,57,-5.0,0.32,3.32
2025-01-28 00:16,3.2,58,-4.3,0.32,3.50
2025-01-28 01:16,3.6,57,-4.1,0.34,3.53
2025-01-28 02:16,3.4,57,-4.3,0.34,3.48
2025-01-28 03:16,2.7,60,-4.3,0.30,3.50
2025-01-28 04:16,1.4,65,-4.5,0.24,3.47
2025-01-28 05:16,0.9,67,-4.5,0.22,3.45
2025-01-28 06:16,0.8,67,-4.6,0.21,3.43
2025-01-28 07:16,0.2,70,-4.6,0.19,3.44
2025-01-28 08:16,2.5,71,-2.2,0.21,4.08
2025-01-28 09:16,7.1,55,-1.3,0.45,4.29
2025-01-28 10:16,12.3,40,-0.9,0.86,4.34
2025-01-28 11:16,16.0,31,-1.1,1.25,4.22
2025-01-28 12:16,27.2,17,0.0,2.99,4.42
2025-01-28 13:16,30.4,15,0.8,3.69,4.65
2025-01-28 14:16,30.9,13,-0.7,3.89,4.14
2025-01-28 15:16,20.5,20,-3.3,1.93,3.56
2025-01-28 16:16,14.5,38,0.3,1.02,4.73
2025-01-28 17:16,12.3,39,-1.3,0.87,4.23
2025-01-28 18:16,9.9,43,-2.1,0.70,4.01
2025-01-28 19:16,9.5,39,-3.8,0.72,3.55
2025-01-28 20:16,8.7,34,-6.3,0.74,2.94
2025-01-28 21:16,7.4,37,-6.4,0.65,2.94
2025-01-28 22:16,6.6,32,-9.0,0.66,2.42
2025-01-28 23:16,5.2,36,-8.7,0.57,2.48
2025-01-29 00:16,3.7,40,-8.7,0.48,2.49
2025-01-29 01:16,3.9,37,-9.5,0.51,2.34
2025-01-29 02:16,2.8,40,-9.5,0.45,2.35
2025-01-29 03:16,1.1,53,-7.4,0.31,2.77
2025-01-29 04:16,0.2,60,-6.7,0.25,2.95
2025-01-29 05:16,-0.3,62,-6.7,0.23,2.94
2025-01-29 06:16,-1.1,63,-7.3,0.21,2.83
2025-01-29 07:16,-1.8,66,-7.3,0.18,2.82
2025-01-29 08:16,0.7,62,-5.8,0.24,3.15
2025-01-29 09:16,6.0,45,-5.1,0.51,3.27
2025-01-29 10:16,11.7,31,-4.9,0.95,3.24
2025-01-29 11:16,16.2,23,-5.0,1.42,3.17
2025-01-29 12:16,28.4,12,-3.8,3.40,3.34
2025-01-29 13:16,28.6,9,-7.4,3.56,2.53
2025-01-29 14:16,26.1,8,-10.8,3.11,1.96
2025-01-29 15:16,25.1,9,-10.0,2.90,2.08
2025-01-29 16:16,12.7,18,-11.1,1.20,2.00
2025-01-29 17:16,9.6,24,-10.0,0.91,2.20
2025-01-29 18:16,7.7,32,-8.0,0.71,2.59
2025-01-29 19:16,6.4,35,-8.0,0.62,2.61
2025-01-29 20:16,5.1,39,-7.7,0.54,2.67
2025-01-29 21:16,3.1,46,-7.4,0.41,2.75
2025-01-29 22:16,2.5,51,-6.6,0.36,2.93
2025-01-29 23:16,2.0,51,-7.1,0.35,2.83
2025-01-30 00:16,0.7,53,-7.8,0.30,2.69
2025-01-30 01:16,0.1,57,-7.4,0.26,2.78
2025-01-30 02:16,-0.7,60,-7.5,0.23,2.77
2025-01-30 03:16,-1.3,61,-7.9,0.22,2.70
2025-01-30 04:16,-1.7,63,-7.8,0.20,2.71
2025-01-30 05:16,-2.4,66,-7.9,0.17,2.70
2025-01-30 06:16,-2.8,67,-8.1,0.16,2.67
2025-01-30 07:16,-2.8,67,-8.1,0.16,2.67
2025-01-30 08:16,0.0,67,-5.4,0.20,3.25
2025-01-30 09:16,5.9,53,-3.0,0.44,3.82
2025-01-30 10:16,11.4,33,-4.3,0.90,3.39
2025-01-30 11:16,14.8,25,-5.1,1.26,3.17
2025-01-30 12:16,25.7,13,-4.8,2.87,3.11
2025-01-30 13:16,29.1,10,-5.6,3.63,2.89
2025-01-30 14:16,30.4,9,-6.0,3.95,2.79
2025-01-30 15:16,27.6,9,-8.2,3.36,2.39
2025-01-30 16:16,13.2,15,-12.9,1.29,1.72
2025-01-30 17:16,10.1,18,-13.2,1.01,1.70
2025-01-30 18:16,8.3,18,-14.7,0.90,1.52
2025-01-30 19:16,7.3,20,-14.2,0.82,1.58
2025-01-30 20:16,6.1,23,-13.5,0.73,1.68
2025-01-30 21:16,5.1,26,-12.9,0.65,1.78
2025-01-30 22:16,3.9,39,-8.8,0.49,2.46
2025-01-30 23:16,2.7,46,-7.8,0.40,2.68
2025-01-31 00:16,1.6,51,-7.5,0.34,2.76
2025-01-31 01:16,0.9,52,-7.9,0.31,2.68
2025-01-31 02:16,0.5,54,-7.7,0.29,2.71
2025-01-31 03:16,0.3,55,-7.7,0.28,2.72
2025-01-31 04:16,0.1,57,-7.4,0.26,2.78
2025-01-31 05:16,-0.2,59,-7.3,0.25,2.82
2025-01-31 06:16,0.1,57,-7.4,0.26,2.78
2025-01-31 07:16,0.2,56,-7.6,0.27,2.75
2025-01-31 08:16,2.6,54,-5.8,0.34,3.13
2025-01-31 09:16,8.6,32,-7.2,0.76,2.75
2025-01-31 10:16,11.7,25,-7.7,1.03,2.61
2025-01-31 11:16,14.3,22,-7.2,1.27,2.70
2025-01-31 12:16,23.8,13,-6.3,2.56,2.80
2025-01-31 13:16,25.5,12,-6.0,2.87,2.84
2025-01-31 14:16,26.4,11,-6.5,3.06,2.74
2025-01-31 15:16,25.0,11,-7.5,2.82,2.53
2025-01-31 16:16,12.7,21,-9.1,1.16,2.34
2025-01-31 17:16,9.3,27,-8.8,0.86,2.43
2025-01-31 18:16,7.5,33,-7.8,0.69,2.64
2025-01-31 19:16,6.5,36,-7.5,0.62,2.70
2025-01-31 20:16,5.8,39,-7.1,0.56,2.79
2025-01-31 21:16,5.1,43,-6.5,0.50,2.94
2025-01-31 22:16,4.3,46,-6.3,0.45,2.98
2025-01-31 23:16,3.4,50,-6.1,0.39,3.05
2025-02-01 00:16,3.2,50,-6.2,0.38,3.01
2025-02-01 01:16,2.4,53,-6.2,0.34,3.03
2025-02-01 02:16,1.9,54,-6.4,0.32,2.98
2025-02-01 03:16,1.6,57,-6.0,0.29,3.08
2025-02-01 04:16,1.5,57,-6.1,0.29,3.06
2025-02-01 05:16,0.7,59,-6.4,0.26,3.00
2025-02-01 06:16,0.3,61,-6.4,0.24,3.02
2025-02-01 07:16,0.2,62,-6.2,0.24,3.05
2025-02-01 08:16,2.2,64,-3.9,0.26,3.60
2025-02-01 09:16,6.9,50,-2.8,0.50,3.85
2025-02-01 10:16,11.1,39,-2.4,0.81,3.93
2025-02-01 11:16,14.4,31,-2.5,1.13,3.83
2025-02-01 12:16,26.1,16,-1.7,2.84,3.92
2025-02-01 13:16,29.3,13,-2.0,3.55,3.80
2025-02-01 14:16,20.2,16,-6.5,1.99,2.80
2025-02-01 15:16,16.9,19,-6.9,1.56,2.73
2025-02-01 16:16,13.2,25,-6.4,1.14,2.87
2025-02-01 17:16,11.0,29,-6.4,0.93,2.90
2025-02-01 18:16,9.3,33,-6.2,0.78,2.97
2025-02-01 19:16,8.6,37,-5.3,0.70,3.18
2025-02-01 20:16,8.0,41,-4.5,0.63,3.39
2025-02-01 21:16,7.7,41,-4.7,0.62,3.32
2025-02-01 22:16,7.6,43,-4.2,0.59,3.46
2025-02-01 23:16,7.3,46,-3.6,0.55,3.63
2025-02-02 00:16,7.1,46,-3.8,0.54,3.59
2025-02-02 01:16,6.9,47,-3.7,0.53,3.62
2025-02-02 02:16,6.2,61,-0.8,0.37,4.49
2025-02-02 03:16,5.5,72,0.8,0.25,5.06
2025-02-02 04:16,5.1,74,0.8,0.23,5.06
2025-02-02 05:16,4.8,75,0.7,0.22,5.03
2025-02-02 06:16,4.7,78,1.2,0.19,5.20
2025-02-02 07:16,4.6,79,1.3,0.18,5.23
2025-02-02 08:16,4.7,80,1.5,0.17,5.33
2025-02-02 09:16,4.8,80,1.6,0.17,5.36
2025-02-02 10:16,5.0,80,1.8,0.17,5.44
2025-02-02 11:16,5.3,80,2.1,0.18,5.54
2025-02-02 12:16,5.9,80,2.7,0.19,5.77
2025-02-02 13:16,6.4,80,3.2,0.19,5.96
2025-02-02 14:16,6.9,77,3.1,0.23,5.93
2025-02-02 15:16,6.8,76,2.9,0.24,5.81
2025-02-02 16:16,6.3,76,2.4,0.23,5.63
2025-02-02 17:16,5.8,78,2.3,0.20,5.59
2025-02-02 18:16,5.2,80,2.0,0.18,5.51
2025-02-02 19:16,5.1,82,2.3,0.16,5.61
2025-02-02 20:16,4.9,83,2.3,0.15,5.60
2025-02-02 21:16,4.7,84,2.2,0.14,5.60
2025-02-02 22:16,4.7,84,2.2,0.14,5.60
2025-02-02 23:16,4.4,84,1.9,0.13,5.48
2025-02-03 00:16,4.2,86,2.1,0.12,5.54
2025-02-03 01:16,4.3,86,2.2,0.12,5.58
2025-02-03 02:16,4.4,85,2.1,0.13,5.55
2025-02-03 03:16,4.5,85,2.2,0.13,5.59
2025-02-03 04:16,4.5,86,2.4,0.12,5.65
2025-02-03 05:16,4.3,85,2.0,0.12,5.51
2025-02-03 06:16,4.1,83,1.5,0.14,5.31
2025-02-03 07:16,3.9,78,0.4,0.18,4.93
2025-02-03 08:16,4.6,81,1.6,0.16,5.36
2025-02-03 09:16,5.9,71,1.0,0.27,5.12
2025-02-03 10:16,7.2,63,0.6,0.38,4.95
2025-02-03 11:16,8.1,60,0.8,0.43,4.99
2025-02-03 12:16,10.5,53,1.3,0.60,5.14
2025-02-03 13:16,12.4,44,0.5,0.81,4.81
2025-02-03 14:16,16.9,35,1.3,1.25,5.03
2025-02-03 15:16,13.2,42,0.6,0.88,4.82
2025-02-03 16:16,10.5,49,0.2,0.65,4.75
2025-02-03 17:16,9.3,53,0.2,0.55,4.76
2025-02-03 18:16,8.4,57,0.4,0.47,4.84
2025-02-03 19:16,7.9,59,0.4,0.44,4.85
2025-02-03 20:16,7.3,62,0.5,0.39,4.90
2025-02-03 21:16,6.0,65,-0.1,0.33,4.72
2025-02-03 22:16,5.7,70,0.6,0.27,4.98
2025-02-03 23:16,5.9,71,1.0,0.27,5.12
2025-02-04 00:16,6.1,69,0.8,0.29,5.04
2025-02-04 01:16,6.3,67,0.6,0.32,4.96
2025-02-04 02:16,6.0,69,0.7,0.29,5.01
2025-02-04 03:16,5.8,70,0.7,0.28,5.01
2025-02-04 04:16,5.1,67,-0.5,0.29,4.58
2025-02-04 05:16,3.9,60,-3.2,0.32,3.79
2025-02-04 06:16,2.8,62,-3.8,0.28,3.64
2025-02-04 07:16,2.3,63,-4.0,0.27,3.57
2025-02-04 08:16,4.9,59,-2.5,0.36,3.98
2025-02-04 09:16,9.2,39,-4.1,0.71,3.48
2025-02-04 10:16,12.1,35,-2.9,0.92,3.75
2025-02-04 11:16,14.4,28,-3.9,1.18,3.46
2025-02-04 12:16,18.8,21,-4.0,1.71,3.38
2025-02-04 13:16,13.6,27,-5.1,1.14,3.18
2025-02-04 14:16,21.4,18,-3.9,2.09,3.37
2025-02-04 15:16,11.4,26,-7.5,1.00,2.67
2025-02-04 16:16,7.7,41,-4.7,0.62,3.32
2025-02-04 17:16,5.5,50,-4.1,0.45,3.51
2025-02-04 18:16,4.2,60,-2.9,0.33,3.87
2025-02-04 19:16,3.1,60,-3.9,0.31,3.59
2025-02-04 20:16,2.6,60,-4.4,0.29,3.47
2025-02-04 21:16,1.8,61,-4.9,0.27,3.34
2025-02-04 22:16,1.1,62,-5.4,0.25,3.24
2025-02-04 23:16,1.1,60,-5.8,0.26,3.14
2025-02-05 00:16,1.4,55,-6.7,0.30,2.93
2025-02-05 01:16,1.0,59,-6.1,0.27,3.06
2025-02-05 02:16,0.4,60,-6.5,0.25,2.99
2025-02-05 03:16,0.2,59,-6.9,0.25,2.90
2025-02-05 04:16,-0.1,59,-7.2,0.25,2.84
2025-02-05 05:16,-0.9,63,-7.1,0.21,2.87
2025-02-05 06:16,-1.9,67,-7.2,0.18,2.84
2025-02-05 07:16,-1.4,65,-7.1,0.19,2.86
2025-02-05 08:16,0.2,64,-5.8,0.22,3.14
2025-02-05 09:16,5.5,47,-4.9,0.48,3.30
2025-02-05 10:16,9.6,36,-4.8,0.77,3.30
2025-02-05 11:16,10.1,23,-10.1,0.95,2.17
2025-02-05 12:16,14.2,20,-8.5,1.30,2.44
2025-02-05 13:16,25.2,13,-5.2,2.79,3.03
2025-02-05 14:16,23.6,12,-7.5,2.56,2.55
2025-02-05 15:16,19.9,10,-12.7,2.09,1.72
2025-02-05 16:16,10.6,13,-16.8,1.11,1.27
2025-02-05 17:16,6.8,15,-18.1,0.84,1.15
2025-02-05 18:16,4.9,18,-17.5,0.71,1.22
2025-02-05 19:16,4.0,19,-17.6,0.66,1.21
2025-02-05 20:16,2.9,22,-16.8,0.59,1.30
2025-02-05 21:16,2.4,24,-16.2,0.55,1.37
2025-02-05 22:16,2.1,21,-18.0,0.56,1.17
2025-02-05 23:16,1.7,22,-17.8,0.54,1.20
2025-02-06 00:16,0.2,26,-17.1,0.46,1.28
2025-02-06 01:16,-0.8,29,-16.7,0.41,1.33
2025-02-06 02:16,-1.8,34,-15.6,0.35,1.45
2025-02-06 03:16,-2.3,37,-15.0,0.32,1.53
2025-02-06 04:16,-2.9,41,-14.3,0.29,1.62
2025-02-06 05:16,-3.6,46,-13.6,0.25,1.73
2025-02-06 06:16,-4.2,51,-12.8,0.22,1.84
2025-02-06 07:16,-4.2,52,-12.6,0.21,1.87
2025-02-06 08:16,-1.0,48,-10.6,0.30,2.17
2025-02-06 09:16,4.6,36,-9.2,0.54,2.38
2025-02-06 10:16,9.2,26,-9.3,0.86,2.32
2025-02-06 11:16,13.0,20,-9.5,1.20,2.27
2025-02-06 12:16,25.1,12,-6.3,2.80,2.78
2025-02-06 13:16,28.0,10,-6.5,3.40,2.72
2025-02-06 14:16,27.8,8,-9.5,3.44,2.15
2025-02-06 15:16,26.5,9,-9.0,3.15,2.25
2025-02-06 16:16,12.7,13,-15.1,1.28,1.45
2025-02-06 17:16,8.4,17,-15.3,0.91,1.44
2025-02-06 18:16,6.4,24,-12.7,0.73,1.79
2025-02-06 19:16,4.7,29,-11.9,0.61,1.93
2025-02-06 20:16,3.0,32,-12.1,0.52,1.90
2025-02-06 21:16,2.2,33,-12.4,0.48,1.86
2025-02-06 22:16,1.0,36,-12.4,0.42,1.87
2025-02-06 23:16,0.2,38,-12.5,0.38,1.87
2025-02-07 00:16,-0.7,44,-11.5,0.32,2.03
2025-02-07 01:16,-1.2,47,-11.1,0.30,2.10
2025-02-07 02:16,-1.3,47,-11.2,0.29,2.08
2025-02-07 03:16,-1.7,47,-11.6,0.29,2.02
2025-02-07 04:16,-2.6,52,-11.1,0.24,2.10
2025-02-07 05:16,-2.8,53,-11.1,0.23,2.11
2025-02-07 06:16,-3.1,54,-11.1,0.22,2.11
2025-02-07 07:16,-3.5,56,-11.0,0.21,2.12
2025-02-07 08:16,-0.3,51,-9.2,0.29,2.42
2025-02-07 09:16,5.6,36,-8.3,0.58,2.55
2025-02-07 10:16,10.4,27,-7.8,0.92,2.60
2025-02-07 11:16,12.9,22,-8.3,1.16,2.48
2025-02-07 12:16,21.4,14,-7.2,2.19,2.62
2025-02-07 13:16,24.1,11,-8.2,2.67,2.41
2025-02-07 14:16,22.9,10,-10.4,2.51,2.04
2025-02-07 15:16,15.6,13,-12.8,1.54,1.73
2025-02-07 16:16,11.4,16,-13.6,1.13,1.64
2025-02-07 17:16,7.9,23,-12.0,0.82,1.89
2025-02-07 18:16,5.2,27,-12.3,0.65,1.86
2025-02-07 19:16,3.4,33,-11.4,0.52,2.02
2025-02-07 20:16,2.2,35,-11.7,0.47,1.97
2025-02-07 21:16,0.9,39,-11.5,0.40,2.01
2025-02-07 22:16,0.8,40,-11.3,0.39,2.05
2025-02-07 23:16,0.6,42,-10.9,0.37,2.12
2025-02-08 00:16,0.0,42,-11.4,0.35,2.03
2025-02-08 01:16,-1.1,47,-11.0,0.30,2.11
2025-02-08 02:16,1.1,44,-9.8,0.37,2.30
2025-02-08 03:16,0.9,44,-10.0,0.37,2.27
2025-02-08 04:16,0.5,44,-10.4,0.35,2.21
2025-02-08 05:16,0.1,44,-10.7,0.34,2.15
2025-02-08 06:16,-0.6,51,-9.5,0.29,2.37
2025-02-08 07:16,-1.2,57,-8.6,0.24,2.54
2025-02-08 08:16,1.6,53,-7.0,0.32,2.87
2025-02-08 09:16,6.2,31,-9.7,0.65,2.28
2025-02-08 10:16,9.5,25,-9.6,0.89,2.28
2025-02-08 11:16,12.7,23,-7.9,1.13,2.56
2025-02-08 12:16,20.8,15,-6.8,2.09,2.72
2025-02-08 13:16,17.5,17,-7.9,1.66,2.53
2025-02-08 14:16,22.7,13,-7.2,2.40,2.63
2025-02-08 15:16,21.4,16,-5.5,2.14,3.00
2025-02-08 16:16,9.9,27,-8.3,0.89,2.52
2025-02-08 17:16,6.9,26,-11.3,0.74,2.00
2025-02-08 18:16,5.4,26,-12.6,0.66,1.81
2025-02-08 19:16,3.8,35,-10.3,0.52,2.20
2025-02-08 20:16,3.2,35,-10.8,0.50,2.11
2025-02-08 21:16,2.0,37,-11.2,0.44,2.06
2025-02-08 22:16,0.6,50,-8.6,0.32,2.52
2025-02-08 23:16,-0.1,57,-7.6,0.26,2.74
2025-02-09 00:16,-1.1,61,-7.7,0.22,2.74
2025-02-09 01:16,-0.7,54,-8.9,0.27,2.49
2025-02-09 02:16,-0.1,53,-8.5,0.28,2.55
2025-02-09 03:16,0.0,51,-8.9,0.30,2.47
2025-02-09 04:16,-0.3,49,-9.7,0.30,2.33
2025-02-09 05:16,-0.7,51,-9.6,0.28,2.35
2025-02-09 06:16,-0.6,50,-9.8,0.29,2.32
2025-02-09 07:16,-0.7,50,-9.9,0.29,2.31
2025-02-09 08:16,2.4,47,-7.8,0.38,2.68
2025-02-09 09:16,7.2,36,-6.9,0.65,2.83
2025-02-09 10:16,12.0,26,-6.9,1.04,2.77
2025-02-09 11:16,13.3,19,-9.9,1.24,2.20
2025-02-09 12:16,22.9,12,-8.1,2.46,2.45
2025-02-09 13:16,26.8,10,-7.4,3.17,2.55
2025-02-09 14:16,27.3,8,-9.9,3.34,2.09
2025-02-09 15:16,26.0,10,-8.0,3.03,2.43
2025-02-09 16:16,12.7,14,-14.2,1.26,1.56
2025-02-09 17:16,7.6,27,-10.2,0.76,2.18
2025-02-09 18:16,5.3,32,-10.1,0.61,2.22
2025-02-09 19:16,4.2,36,-9.6,0.53,2.32
2025-02-09 20:16,3.3,41,-8.7,0.46,2.49
2025-02-09 21:16,2.7,43,-8.7,0.42,2.51
2025-02-09 22:16,2.1,45,-8.6,0.39,2.52
2025-02-09 23:16,1.8,44,-9.2,0.39,2.41
2025-02-10 00:16,1.1,46,-9.3,0.36,2.40
2025-02-10 01:16,0.1,48,-9.6,0.32,2.34
2025-02-10 02:16,-0.2,50,-9.4,0.30,2.39
2025-02-10 03:16,-0.5,51,-9.4,0.29,2.39
2025-02-10 04:16,-0.8,53,-9.2,0.27,2.43
2025-02-10 05:16,-1.1,54,-9.2,0.26,2.42
2025-02-10 06:16,-1.2,55,-9.1,0.25,2.45
2025-02-10 07:16,-0.7,55,-8.6,0.26,2.54
2025-02-10 08:16,2.1,51,-7.0,0.35,2.85
2025-02-10 09:16,6.3,40,-6.3,0.57,2.96
2025-02-10 10:16,11.6,31,-5.0,0.94,3.22
2025-02-10 11:16,15.2,23,-5.8,1.33,2.99
2025-02-10 12:16,26.0,13,-4.6,2.92,3.16
2025-02-10 13:16,28.9,11,-4.5,3.54,3.14
2025-02-10 14:16,30.2,10,-4.8,3.86,3.07
2025-02-10 15:16,28.2,10,-6.3,3.44,2.75
2025-02-10 16:16,16.0,16,-9.9,1.53,2.18
2025-02-10 17:16,10.2,23,-10.1,0.96,2.19
2025-02-10 18:16,7.6,28,-9.8,0.75,2.26
2025-02-10 19:16,6.1,33,-9.0,0.63,2.41
2025-02-10 20:16,4.9,39,-7.9,0.53,2.63
2025-02-10 21:16,4.6,41,-7.5,0.50,2.71
2025-02-10 22:16,4.1,43,-7.4,0.47,2.75
2025-02-10 23:16,3.3,45,-7.5,0.43,2.73
2025-02-11 00:16,2.0,50,-7.4,0.35,2.78
2025-02-11 01:16,0.6,55,-7.4,0.29,2.78
2025-02-11 02:16,-0.1,58,-7.4,0.25,2.79
2025-02-11 03:16,-0.8,61,-7.4,0.22,2.80
2025-02-11 04:16,-1.6,64,-7.5,0.20,2.77
2025-02-11 05:16,-2.2,66,-7.7,0.18,2.74
2025-02-11 06:16,-1.3,65,-7.0,0.19,2.88
2025-02-11 07:16,-0.1,64,-6.1,0.22,3.08
2025-02-11 08:16,3.3,60,-3.7,0.31,3.64
2025-02-11 09:16,8.4,41,-4.1,0.65,3.48
2025-02-11 10:16,11.6,33,-4.2,0.92,3.43
2025-02-11 11:16,12.4,26,-6.6,1.07,2.84
2025-02-11 12:16,18.0,19,-6.0,1.67,2.92
2025-02-11 13:16,21.3,16,-5.6,2.13,2.98
2025-02-11 14:16,24.0,12,-7.2,2.63,2.61
2025-02-11 15:16,22.3,12,-8.5,2.37,2.37
2025-02-11 16:16,17.7,15,-9.3,1.72,2.26
2025-02-11 17:16,11.3,21,-10.3,1.06,2.14
2025-02-11 18:16,9.1,25,-9.9,0.87,2.22
2025-02-11 19:16,7.6,29,-9.3,0.74,2.34
2025-02-11 20:16,6.4,33,-8.7,0.64,2.46
2025-02-11 21:16,5.4,36,-8.5,0.57,2.51
2025-02-11 22:16,4.8,37,-8.7,0.54,2.48
2025-02-11 23:16,4.4,37,-9.0,0.53,2.42
2025-02-12 00:16,3.9,37,-9.5,0.51,2.34
2025-02-12 01:16,3.4,38,-9.6,0.48,2.32
2025-02-12 02:16,2.4,41,-9.5,0.43,2.34
2025-02-12 03:16,1.8,42,-9.8,0.40,2.30
2025-02-12 04:16,1.1,45,-9.5,0.36,2.35
2025-02-12 05:16,0.6,45,-10.0,0.35,2.27
2025-02-12 06:16,0.0,48,-9.7,0.32,2.33
2025-02-12 07:16,-0.4,51,-9.3,0.29,2.40
2025-02-12 08:16,2.0,49,-7.6,0.36,2.72
2025-02-12 09:16,6.3,40,-6.3,0.57,2.96
2025-02-12 10:16,12.3,31,-4.4,0.99,3.37
2025-02-12 11:16,18.6,21,-4.2,1.69,3.34
2025-02-12 12:16,27.6,15,-1.4,3.14,3.99
2025-02-12 13:16,24.7,16,-2.8,2.61,3.62
2025-02-12 14:16,34.7,12,1.1,4.87,4.67
2025-02-12 15:16,33.4,11,-1.1,4.58,4.00
2025-02-12 16:16,21.8,16,-5.2,2.19,3.07
2025-02-12 17:16,15.8,21,-6.5,1.42,2.83
2025-02-12 18:16,12.2,27,-6.3,1.04,2.91
2025-02-12 19:16,10.0,30,-6.8,0.86,2.82
2025-02-12 20:16,8.5,33,-6.9,0.74,2.82
2025-02-12 21:16,7.3,37,-6.5,0.64,2.92
2025-02-12 22:16,6.2,41,-6.1,0.56,3.02
2025-02-12 23:16,5.4,44,-5.9,0.50,3.07
2025-02-13 00:16,4.8,46,-5.9,0.46,3.08
2025-02-13 01:16,4.8,47,-5.6,0.46,3.15
2025-02-13 02:16,4.5,47,-5.9,0.45,3.09
2025-02-13 03:16,4.3,48,-5.8,0.43,3.11
2025-02-13 04:16,4.4,49,-5.4,0.43,3.20
2025-02-13 05:16,3.8,52,-5.2,0.38,3.26
2025-02-13 06:16,4.4,63,-2.0,0.31,4.11
2025-02-13 07:16,6.5,60,-0.7,0.39,4.50
2025-02-13 08:16,10.1,48,-0.4,0.64,4.54
2025-02-13 09:16,13.7,33,-2.3,1.05,3.91
2025-02-13 10:16,18.0,24,-2.9,1.57,3.69
2025-02-13 11:16,20.4,20,-3.3,1.92,3.54
2025-02-13 12:16,28.0,14,-2.0,3.25,3.81
2025-02-13 13:16,32.9,11,-1.5,4.45,3.90
2025-02-13 14:16,32.9,9,-4.2,4.55,3.19
2025-02-13 15:16,30.8,9,-5.7,4.04,2.85
2025-02-13 16:16,14.8,15,-11.6,1.43,1.90
2025-02-13 17:16,7.2,26,-11.1,0.75,2.04
2025-02-13 18:16,4.9,31,-10.8,0.60,2.09
2025-02-13 19:16,3.9,34,-10.6,0.53,2.15
2025-02-13 20:16,3.3,36,-10.4,0.50,2.18
2025-02-13 21:16,2.8,37,-10.5,0.47,2.17
2025-02-13 22:16,2.6,34,-11.7,0.49,1.97
2025-02-13 23:16,2.5,35,-11.4,0.48,2.01
2025-02-14 00:16,2.0,36,-11.5,0.45,2.00
2025-02-14 01:16,1.6,37,-11.6,0.43,2.00
2025-02-14 02:16,1.0,39,-11.4,0.40,2.02
2025-02-14 03:16,0.2,41,-11.5,0.37,2.01
2025-02-14 04:16,-0.7,47,-10.6,0.31,2.17
2025-02-14 05:16,-1.3,50,-10.4,0.28,2.21
2025-02-14 06:16,-1.8,52,-10.4,0.26,2.22
2025-02-14 07:16,-1.9,56,-9.5,0.23,2.38
2025-02-14 08:16,1.6,51,-7.5,0.34,2.76
2025-02-14 09:16,8.2,38,-5.3,0.67,3.18
2025-02-14 10:16,13.4,24,-6.8,1.17,2.79
2025-02-14 11:16,16.7,19,-7.1,1.54,2.70
2025-02-14 12:16,26.8,11,-6.2,3.14,2.80
2025-02-14 13:16,31.6,9,-5.1,4.23,2.97
2025-02-14 14:16,33.5,9,-3.7,4.71,3.29
2025-02-14 15:16,31.8,9,-5.0,4.28,3.01
2025-02-14 16:16,18.9,13,-10.2,1.90,2.11
2025-02-14 17:16,12.6,21,-9.2,1.15,2.32
2025-02-14 18:16,9.9,27,-8.3,0.89,2.52
2025-02-14 19:16,8.5,31,-7.7,0.77,2.65
2025-02-14 20:16,7.5,36,-6.6,0.66,2.88
2025-02-14 21:16,6.6,42,-5.4,0.57,3.17
2025-02-14 22:16,6.0,44,-5.4,0.52,3.19
2025-02-14 23:16,5.5,46,-5.2,0.49,3.23
2025-02-15 00:16,5.1,46,-5.6,0.47,3.15
2025-02-15 01:16,4.6,46,-6.0,0.46,3.04
2025-02-15 02:16,4.2,47,-6.1,0.44,3.03
2025-02-15 03:16,3.7,48,-6.3,0.41,2.99
2025-02-15 04:16,3.2,50,-6.2,0.38,3.01
2025-02-15 05:16,2.6,52,-6.3,0.35,3.01
2025-02-15 06:16,2.7,49,-7.0,0.38,2.85
2025-02-15 07:16,2.5,49,-7.2,0.37,2.82
2025-02-15 08:16,6.1,45,-5.0,0.52,3.29
2025-02-15 09:16,11.3,32,-4.8,0.91,3.26
2025-02-15 10:16,14.8,26,-4.5,1.25,3.29
2025-02-15 11:16,18.4,22,-3.7,1.65,3.46
2025-02-15 12:16,28.9,11,-4.5,3.54,3.14
2025-02-15 13:16,32.4,10,-3.1,4.38,3.45
2025-02-15 14:16,32.7,11,-1.6,4.40,3.85
2025-02-15 15:16,29.9,12,-2.6,3.71,3.62
2025-02-15 16:16,19.9,19,-4.4,1.88,3.26
2025-02-15 17:16,14.5,31,-2.5,1.14,3.86
2025-02-15 18:16,12.3,40,-0.9,0.86,4.34
2025-02-15 19:16,11.5,47,0.6,0.72,4.85
2025-02-15 20:16,10.8,51,1.1,0.63,5.04
2025-02-15 21:16,9.0,57,0.9,0.49,5.03
2025-02-15 22:16,8.1,56,-0.2,0.48,4.66
2025-02-15 23:16,7.8,55,-0.7,0.48,4.49
2025-02-16 00:16,7.8,50,-2.0,0.53,4.08
2025-02-16 01:16,7.7,49,-2.4,0.54,3.97
2025-02-16 02:16,7.7,51,-1.8,0.51,4.14
2025-02-16 03:16,7.5,51,-2.0,0.51,4.08
2025-02-16 04:16,7.5,53,-1.5,0.49,4.24
2025-02-16 05:16,7.1,58,-0.6,0.42,4.52
2025-02-16 06:16,6.8,57,-1.1,0.42,4.36
2025-02-16 07:16,6.6,59,-0.9,0.40,4.45
2025-02-16 08:16,7.4,61,0.4,0.40,4.85
2025-02-16 09:16,12.4,47,1.4,0.76,5.14
2025-02-16 10:16,17.4,32,0.5,1.35,4.74
2025-02-16 11:16,21.0,26,0.7,1.84,4.76
2025-02-16 12:16,30.1,18,3.2,3.50,5.49
2025-02-16 13:16,32.6,14,1.6,4.23,4.88
2025-02-16 14:16,27.7,15,-1.3,3.16,4.01
2025-02-16 15:16,21.6,20,-2.3,2.06,3.79
2025-02-16 16:16,18.2,25,-2.2,1.57,3.89
2025-02-16 17:16,16.2,28,-2.4,1.33,3.86
2025-02-16 18:16,13.9,33,-2.1,1.06,3.96
2025-02-16 19:16,12.0,37,-2.3,0.88,3.94
2025-02-16 20:16,10.5,48,-0.1,0.66,4.66
2025-02-16 21:16,8.8,58,1.0,0.48,5.05
2025-02-16 22:16,8.6,62,1.7,0.42,5.33
2025-02-16 23:16,9.4,61,2.3,0.46,5.52
2025-02-17 00:16,9.3,62,2.4,0.45,5.57
2025-02-17 01:16,9.4,62,2.5,0.45,5.61
2025-02-17 02:16,9.0,62,2.1,0.44,5.47
2025-02-17 03:16,7.4,64,1.0,0.37,5.09
2025-02-17 04:16,6.6,66,0.7,0.33,4.98
2025-02-17 05:16,6.3,69,1.0,0.30,5.11
2025-02-17 06:16,5.0,73,0.6,0.24,4.96
2025-02-17 07:16,4.8,74,0.6,0.22,4.96
2025-02-17 08:16,8.1,63,1.5,0.40,5.24
2025-02-17 09:16,13.0,41,0.0,0.88,4.65
2025-02-17 10:16,16.9,28,-1.8,1.39,4.03
2025-02-17 11:16,19.3,26,-0.7,1.66,4.31
2025-02-17 12:16,18.8,27,-0.6,1.58,4.35
2025-02-17 13:16,23.0,23,0.7,2.16,4.73
2025-02-17 14:16,23.4,13,-6.6,2.50,2.73
2025-02-17 15:16,20.4,24,-0.9,1.82,4.25
2025-02-17 16:16,15.5,23,-5.6,1.36,3.04
2025-02-17 17:16,9.8,26,-8.8,0.90,2.41
2025-02-17 18:16,7.1,36,-7.0,0.65,2.81
2025-02-17 19:16,5.7,41,-6.6,0.54,2.92
2025-02-17 20:16,4.5,43,-7.0,0.48,2.83
2025-02-17 21:16,3.7,42,-8.0,0.46,2.62
2025-02-17 22:16,3.1,42,-8.6,0.44,2.51
2025-02-17 23:16,2.6,40,-9.7,0.44,2.31
2025-02-18 00:16,2.5,38,-10.4,0.45,2.18
2025-02-18 01:16,2.2,39,-10.4,0.44,2.20
2025-02-18 02:16,1.5,41,-10.4,0.40,2.20
2025-02-18 03:16,1.2,37,-11.9,0.42,1.95
2025-02-18 04:16,0.2,40,-11.8,0.37,1.96
2025-02-18 05:16,-0.6,43,-11.7,0.33,2.00
2025-02-18 06:16,-1.1,43,-12.1,0.32,1.93
2025-02-18 07:16,-0.1,39,-12.4,0.37,1.88
2025-02-18 08:16,3.5,32,-11.7,0.53,1.97
2025-02-18 09:16,6.8,25,-11.9,0.74,1.91
2025-02-18 10:16,8.6,21,-12.5,0.88,1.80
2025-02-18 11:16,11.3,18,-12.2,1.10,1.84
2025-02-18 12:16,20.9,16,-5.9,2.08,2.91
2025-02-18 13:16,25.2,11,-7.4,2.85,2.56
2025-02-18 14:16,26.3,9,-9.1,3.11,2.23
2025-02-18 15:16,22.1,10,-11.0,2.39,1.95
2025-02-18 16:16,10.4,16,-14.4,1.06,1.54
2025-02-18 17:16,7.7,20,-13.9,0.84,1.62
2025-02-18 18:16,6.1,24,-13.0,0.72,1.75
2025-02-18 19:16,4.8,28,-12.2,0.62,1.88
2025-02-18 20:16,4.3,30,-11.8,0.58,1.95
2025-02-18 21:16,3.8,33,-11.0,0.54,2.07
2025-02-18 22:16,2.5,36,-11.1,0.47,2.07
2025-02-18 23:16,1.9,38,-10.9,0.43,2.10
2025-02-19 00:16,0.9,43,-10.3,0.37,2.22
2025-02-19 01:16,0.1,46,-10.2,0.33,2.24
2025-02-19 02:16,0.3,44,-10.5,0.35,2.18
2025-02-19 03:16,-0.1,45,-10.6,0.33,2.17
2025-02-19 04:16,-0.6,49,-10.0,0.30,2.28
2025-02-19 05:16,-0.9,55,-8.8,0.26,2.50
2025-02-19 06:16,-1.1,55,-9.0,0.25,2.47
2025-02-19 07:16,-1.2,55,-9.1,0.25,2.45
2025-02-19 08:16,2.5,39,-10.1,0.45,2.24
2025-02-19 09:16,6.3,25,-12.3,0.72,1.85
2025-02-19 10:16,8.6,21,-12.5,0.88,1.80
2025-02-19 11:16,11.2,18,-12.3,1.09,1.82
2025-02-19 12:16,19.0,18,-5.9,1.80,2.93
2025-02-19 13:16,21.9,12,-8.8,2.31,2.32
2025-02-19 14:16,24.9,10,-8.8,2.83,2.29
2025-02-19 15:16,23.5,8,-12.7,2.66,1.69
2025-02-19 16:16,13.7,12,-15.3,1.38,1.42
2025-02-19 17:16,6.5,20,-14.9,0.77,1.50
2025-02-19 18:16,4.0,29,-12.5,0.58,1.84
2025-02-19 19:16,2.8,34,-11.5,0.49,1.99
2025-02-19 20:16,1.8,39,-10.7,0.42,2.14
2025-02-19 21:16,0.8,43,-10.4,0.37,2.20
2025-02-19 22:16,0.0,44,-10.8,0.34,2.13
2025-02-19 23:16,-0.8,47,-10.7,0.31,2.15
2025-02-20 00:16,-1.5,50,-10.6,0.27,2.18
2025-02-20 01:16,-2.1,50,-11.1,0.26,2.09
2025-02-20 02:16,-2.7,51,-11.5,0.25,2.05
2025-02-20 03:16,-2.3,49,-11.6,0.26,2.02
2025-02-20 04:16,-2.1,49,-11.4,0.27,2.05
2025-02-20 05:16,-3.2,53,-11.4,0.23,2.05
2025-02-20 06:16,-3.9,56,-11.4,0.20,2.06
2025-02-20 07:16,-3.1,56,-10.7,0.21,2.18
2025-02-20 08:16,1.2,48,-8.6,0.35,2.53
2025-02-20 09:16,6.5,31,-9.4,0.67,2.32
2025-02-20 10:16,10.4,21,-11.0,1.00,2.02
2025-02-20 11:16,13.1,18,-10.7,1.24,2.05
2025-02-20 12:16,18.9,14,-9.2,1.88,2.27
2025-02-20 13:16,24.5,10,-9.2,2.77,2.24
2025-02-20 14:16,27.8,8,-9.5,3.44,2.15
2025-02-20 15:16,26.3,8,-10.6,3.15,1.98
2025-02-20 16:16,14.6,11,-15.6,1.48,1.38
2025-02-20 17:16,8.4,18,-14.6,0.90,1.53
2025-02-20 18:16,6.4,23,-13.3,0.74,1.71
2025-02-20 19:16,5.3,27,-12.2,0.65,1.87
2025-02-20 20:16,4.0,30,-12.0,0.57,1.91
2025-02-20 21:16,3.0,35,-11.0,0.49,2.08
2025-02-20 22:16,2.4,37,-10.8,0.46,2.11
2025-02-20 23:16,1.8,39,-10.7,0.42,2.14
2025-02-21 00:16,1.6,38,-11.2,0.43,2.05
2025-02-21 01:16,0.8,36,-12.6,0.41,1.84
2025-02-21 02:16,0.3,39,-12.1,0.38,1.93
2025-02-21 03:16,-0.4,42,-11.8,0.34,1.98
2025-02-21 04:16,-0.8,44,-11.6,0.32,2.02
2025-02-21 05:16,-1.4,46,-11.5,0.30,2.02
2025-02-21 06:16,-1.7,46,-11.8,0.29,1.98
2025-02-21 07:16,-1.3,46,-11.5,0.30,2.04
2025-02-21 08:16,2.3,41,-9.6,0.43,2.33
2025-02-21 09:16,7.2,30,-9.3,0.71,2.35
2025-02-21 10:16,11.0,23,-9.4,1.01,2.30
2025-02-21 11:16,14.0,20,-8.7,1.28,2.41
2025-02-21 12:16,19.9,15,-7.5,1.98,2.58
2025-02-21 13:16,27.2,10,-7.1,3.25,2.60
2025-02-21 14:16,29.4,9,-6.8,3.73,2.64
2025-02-21 15:16,21.2,10,-11.7,2.27,1.85
2025-02-21 16:16,14.2,13,-13.9,1.41,1.59
2025-02-21 17:16,9.7,17,-14.2,1.00,1.57
2025-02-21 18:16,7.8,20,-13.8,0.85,1.63
2025-02-21 19:16,6.1,23,-13.5,0.73,1.68
2025-02-21 20:16,4.9,27,-12.6,0.63,1.82
2025-02-21 21:16,3.9,32,-11.3,0.55,2.02
2025-02-21 22:16,4.0,33,-10.9,0.54,2.10
2025-02-21 23:16,3.5,34,-10.9,0.52,2.09
2025-02-22 00:16,2.5,35,-11.4,0.48,2.01
2025-02-22 01:16,1.7,37,-11.5,0.44,2.01
2025-02-22 02:16,1.2,39,-11.3,0.41,2.05
2025-02-22 03:16,0.8,39,-11.6,0.39,2.00
2025-02-22 04:16,0.3,41,-11.4,0.37,2.03
2025-02-22 05:16,-0.1,45,-10.6,0.33,2.17
2025-02-22 06:16,-0.7,47,-10.6,0.31,2.17
2025-02-22 07:16,-0.6,46,-10.8,0.32,2.14
2025-02-22 08:16,2.8,42,-8.9,0.43,2.46
2025-02-22 09:16,6.0,32,-9.5,0.64,2.32
2025-02-22 10:16,9.8,26,-8.8,0.90,2.41
2025-02-22 11:16,12.1,23,-8.4,1.09,2.47
2025-02-22 12:16,13.6,20,-9.0,1.25,2.35
2025-02-22 13:16,9.8,22,-11.0,0.95,2.04
2025-02-22 14:16,8.3,25,-10.6,0.82,2.11
2025-02-22 15:16,9.6,22,-11.1,0.93,2.02
2025-02-22 16:16,9.3,22,-11.4,0.91,1.98
2025-02-22 17:16,5.4,28,-11.7,0.65,1.95
2025-02-22 18:16,3.6,33,-11.2,0.53,2.04
2025-02-22 19:16,2.8,35,-11.2,0.49,2.05
2025-02-22 20:16,1.9,39,-10.6,0.43,2.15
2025-02-22 21:16,0.9,43,-10.3,0.37,2.22
2025-02-22 22:16,-0.2,48,-9.9,0.31,2.29
2025-02-22 23:16,-0.9,52,-9.5,0.27,2.37
2025-02-23 00:16,-1.4,51,-10.2,0.27,2.24
2025-02-23 01:16,-2.6,56,-10.2,0.22,2.26
2025-02-23 02:16,-2.9,58,-10.0,0.21,2.29
2025-02-23 03:16,-3.4,59,-10.3,0.19,2.25
2025-02-23 04:16,-3.6,56,-11.1,0.21,2.11
2025-02-23 05:16,-4.0,57,-11.3,0.20,2.08
2025-02-23 06:16,-4.4,57,-11.7,0.19,2.03
2025-02-23 07:16,-4.0,57,-11.3,0.20,2.08
2025-02-23 08:16,0.3,54,-7.9,0.29,2.67
2025-02-23 09:16,6.5,36,-7.5,0.62,2.70
2025-02-23 10:16,10.8,24,-9.0,0.98,2.37
2025-02-23 11:16,13.7,18,-10.2,1.29,2.13
2025-02-23 12:16,15.8,14,-11.7,1.54,1.88
2025-02-23 13:16,25.9,10,-8.1,3.01,2.42
2025-02-23 14:16,26.1,9,-9.3,3.08,2.20
2025-02-23 15:16,14.0,13,-14.1,1.39,1.57
2025-02-23 16:16,11.0,16,-13.9,1.10,1.60
2025-02-23 17:16,8.7,18,-14.4,0.92,1.56
2025-02-23 18:16,7.2,21,-13.7,0.80,1.65
2025-02-23 19:16,5.7,23,-13.9,0.71,1.64
2025-02-23 20:16,4.1,25,-14.2,0.61,1.60
2025-02-23 21:16,3.2,28,-13.6,0.55,1.69
2025-02-23 22:16,2.6,32,-12.5,0.50,1.85
2025-02-23 23:16,1.6,37,-11.6,0.43,2.00
2025-02-24 00:16,0.3,43,-10.8,0.36,2.13
2025-02-24 01:16,0.0,42,-11.4,0.35,2.03
2025-02-24 02:16,-1.1,47,-11.0,0.30,2.11
2025-02-24 03:16,-2.1,52,-10.7,0.25,2.18
2025-02-24 04:16,-2.7,54,-10.7,0.23,2.17
2025-02-24 05:16,-2.9,55,-10.7,0.22,2.18
2025-02-24 06:16,-2.5,54,-10.5,0.23,2.20
2025-02-24 07:16,-1.9,55,-9.8,0.24,2.33
2025-02-24 08:16,2.3,45,-8.4,0.40,2.55
2025-02-24 09:16,7.1,33,-8.1,0.68,2.57
2025-02-24 10:16,10.8,25,-8.5,0.97,2.47
2025-02-24 11:16,13.0,22,-8.3,1.17,2.49
2025-02-24 12:16,15.8,19,-7.8,1.45,2.56
2025-02-24 13:16,17.6,15,-9.4,1.71,2.25
2025-02-24 14:16,26.3,11,-6.5,3.05,2.72
2025-02-24 15:16,26.0,10,-8.0,3.03,2.43
2025-02-24 16:16,22.1,10,-11.0,2.39,1.95
2025-02-24 17:16,9.1,21,-12.1,0.91,1.86
2025-02-24 18:16,6.4,27,-11.3,0.70,2.01
2025-02-24 19:16,4.8,33,-10.1,0.58,2.21
2025-02-24 20:16,3.8,38,-9.2,0.50,2.38
2025-02-24 21:16,3.3,41,-8.7,0.46,2.49
2025-02-24 22:16,2.6,45,-8.2,0.41,2.60
2025-02-24 23:16,2.1,48,-7.8,0.37,2.69
2025-02-25 00:16,1.6,45,-9.1,0.38,2.43
2025-02-25 01:16,1.1,44,-9.8,0.37,2.30
2025-02-25 02:16,0.5,45,-10.1,0.35,2.26
2025-02-25 03:16,0.0,45,-10.5,0.34,2.18
2025-02-25 04:16,0.1,43,-11.0,0.35,2.10
2025-02-25 05:16,-0.2,44,-11.0,0.34,2.10
2025-02-25 06:16,-1.0,50,-10.1,0.28,2.26
2025-02-25 07:16,0.3,44,-10.5,0.35,2.18
2025-02-25 08:16,5.7,35,-8.6,0.60,2.49
2025-02-25 09:16,9.7,29,-7.5,0.85,2.67
2025-02-25 10:16,13.6,24,-6.6,1.18,2.82
2025-02-25 11:16,16.5,21,-5.9,1.48,2.95
2025-02-25 12:16,18.8,17,-6.8,1.80,2.74
2025-02-25 13:16,28.7,10,-6.0,3.54,2.83
2025-02-25 14:16,32.4,7,-7.8,4.52,2.41
2025-02-25 15:16,30.2,9,-6.2,3.91,2.76
2025-02-25 16:16,25.8,14,-3.7,2.86,3.37
2025-02-25 17:16,14.1,29,-3.7,1.14,3.52
2025-02-25 18:16,10.8,38,-3.0,0.80,3.76
2025-02-25 19:16,8.5,43,-3.4,0.63,3.67
2025-02-25 20:16,6.9,47,-3.7,0.53,3.62
2025-02-25 21:16,5.5,51,-3.9,0.44,3.58
2025-02-25 22:16,5.3,55,-3.0,0.40,3.81
2025-02-25 23:16,5.5,54,-3.1,0.42,3.79
2025-02-26 00:16,4.8,56,-3.2,0.38,3.76
2025-02-26 01:16,4.3,58,-3.2,0.35,3.76
2025-02-26 02:16,3.2,61,-3.6,0.30,3.68
2025-02-26 03:16,1.9,65,-4.0,0.25,3.59
2025-02-26 04:16,0.9,68,-4.3,0.21,3.51
2025-02-26 05:16,0.4,69,-4.6,0.19,3.44
2025-02-26 06:16,0.0,69,-5.0,0.19,3.34
2025-02-26 07:16,0.2,69,-4.8,0.19,3.39
2025-02-26 08:16,4.1,66,-1.7,0.28,4.22
2025-02-26 09:16,9.7,49,-0.5,0.61,4.52
2025-02-26 10:16,13.9,35,-1.3,1.03,4.20
2025-02-26 11:16,19.0,24,-2.1,1.67,3.91
2025-02-26 12:16,22.1,17,-4.1,2.21,3.32
2025-02-26 13:16,30.2,12,-2.4,3.78,3.68
2025-02-26 14:16,34.4,8,-4.6,5.00,3.07
2025-02-26 15:16,32.6,8,-6.0,4.52,2.79
2025-02-26 16:16,25.5,13,-5.0,2.84,3.08
2025-02-26 17:16,14.6,22,-6.9,1.30,2.75
2025-02-26 18:16,11.4,27,-7.0,0.98,2.77
2025-02-26 19:16,9.6,31,-6.7,0.82,2.84
2025-02-26 20:16,8.2,35,-6.4,0.71,2.93
2025-02-26 21:16,7.4,37,-6.4,0.65,2.94
2025-02-26 22:16,7.1,37,-6.6,0.64,2.89
2025-02-26 23:16,6.3,40,-6.3,0.57,2.96
2025-02-27 00:16,5.5,41,-6.7,0.53,2.88
2025-02-27 01:16,5.5,38,-7.7,0.56,2.67
2025-02-27 02:16,4.9,39,-7.9,0.53,2.63
2025-02-27 03:16,4.5,38,-8.6,0.52,2.50
2025-02-27 04:16,3.7,40,-8.7,0.48,2.49
2025-02-27 05:16,2.9,42,-8.8,0.44,2.48
2025-02-27 06:16,2.8,43,-8.6,0.43,2.52
2025-02-27 07:16,3.8,40,-8.6,0.48,2.51
2025-02-27 08:16,7.4,36,-6.7,0.66,2.86
2025-02-27 09:16,12.5,28,-5.5,1.04,3.08
2025-02-27 10:16,16.4,22,-5.4,1.45,3.07
2025-02-27 11:16,19.7,20,-3.9,1.84,3.40
2025-02-27 12:16,21.9,18,-3.5,2.15,3.47
2025-02-27 13:16,29.9,13,-1.5,3.67,3.92
2025-02-27 14:16,34.3,10,-1.7,4.87,3.81
2025-02-27 15:16,33.7,8,-5.1,4.81,2.95
2025-02-27 16:16,28.7,9,-7.3,3.58,2.54
2025-02-27 17:16,17.6,17,-7.8,1.67,2.55
2025-02-27 18:16,14.3,27,-4.5,1.19,3.32
2025-02-27 19:16,12.7,32,-3.6,1.00,3.56
2025-02-27 20:16,11.2,40,-1.9,0.80,4.05
2025-02-27 21:16,9.3,47,-1.5,0.62,4.22
2025-02-27 22:16,7.6,46,-3.3,0.56,3.71
2025-02-27 23:16,6.5,48,-3.7,0.50,3.60
2025-02-28 00:16,5.8,47,-4.7,0.49,3.37
2025-02-28 01:16,4.7,51,-4.6,0.42,3.40
2025-02-28 02:16,3.9,54,-4.6,0.37,3.41
2025-02-28 03:16,3.4,55,-4.8,0.35,3.36
2025-02-28 04:16,2.9,56,-5.0,0.33,3.31
2025-02-28 05:16,2.1,59,-5.1,0.29,3.30
2025-02-28 06:16,1.7,60,-5.2,0.28,3.27
2025-02-28 07:16,2.8,60,-4.2,0.30,3.52
2025-02-28 08:16,5.9,53,-3.0,0.44,3.82
2025-02-28 09:16,10.0,42,-2.3,0.71,3.95
2025-02-28 10:16,14.9,34,-0.8,1.12,4.33
2025-02-28 11:16,18.7,29,0.3,1.53,4.64
2025-02-28 12:16,21.8,27,2.0,1.91,5.18
2025-02-28 13:16,29.0,19,3.0,3.24,5.46
2025-02-28 14:16,33.9,14,2.7,4.55,5.23
2025-02-28 15:16,32.6,13,0.6,4.28,4.53
2025-02-28 16:16,23.9,19,-1.1,2.40,4.11
2025-02-28 17:16,18.2,26,-1.6,1.55,4.04
2025-02-28 18:16,15.9,31,-1.2,1.25,4.20
2025-02-28 19:16,13.8,36,-1.0,1.01,4.29
2025-02-28 20:16,11.7,42,-0.8,0.80,4.39
2025-02-28 21:16,10.1,47,-0.7,0.66,4.44
2025-02-28 22:16,9.0,51,-0.6,0.56,4.50
2025-02-28 23:16,7.8,53,-1.2,0.50,4.33
2025-03-01 00:16,6.8,56,-1.4,0.43,4.28
2025-03-01 01:16,5.7,60,-1.5,0.37,4.27
2025-03-01 02:16,4.8,63,-1.7,0.32,4.22
2025-03-01 03:16,4.1,65,-1.9,0.29,4.16
2025-03-01 04:16,3.3,68,-2.0,0.25,4.13
2025-03-01 05:16,2.8,69,-2.3,0.23,4.05
2025-03-01 06:16,2.8,70,-2.1,0.22,4.11
2025-03-01 07:16,3.0,71,-1.7,0.22,4.22
2025-03-01 08:16,6.8,62,0.0,0.38,4.74
2025-03-01 09:16,11.9,48,1.2,0.72,5.08
2025-03-01 10:16,16.4,37,1.7,1.18,5.16
2025-03-01 11:16,21.1,28,1.9,1.80,5.16
2025-03-01 12:16,23.7,23,1.3,2.26,4.92
2025-03-01 13:16,29.6,18,2.8,3.40,5.34
2025-03-01 14:16,34.3,15,3.9,4.60,5.72
2025-03-01 15:16,31.4,16,2.5,3.86,5.23
2025-03-01 16:16,26.4,18,0.2,2.82,4.48
2025-03-01 17:16,19.6,30,1.5,1.60,5.06
2025-03-01 18:16,16.7,42,3.7,1.10,5.97
2025-03-01 19:16,15.4,54,6.1,0.80,7.09
2025-03-01 20:16,14.0,61,6.6,0.62,7.36
2025-03-01 21:16,12.2,67,6.2,0.47,7.23
2025-03-01 22:16,11.7,60,4.2,0.55,6.28
2025-03-01 23:16,10.8,63,4.0,0.48,6.23
2025-03-02 00:16,10.0,62,3.0,0.47,5.83
2025-03-02 01:16,9.0,62,2.1,0.44,5.47
2025-03-02 02:16,8.0,62,1.2,0.41,5.13
2025-03-02 03:16,7.7,63,1.1,0.39,5.11
2025-03-02 04:16,7.1,66,1.2,0.34,5.15
2025-03-02 05:16,5.9,71,1.0,0.27,5.12
2025-03-02 06:16,5.1,75,1.0,0.22,5.13
2025-03-02 07:16,5.9,75,1.8,0.23,5.41
2025-03-02 08:16,10.0,67,4.1,0.41,6.30
2025-03-02 09:16,12.9,55,4.1,0.67,6.20
2025-03-02 10:16,16.4,45,4.4,1.03,6.28
2025-03-02 11:16,18.2,37,3.3,1.32,5.75
2025-03-02 12:16,19.4,34,3.1,1.49,5.67
2025-03-02 13:16,26.4,25,4.8,2.58,6.22
2025-03-02 14:16,37.0,15,6.1,5.33,6.57
2025-03-02 15:16,30.2,15,0.7,3.65,4.60
2025-03-02 16:16,26.9,18,0.6,2.91,4.61
2025-03-02 17:16,22.0,21,-1.4,2.09,4.08
2025-03-02 18:16,18.6,28,-0.3,1.54,4.46
2025-03-02 19:16,17.9,31,0.5,1.42,4.73
2025-03-02 20:16,16.7,38,2.3,1.18,5.40
2025-03-02 21:16,15.7,48,4.7,0.93,6.42
2025-03-02 22:16,15.3,53,5.8,0.82,6.92
2025-03-02 23:16,14.7,56,6.0,0.74,7.05
2025-03-03 00:16,13.8,58,5.7,0.66,6.91
2025-03-03 01:16,13.6,60,6.0,0.62,7.06
2025-03-03 02:16,13.5,59,5.6,0.63,6.90
2025-03-03 03:16,12.6,64,6.0,0.53,7.08
2025-03-03 04:16,11.9,70,6.6,0.42,7.41
2025-03-03 05:16,11.3,74,6.8,0.35,7.55
2025-03-03 06:16,10.7,79,7.2,0.27,7.76
2025-03-03 07:16,10.5,81,7.4,0.24,7.86
2025-03-03 08:16,9.9,80,6.6,0.24,7.47
2025-03-03 09:16,9.1,80,5.8,0.23,7.10
2025-03-03 10:16,8.5,80,5.2,0.22,6.83
2025-03-03 11:16,7.4,80,4.2,0.21,6.36
2025-03-03 12:16,6.7,79,3.3,0.21,6.00
2025-03-03 13:16,5.4,78,1.9,0.20,5.44
2025-03-03 14:16,3.2,77,-0.4,0.18,4.64
2025-03-03 15:16,3.3,79,0.0,0.16,4.79
2025-03-03 16:16,3.4,80,0.3,0.16,4.89
2025-03-03 17:16,3.7,81,0.7,0.15,5.05
2025-03-03 18:16,3.6,82,0.8,0.14,5.08
2025-03-03 19:16,3.6,82,0.8,0.14,5.08
2025-03-03 20:16,3.5,82,0.7,0.14,5.04
2025-03-03 21:16,2.7,84,0.3,0.12,4.89
2025-03-03 22:16,2.5,85,0.2,0.11,4.89
2025-03-03 23:16,1.8,83,-0.8,0.12,4.55
2025-03-04 00:16,1.2,81,-1.7,0.13,4.26
2025-03-04 01:16,0.4,83,-2.2,0.11,4.13
2025-03-04 02:16,0.2,84,-2.2,0.10,4.13
2025-03-04 03:16,0.2,86,-1.9,0.09,4.22
2025-03-04 04:16,0.5,86,-1.6,0.09,4.31
2025-03-04 05:16,0.7,85,-1.5,0.10,4.32
2025-03-04 06:16,0.8,84,-1.6,0.10,4.30
2025-03-04 07:16,1.2,79,-2.0,0.14,4.16
2025-03-04 08:16,2.0,75,-2.0,0.18,4.17
2025-03-04 09:16,3.8,71,-1.0,0.23,4.45
2025-03-04 10:16,6.4,62,-0.4,0.37,4.62
2025-03-04 11:16,7.0,54,-1.7,0.46,4.18
2025-03-04 12:16,6.4,47,-4.1,0.51,3.50
2025-03-04 13:16,5.9,44,-5.4,0.52,3.17
2025-03-04 14:16,6.0,45,-5.1,0.51,3.27
2025-03-04 15:16,5.2,57,-2.6,0.38,3.92
2025-03-04 16:16,3.9,68,-1.5,0.26,4.29
2025-03-04 17:16,2.4,77,-1.2,0.17,4.40
2025-03-04 18:16,1.9,79,-1.4,0.15,4.36
2025-03-04 19:16,1.7,81,-1.2,0.13,4.41
2025-03-04 20:16,1.5,83,-1.1,0.12,4.46
2025-03-04 21:16,1.4,84,-1.0,0.11,4.48
2025-03-04 22:16,1.4,85,-0.8,0.10,4.53
2025-03-04 23:16,1.4,85,-0.8,0.10,4.53
2025-03-05 00:16,1.3,86,-0.8,0.09,4.56
2025-03-05 01:16,1.2,87,-0.7,0.09,4.58
2025-03-05 02:16,1.3,88,-0.5,0.08,4.66
2025-03-05 03:16,1.5,88,-0.3,0.08,4.73
2025-03-05 04:16,1.5,88,-0.3,0.08,4.73
2025-03-05 05:16,1.9,89,0.3,0.08,4.91
2025-03-05 06:16,2.0,89,0.4,0.08,4.95
2025-03-05 07:16,2.4,89,0.8,0.08,5.08
2025-03-05 08:16,3.4,89,1.8,0.09,5.44
2025-03-05 09:16,4.4,86,2.3,0.12,5.62
2025-03-05 10:16,5.7,83,3.0,0.16,5.91
2025-03-05 11:16,6.3,86,4.1,0.13,6.37
2025-03-05 12:16,7.7,86,5.5,0.15,6.97
2025-03-05 13:16,9.1,85,6.7,0.17,7.54
2025-03-05 14:16,10.3,82,7.4,0.23,7.85
2025-03-05 15:16,9.5,84,6.9,0.19,7.65
2025-03-05 16:16,9.5,86,7.3,0.17,7.83
2025-03-05 17:16,9.4,85,7.0,0.18,7.69
2025-03-05 18:16,9.4,86,7.2,0.17,7.78
2025-03-05 19:16,9.3,87,7.2,0.15,7.82
2025-03-05 20:16,9.1,87,7.0,0.15,7.72
2025-03-05 21:16,8.8,87,6.8,0.15,7.57
2025-03-05 22:16,8.5,87,6.5,0.14,7.43
2025-03-05 23:16,8.3,88,6.4,0.13,7.42
2025-03-06 00:16,7.9,88,6.0,0.13,7.23
2025-03-06 01:16,7.8,89,6.1,0.12,7.26
2025-03-06 02:16,7.9,90,6.4,0.11,7.39
2025-03-06 03:16,9.5,73,4.9,0.32,6.64
2025-03-06 04:16,9.4,67,3.6,0.39,6.06
2025-03-06 05:16,8.9,67,3.1,0.38,5.87
2025-03-06 06:16,8.5,63,1.9,0.41,5.38
2025-03-06 07:16,8.7,61,1.6,0.44,5.28
2025-03-06 08:16,9.6,55,1.0,0.54,5.04
2025-03-06 09:16,11.0,48,0.4,0.68,4.80
2025-03-06 10:16,12.8,41,-0.1,0.87,4.59
2025-03-06 11:16,15.0,38,0.8,1.06,4.87
2025-03-06 12:16,16.7,32,-0.1,1.29,4.55
2025-03-06 13:16,17.9,30,0.1,1.44,4.58
2025-03-06 14:16,17.7,29,-0.6,1.44,4.38
2025-03-06 15:16,15.8,27,-3.2,1.31,3.63
2025-03-06 16:16,11.6,33,-4.2,0.92,3.43
2025-03-06 17:16,9.9,38,-3.8,0.76,3.55
2025-03-06 18:16,8.8,40,-4.1,0.68,3.48
2025-03-06 19:16,8.0,42,-4.2,0.62,3.47
2025-03-06 20:16,7.4,44,-4.1,0.58,3.50
2025-03-06 21:16,6.6,46,-4.2,0.53,3.47
2025-03-06 22:16,6.4,46,-4.4,0.52,3.43
2025-03-06 23:16,6.2,46,-4.6,0.51,3.38
2025-03-07 00:16,5.6,48,-4.6,0.47,3.39
2025-03-07 01:16,5.2,48,-4.9,0.46,3.31
2025-03-07 02:16,4.9,49,-4.9,0.44,3.31
2025-03-07 03:16,4.8,47,-5.6,0.46,3.15
2025-03-07 04:16,4.0,48,-6.0,0.42,3.05
2025-03-07 05:16,3.4,51,-5.8,0.38,3.11
2025-03-07 06:16,3.2,51,-6.0,0.38,3.07
2025-03-07 07:16,3.7,50,-5.8,0.40,3.12
2025-03-07 08:16,7.0,42,-5.1,0.58,3.25
2025-03-07 09:16,9.8,35,-5.0,0.79,3.25
2025-03-07 10:16,12.9,30,-4.3,1.04,3.38
2025-03-07 11:16,14.6,29,-3.3,1.18,3.63
2025-03-07 12:16,15.9,26,-3.6,1.34,3.52
2025-03-07 13:16,17.1,24,-3.7,1.48,3.49
2025-03-07 14:16,22.8,18,-2.8,2.28,3.66
2025-03-07 15:16,24.7,15,-3.7,2.64,3.40
2025-03-07 16:16,20.5,16,-6.2,2.03,2.85
2025-03-07 17:16,9.3,26,-9.3,0.87,2.34
2025-03-07 18:16,5.9,31,-10.0,0.64,2.24
2025-03-07 19:16,4.4,35,-9.8,0.54,2.29
2025-03-07 20:16,3.4,38,-9.6,0.48,2.32
2025-03-07 21:16,2.9,42,-8.8,0.44,2.48
2025-03-07 22:16,2.6,43,-8.7,0.42,2.49
2025-03-07 23:16,2.5,43,-8.8,0.42,2.47
2025-03-08 00:16,2.2,44,-8.8,0.40,2.48
2025-03-08 01:16,1.9,45,-8.8,0.39,2.48
2025-03-08 02:16,1.7,46,-8.7,0.37,2.50
2025-03-08 03:16,1.2,48,-8.6,0.35,2.53
2025-03-08 04:16,1.3,47,-8.8,0.36,2.49
2025-03-08 05:16,1.0,51,-8.0,0.32,2.65
2025-03-08 06:16,0.7,53,-7.8,0.30,2.69
2025-03-08 07:16,1.7,53,-6.9,0.32,2.89
2025-03-08 08:16,3.1,50,-6.3,0.38,2.99
2025-03-08 09:16,6.1,43,-5.6,0.54,3.14
2025-03-08 10:16,8.6,33,-6.8,0.75,2.84
2025-03-08 11:16,10.0,31,-6.4,0.85,2.91
2025-03-08 12:16,9.2,32,-6.7,0.79,2.86
2025-03-08 13:16,8.1,36,-6.1,0.69,3.00
2025-03-08 14:16,7.6,40,-5.2,0.63,3.22
2025-03-08 15:16,8.5,40,-4.4,0.67,3.42
2025-03-08 16:16,8.2,41,-4.3,0.64,3.43
2025-03-08 17:16,7.0,55,-1.4,0.45,4.26
2025-03-08 18:16,5.5,63,-1.0,0.33,4.42
2025-03-08 19:16,4.3,69,-0.9,0.26,4.48
2025-03-08 20:16,3.9,72,-0.7,0.23,4.55
2025-03-08 21:16,3.9,74,-0.3,0.21,4.67
2025-03-08 22:16,4.1,74,-0.1,0.21,4.74
2025-03-08 23:16,4.2,75,0.2,0.21,4.83
2025-03-09 00:16,4.0,75,0.0,0.20,4.77
2025-03-09 01:16,4.3,76,0.4,0.20,4.93
2025-03-09 02:16,4.3,76,0.4,0.20,4.93
2025-03-09 03:16,4.2,76,0.3,0.20,4.90
2025-03-09 04:16,4.2,77,0.5,0.19,4.96
2025-03-09 05:16,4.4,77,0.7,0.19,5.03
2025-03-09 06:16,4.1,76,0.2,0.20,4.86
2025-03-09 07:16,4.2,77,0.5,0.19,4.96
2025-03-09 08:16,6.7,73,2.2,0.26,5.55
2025-03-09 09:16,10.9,64,4.4,0.47,6.37
2025-03-09 10:16,15.3,46,3.7,0.94,6.01
2025-03-09 11:16,21.3,30,3.0,1.77,5.59
2025-03-09 12:16,24.0,23,1.6,2.30,5.00
2025-03-09 13:16,24.6,20,0.1,2.47,4.50
2025-03-09 14:16,30.5,16,1.8,3.67,4.98
2025-03-09 15:16,32.2,13,0.3,4.18,4.44
2025-03-09 16:16,29.6,12,-2.8,3.65,3.56
2025-03-09 17:16,14.6,20,-8.2,1.33,2.50
2025-03-09 18:16,10.5,27,-7.7,0.93,2.62
2025-03-09 19:16,8.5,33,-6.9,0.74,2.82
2025-03-09 20:16,7.3,36,-6.8,0.65,2.84
2025-03-09 21:16,6.3,40,-6.3,0.57,2.96
2025-03-09 22:16,5.7,40,-6.9,0.55,2.85
2025-03-09 23:16,5.4,41,-6.8,0.53,2.86
2025-03-10 00:16,5.1,40,-7.4,0.53,2.74
2025-03-10 01:16,4.8,42,-7.1,0.50,2.82
2025-03-10 02:16,4.5,43,-7.0,0.48,2.83
2025-03-10 03:16,3.9,47,-6.4,0.43,2.97
2025-03-10 04:16,3.1,50,-6.3,0.38,2.99
2025-03-10 05:16,2.1,56,-5.8,0.31,3.13
2025-03-10 06:16,1.3,60,-5.6,0.27,3.18
2025-03-10 07:16,1.8,62,-4.7,0.26,3.40
2025-03-10 08:16,5.2,54,-3.4,0.41,3.72
2025-03-10 09:16,10.3,43,-1.8,0.71,4.12
2025-03-10 10:16,14.9,31,-2.1,1.17,3.95
2025-03-10 11:16,18.5,25,-1.9,1.60,3.96
2025-03-10 12:16,21.1,21,-2.1,1.98,3.87
2025-03-10 13:16,23.1,20,-1.1,2.26,4.13
2025-03-10 14:16,28.5,17,1.1,3.23,4.75
2025-03-10 15:16,33.1,12,-0.1,4.45,4.29
2025-03-10 16:16,27.8,12,-4.2,3.29,3.23
2025-03-10 17:16,17.3,19,-6.6,1.60,2.80
2025-03-10 18:16,13.3,25,-6.3,1.15,2.89
2025-03-10 19:16,11.4,31,-5.2,0.93,3.18
2025-03-10 20:16,10.2,36,-4.2,0.80,3.43
2025-03-10 21:16,9.3,43,-2.7,0.67,3.86
2025-03-10 22:16,8.2,51,-1.4,0.53,4.27
2025-03-10 23:16,7.5,55,-1.0,0.47,4.40
2025-03-11 00:16,7.4,58,-0.3,0.43,4.61
2025-03-11 01:16,7.4,60,0.1,0.41,4.77
2025-03-11 02:16,7.4,61,0.4,0.40,4.85
2025-03-11 03:16,7.4,60,0.1,0.41,4.77
2025-03-11 04:16,7.2,60,-0.1,0.41,4.71
2025-03-11 05:16,6.3,64,0.0,0.34,4.74
2025-03-11 06:16,5.8,66,-0.1,0.31,4.73
2025-03-11 07:16,6.9,64,0.6,0.36,4.93
2025-03-11 08:16,8.2,60,0.9,0.43,5.02
2025-03-11 09:16,10.4,53,1.2,0.59,5.11
2025-03-11 10:16,12.2,47,1.2,0.75,5.07
2025-03-11 11:16,15.5,42,2.6,1.02,5.55
2025-03-11 12:16,16.9,38,2.5,1.19,5.47
2025-03-11 13:16,16.7,40,3.0,1.14,5.68
2025-03-11 14:16,18.7,35,2.9,1.40,5.60
2025-03-11 15:16,16.1,42,3.2,1.06,5.76
2025-03-11 16:16,15.0,46,3.5,0.92,5.90
2025-03-11 17:16,14.2,50,3.9,0.81,6.11
2025-03-11 18:16,13.0,59,5.2,0.61,6.69
2025-03-11 19:16,12.5,65,6.1,0.51,7.15
2025-03-11 20:16,11.5,74,7.0,0.35,7.64
2025-03-11 21:16,11.0,77,7.1,0.30,7.71
2025-03-11 22:16,10.2,75,6.0,0.31,7.14
2025-03-11 23:16,9.1,76,5.1,0.28,6.74
2025-03-12 00:16,8.7,78,5.1,0.25,6.75
2025-03-12 01:16,8.9,76,4.9,0.27,6.66
2025-03-12 02:16,8.9,75,4.7,0.29,6.57
2025-03-12 03:16,8.4,75,4.2,0.28,6.36
2025-03-12 04:16,7.3,77,3.5,0.24,6.08
2025-03-12 05:16,6.7,79,3.3,0.21,6.00
2025-03-12 06:16,5.7,79,2.3,0.19,5.62
2025-03-12 07:16,6.1,82,3.3,0.17,5.99
2025-03-12 08:16,9.4,77,5.6,0.27,6.96
2025-03-12 09:16,12.7,63,5.8,0.54,7.01
2025-03-12 10:16,15.7,54,6.4,0.82,7.23
2025-03-12 11:16,18.2,47,6.7,1.11,7.31
2025-03-12 12:16,21.2,41,7.4,1.49,7.60
2025-03-12 13:16,19.9,43,6.9,1.32,7.39
2025-03-12 14:16,18.5,48,7.3,1.11,7.59
2025-03-12 15:16,17.5,55,8.4,0.90,8.20
2025-03-12 16:16,16.0,68,10.1,0.58,9.26
2025-03-12 17:16,14.8,78,11.0,0.37,9.88
2025-03-12 18:16,14.3,82,11.3,0.29,10.07
2025-03-12 19:16,13.8,82,10.8,0.28,9.77
2025-03-12 20:16,13.4,85,10.9,0.23,9.88
2025-03-12 21:16,13.3,86,11.0,0.21,9.94
2025-03-12 22:16,13.2,87,11.1,0.20,9.99
2025-03-12 23:16,12.7,85,10.2,0.22,9.46
2025-03-13 00:16,11.0,85,8.6,0.20,8.51
2025-03-13 01:16,10.6,86,8.4,0.18,8.39
2025-03-13 02:16,9.8,87,7.7,0.16,8.07
2025-03-13 03:16,9.3,86,7.1,0.16,7.73
2025-03-13 04:16,8.5,85,6.1,0.17,7.26
2025-03-13 05:16,7.8,87,5.8,0.14,7.10
2025-03-13 06:16,7.0,89,5.3,0.11,6.90
2025-03-13 07:16,9.5,85,7.1,0.18,7.74
2025-03-13 08:16,13.2,68,7.4,0.49,7.81
2025-03-13 09:16,17.4,44,5.0,1.11,6.52
2025-03-13 10:16,20.1,37,4.9,1.48,6.43
2025-03-13 11:16,20.7,35,4.7,1.59,6.30
2025-03-13 12:16,23.1,34,6.4,1.87,7.03
2025-03-13 13:16,25.6,27,5.2,2.40,6.43
2025-03-13 14:16,27.0,24,4.7,2.71,6.18
2025-03-13 15:16,28.0,20,2.9,3.02,5.44
2025-03-13 16:16,23.8,23,1.4,2.27,4.95
2025-03-13 17:16,18.2,29,-0.1,1.48,4.51
2025-03-13 18:16,15.9,32,-0.8,1.23,4.33
2025-03-13 19:16,14.5,34,-1.2,1.09,4.23
2025-03-13 20:16,13.5,36,-1.3,0.99,4.21
2025-03-13 21:16,13.1,36,-1.7,0.96,4.11
2025-03-13 22:16,12.1,37,-2.2,0.89,3.97
2025-03-13 23:16,11.0,37,-3.2,0.83,3.70
2025-03-14 00:16,10.2,39,-3.2,0.76,3.71
2025-03-14 01:16,9.6,40,-3.4,0.72,3.66
2025-03-14 02:16,9.3,39,-4.0,0.71,3.50
2025-03-14 03:16,8.7,45,-2.6,0.62,3.89
2025-03-14 04:16,8.3,46,-2.7,0.59,3.88
2025-03-14 05:16,7.8,45,-3.4,0.58,3.67
2025-03-14 06:16,7.5,45,-3.7,0.57,3.60
2025-03-14 07:16,8.3,41,-4.2,0.65,3.46
2025-03-14 08:16,10.7,32,-5.4,0.87,3.14
2025-03-14 09:16,14.2,22,-7.3,1.26,2.69
2025-03-14 10:16,17.3,20,-5.9,1.58,2.95
2025-03-14 11:16,20.4,19,-4.0,1.94,3.36
2025-03-14 12:16,23.6,18,-2.1,2.39,3.83
2025-03-14 13:16,26.1,15,-2.6,2.87,3.67
2025-03-14 14:16,26.9,14,-2.9,3.05,3.58
2025-03-14 15:16,34.2,10,-1.8,4.84,3.79
2025-03-14 16:16,32.2,10,-3.3,4.33,3.41
2025-03-14 17:16,20.4,14,-8.0,2.06,2.48
2025-03-14 18:16,15.5,20,-7.4,1.41,2.64
2025-03-14 19:16,12.9,24,-7.2,1.13,2.70
2025-03-14 20:16,11.2,29,-6.2,0.94,2.94
2025-03-14 21:16,10.0,33,-5.6,0.82,3.10
2025-03-14 22:16,9.4,34,-5.7,0.78,3.08
2025-03-14 23:16,8.8,36,-5.5,0.72,3.13
2025-03-15 00:16,8.2,35,-6.4,0.71,2.93
2025-03-15 01:16,7.8,34,-7.1,0.70,2.77
2025-03-15 02:16,7.5,34,-7.4,0.68,2.72
2025-03-15 03:16,6.9,36,-7.2,0.64,2.77
2025-03-15 04:16,6.7,37,-7.0,0.62,2.81
2025-03-15 05:16,6.6,40,-6.1,0.58,3.02
2025-03-15 06:16,7.2,38,-6.2,0.63,2.98
2025-03-15 07:16,8.0,37,-5.8,0.68,3.06
2025-03-15 08:16,9.6,32,-6.3,0.81,2.93
2025-03-15 09:16,12.5,28,-5.5,1.04,3.08
2025-03-15 10:16,14.1,26,-5.1,1.19,3.16
2025-03-15 11:16,14.3,26,-5.0,1.21,3.19
2025-03-15 12:16,14.8,26,-4.5,1.25,3.29
2025-03-15 13:16,13.8,26,-5.4,1.17,3.10
2025-03-15 14:16,12.7,28,-5.4,1.06,3.12
2025-03-15 15:16,12.2,29,-5.3,1.01,3.13
2025-03-15 16:16,10.5,45,-0.9,0.70,4.36
2025-03-15 17:16,8.1,60,0.8,0.43,4.99
2025-03-15 18:16,7.3,68,1.8,0.33,5.37
2025-03-15 19:16,6.8,71,1.9,0.29,5.43
2025-03-15 20:16,6.6,76,2.7,0.23,5.74
2025-03-15 21:16,6.5,79,3.1,0.20,5.92
2025-03-15 22:16,6.6,80,3.4,0.19,6.04
2025-03-15 23:16,6.5,81,3.5,0.18,6.07
2025-03-16 00:16,6.4,81,3.4,0.18,6.04
2025-03-16 01:16,6.3,82,3.5,0.17,6.07
2025-03-16 02:16,6.1,82,3.3,0.17,5.99
2025-03-16 03:16,6.0,83,3.3,0.16,6.02
2025-03-16 04:16,5.9,82,3.1,0.17,5.91
2025-03-16 05:16,5.6,83,2.9,0.15,5.87
2025-03-16 06:16,5.4,84,2.9,0.14,5.86
2025-03-16 07:16,5.5,84,3.0,0.14,5.90
2025-03-16 08:16,5.5,84,3.0,0.14,5.90
2025-03-16 09:16,5.8,84,3.3,0.15,6.02
2025-03-16 10:16,6.4,83,3.7,0.16,6.18
2025-03-16 11:16,7.3,83,4.6,0.17,6.56
2025-03-16 12:16,8.7,81,5.6,0.21,7.01
2025-03-16 13:16,9.6,79,6.1,0.25,7.24
2025-03-16 14:16,8.9,78,5.3,0.25,6.83
2025-03-16 15:16,9.2,80,5.9,0.23,7.14
2025-03-16 16:16,9.2,81,6.1,0.22,7.23
2025-03-16 17:16,9.0,83,6.3,0.20,7.32
2025-03-16 18:16,8.7,85,6.3,0.17,7.35
2025-03-16 19:16,8.5,86,6.3,0.16,7.34
2025-03-16 20:16,8.2,87,6.2,0.14,7.29
2025-03-16 21:16,7.9,89,6.2,0.12,7.31
2025-03-16 22:16,8.0,88,6.1,0.13,7.28
2025-03-16 23:16,8.0,88,6.1,0.13,7.28
2025-03-17 00:16,8.0,89,6.3,0.12,7.36
2025-03-17 01:16,8.0,89,6.3,0.12,7.36
2025-03-17 02:16,8.1,89,6.4,0.12,7.41
2025-03-17 03:16,8.1,90,6.6,0.11,7.49
2025-03-17 04:16,8.1,90,6.6,0.11,7.49
2025-03-17 05:16,6.8,90,5.3,0.10,6.88
2025-03-17 06:16,6.1,92,4.9,0.08,6.72
2025-03-17 07:16,6.5,94,5.6,0.06,7.05
2025-03-17 08:16,9.9,79,6.4,0.26,7.38
2025-03-17 09:16,13.7,58,5.6,0.66,6.87
2025-03-17 10:16,16.2,40,2.6,1.10,5.52
2025-03-17 11:16,18.6,29,0.2,1.52,4.62
2025-03-17 12:16,19.8,24,-1.4,1.76,4.10
2025-03-17 13:16,20.1,24,-1.1,1.79,4.17
2025-03-17 14:16,19.3,22,-3.0,1.75,3.65
2025-03-17 15:16,23.9,18,-1.9,2.43,3.89
2025-03-17 16:16,24.2,19,-0.9,2.45,4.18
2025-03-17 17:16,13.2,28,-4.9,1.09,3.21
2025-03-17 18:16,9.5,35,-5.2,0.77,3.19
2025-03-17 19:16,8.0,40,-4.8,0.64,3.31
2025-03-17 20:16,7.0,43,-4.7,0.57,3.33
2025-03-17 21:16,6.2,46,-4.6,0.51,3.38
2025-03-17 22:16,5.4,50,-4.2,0.45,3.49
2025-03-17 23:16,5.2,50,-4.4,0.44,3.44
2025-03-18 00:16,5.1,51,-4.2,0.43,3.49
2025-03-18 01:16,5.5,50,-4.1,0.45,3.51
2025-03-18 02:16,5.5,49,-4.4,0.46,3.44
2025-03-18 03:16,4.9,50,-4.7,0.43,3.38
2025-03-18 04:16,4.6,48,-5.5,0.44,3.18
2025-03-18 05:16,4.2,48,-5.9,0.43,3.09
2025-03-18 06:16,3.8,45,-7.1,0.44,2.82
2025-03-18 07:16,3.9,50,-5.6,0.40,3.16
2025-03-18 08:16,7.5,39,-5.6,0.63,3.12
2025-03-18 09:16,10.7,32,-5.4,0.87,3.14
2025-03-18 10:16,14.2,28,-4.1,1.17,3.42
2025-03-18 11:16,16.7,25,-3.5,1.43,3.55
2025-03-18 12:16,19.0,23,-2.6,1.69,3.75
2025-03-18 13:16,19.7,22,-2.6,1.79,3.74
2025-03-18 14:16,17.3,24,-3.5,1.50,3.54
2025-03-18 15:16,14.0,28,-4.3,1.15,3.38
2025-03-18 16:16,14.1,27,-4.6,1.17,3.28
2025-03-18 17:16,12.6,31,-4.1,1.01,3.43
2025-03-18 18:16,11.5,37,-2.7,0.85,3.82
2025-03-18 19:16,10.7,47,-0.2,0.68,4.62
2025-03-18 20:16,9.3,59,1.7,0.48,5.30
2025-03-18 21:16,8.0,63,1.4,0.40,5.21
2025-03-18 22:16,7.5,65,1.3,0.36,5.20
2025-03-18 23:16,7.6,67,1.9,0.34,5.40
2025-03-19 00:16,7.2,69,1.9,0.31,5.42
2025-03-19 01:16,6.1,74,1.8,0.24,5.41
2025-03-19 02:16,5.7,79,2.3,0.19,5.62
2025-03-19 03:16,5.4,82,2.6,0.16,5.72
2025-03-19 04:16,4.2,80,1.1,0.16,5.15
2025-03-19 05:16,3.1,80,0.0,0.15,4.79
2025-03-19 06:16,2.2,81,-0.7,0.14,4.56
2025-03-19 07:16,2.2,83,-0.4,0.12,4.68
2025-03-19 08:16,2.3,84,-0.1,0.12,4.76
2025-03-19 09:16,2.4,85,0.1,0.11,4.85
2025-03-19 10:16,3.1,87,1.1,0.10,5.21
2025-03-19 11:16,4.4,85,2.1,0.13,5.55
2025-03-19 12:16,5.3,82,2.5,0.16,5.68
2025-03-19 13:16,8.5,75,4.3,0.28,6.40
2025-03-19 14:16,13.5,52,3.8,0.74,6.08
2025-03-19 15:16,17.0,37,2.2,1.22,5.35
2025-03-19 16:16,16.4,38,2.0,1.16,5.30
2025-03-19 17:16,11.1,40,-2.0,0.79,4.03
2025-03-19 18:16,7.8,49,-2.3,0.54,4.00
2025-03-19 19:16,6.3,54,-2.3,0.44,4.00
2025-03-19 20:16,5.4,59,-2.0,0.37,4.12
2025-03-19 21:16,4.4,62,-2.3,0.32,4.05
2025-03-19 22:16,3.7,66,-2.1,0.27,4.11
2025-03-19 23:16,3.3,67,-2.2,0.26,4.06
2025-03-20 00:16,2.9,68,-2.4,0.24,4.02
2025-03-20 01:16,3.2,66,-2.5,0.26,3.98
2025-03-20 02:16,3.3,59,-4.0,0.32,3.58
2025-03-20 03:16,3.0,60,-4.0,0.30,3.57
2025-03-20 04:16,2.7,61,-4.1,0.29,3.55
2025-03-20 05:16,2.7,60,-4.3,0.30,3.50
2025-03-20 06:16,3.2,61,-3.6,0.30,3.68
2025-03-20 07:16,4.0,59,-3.3,0.33,3.75
2025-03-20 08:16,7.0,45,-4.1,0.55,3.49
2025-03-20 09:16,8.8,39,-4.4,0.69,3.39
2025-03-20 10:16,12.4,35,-2.7,0.94,3.82
2025-03-20 11:16,14.7,30,-2.7,1.17,3.78
2025-03-20 12:16,15.6,27,-3.4,1.29,3.59
2025-03-20 13:16,19.2,27,-0.3,1.62,4.45
2025-03-20 14:16,17.0,29,-1.2,1.38,4.20
2025-03-20 15:16,22.6,22,-0.2,2.14,4.42
2025-03-20 16:16,26.9,17,-0.2,2.94,4.35
2025-03-20 17:16,17.0,24,-3.7,1.47,3.47
2025-03-20 18:16,11.5,34,-3.8,0.90,3.51
2025-03-20 19:16,11.0,46,-0.2,0.71,4.60
2025-03-20 20:16,10.1,54,1.2,0.57,5.11
2025-03-20 21:16,9.2,60,1.8,0.47,5.36
2025-03-20 22:16,7.9,65,1.7,0.37,5.34
2025-03-20 23:16,6.6,66,0.7,0.33,4.98
2025-03-21 00:16,5.6,67,-0.1,0.30,4.74
2025-03-21 01:16,4.6,69,-0.6,0.26,4.57
2025-03-21 02:16,4.3,71,-0.5,0.24,4.61
2025-03-21 03:16,3.5,73,-0.9,0.21,4.49
2025-03-21 04:16,2.9,75,-1.1,0.19,4.43
2025-03-21 05:16,2.1,78,-1.3,0.16,4.36
2025-03-21 06:16,1.5,80,-1.6,0.14,4.30
2025-03-21 07:16,2.8,80,-0.3,0.15,4.69
2025-03-21 08:16,6.1,73,1.6,0.25,5.33
2025-03-21 09:16,10.0,61,2.8,0.48,5.73
2025-03-21 10:16,14.0,45,2.2,0.88,5.43
2025-03-21 11:16,17.3,37,2.5,1.24,5.45
2025-03-21 12:16,20.2,32,3.0,1.61,5.60
2025-03-21 13:16,22.9,24,1.2,2.12,4.90
2025-03-21 14:16,23.1,24,1.4,2.15,4.96
2025-03-21 15:16,26.1,24,3.9,2.57,5.88
2025-03-21 16:16,29.9,19,3.8,3.42,5.73
2025-03-21 17:16,21.7,26,1.3,1.92,4.96
2025-03-21 18:16,16.4,38,2.0,1.16,5.30
2025-03-21 19:16,13.8,45,2.1,0.87,5.36
2025-03-21 20:16,12.0,52,2.4,0.67,5.54
2025-03-21 21:16,10.5,59,2.8,0.52,5.72
2025-03-21 22:16,9.1,64,2.6,0.42,5.68
2025-03-21 23:16,7.7,68,2.2,0.34,5.51
2025-03-22 00:16,6.5,71,1.6,0.28,5.32
2025-03-22 01:16,5.9,73,1.4,0.25,5.26
2025-03-22 02:16,5.1,74,0.8,0.23,5.06
2025-03-22 03:16,4.3,75,0.3,0.21,4.86
2025-03-22 04:16,3.7,77,0.0,0.18,4.80
2025-03-22 05:16,3.1,79,-0.2,0.16,4.73
2025-03-22 06:16,3.1,80,0.0,0.15,4.79
2025-03-22 07:16,4.9,77,1.2,0.20,5.20
2025-03-22 08:16,9.6,64,3.1,0.43,5.86
2025-03-22 09:16,14.5,49,3.9,0.84,6.09
2025-03-22 10:16,18.7,38,4.1,1.34,6.08
2025-03-22 11:16,22.5,33,5.4,1.83,6.59
2025-03-22 12:16,25.0,29,5.7,2.25,6.68
2025-03-22 13:16,27.9,22,4.2,2.93,5.95
2025-03-22 14:16,28.8,20,3.6,3.17,5.68
2025-03-22 15:16,30.4,19,4.2,3.52,5.89
2025-03-22 16:16,35.0,14,3.5,4.84,5.53
2025-03-22 17:16,26.6,19,1.1,2.82,4.78
2025-03-22 18:16,20.7,27,1.0,1.78,4.86
2025-03-22 19:16,17.7,34,1.6,1.34,5.13
2025-03-22 20:16,16.2,35,0.7,1.20,4.83
2025-03-22 21:16,14.5,38,0.3,1.02,4.73
2025-03-22 22:16,13.1,45,1.4,0.83,5.14
2025-03-22 23:16,11.7,49,1.3,0.70,5.12
2025-03-23 00:16,10.2,54,1.3,0.57,5.14
2025-03-23 01:16,9.5,57,1.4,0.51,5.19
2025-03-23 02:16,8.7,60,1.4,0.45,5.19
2025-03-23 03:16,7.6,65,1.4,0.37,5.24
2025-03-23 04:16,7.0,66,1.1,0.34,5.11
2025-03-23 05:16,6.7,66,0.8,0.33,5.01
2025-03-23 06:16,6.8,67,1.1,0.33,5.12
2025-03-23 07:16,8.4,66,2.4,0.37,5.60
2025-03-23 08:16,13.0,52,3.4,0.72,5.90
2025-03-23 09:16,18.6,39,4.4,1.31,6.21
2025-03-23 10:16,23.7,30,5.1,2.05,6.42
2025-03-23 11:16,27.7,25,5.9,2.79,6.69
2025-03-23 12:16,29.5,23,6.2,3.17,6.79
2025-03-23 13:16,30.9,21,6.0,3.53,6.68
2025-03-23 14:16,31.3,19,4.9,3.70,6.18
2025-03-23 15:16,30.2,18,3.2,3.52,5.52
2025-03-23 16:16,32.6,16,3.5,4.13,5.58
2025-03-23 17:16,24.9,20,0.4,2.52,4.58
2025-03-23 18:16,20.5,40,6.4,1.45,7.12
2025-03-23 19:16,17.6,51,7.3,0.99,7.65
2025-03-23 20:16,16.0,53,6.4,0.85,7.22
2025-03-23 21:16,14.4,62,7.2,0.62,7.66
2025-03-23 22:16,12.8,68,7.0,0.47,7.62
2025-03-23 23:16,11.8,72,6.9,0.39,7.58
2025-03-24 00:16,11.0,75,6.7,0.33,7.51
2025-03-24 01:16,10.2,77,6.3,0.29,7.33
2025-03-24 02:16,9.5,78,5.9,0.26,7.10
2025-03-24 03:16,8.7,79,5.3,0.24,6.83
2025-03-24 04:16,8.1,80,4.9,0.22,6.66
2025-03-24 05:16,7.5,81,4.4,0.20,6.48
2025-03-24 06:16,7.2,82,4.3,0.18,6.44
2025-03-24 07:16,9.1,79,5.6,0.24,7.01
2025-03-24 08:16,11.2,68,5.5,0.43,6.89
2025-03-24 09:16,12.4,62,5.3,0.55,6.77
2025-03-24 10:16,15.2,55,6.2,0.78,7.14
2025-03-24 11:16,16.3,53,6.7,0.87,7.35
2025-03-24 12:16,19.7,48,8.4,1.19,8.15
2025-03-24 13:16,19.3,51,8.9,1.10,8.46
2025-03-24 14:16,20.7,47,9.0,1.29,8.46
2025-03-24 15:16,20.3,49,9.2,1.21,8.62
2025-03-24 16:16,19.5,50,8.8,1.13,8.39
2025-03-24 17:16,17.7,56,8.8,0.89,8.45
2025-03-24 18:16,14.2,74,9.6,0.42,9.04
2025-03-24 19:16,13.0,77,9.1,0.34,8.73
2025-03-24 20:16,12.9,81,9.7,0.28,9.13
2025-03-24 21:16,13.1,82,10.1,0.27,9.36
2025-03-24 22:16,13.0,82,10.0,0.27,9.30
2025-03-24 23:16,12.1,84,9.5,0.23,9.01
2025-03-25 00:16,11.1,86,8.8,0.18,8.66
2025-03-25 01:16,10.3,87,8.2,0.16,8.33
2025-03-25 02:16,9.5,87,7.4,0.15,7.92
2025-03-25 03:16,8.5,87,6.5,0.14,7.43
2025-03-25 04:16,8.1,89,6.4,0.12,7.41
2025-03-25 05:16,7.7,88,5.8,0.13,7.14
2025-03-25 06:16,7.4,89,5.7,0.11,7.08
2025-03-25 07:16,8.7,91,7.3,0.10,7.87
2025-03-25 08:16,12.0,88,10.1,0.17,9.38
2025-03-25 09:16,15.6,77,11.6,0.41,10.24
2025-03-25 10:16,19.6,58,11.1,0.96,9.79
2025-03-25 11:16,23.6,45,11.0,1.60,9.57
2025-03-25 12:16,27.1,39,11.9,2.19,10.09
2025-03-25 13:16,30.1,30,10.6,2.99,9.15
2025-03-25 14:16,30.7,22,6.5,3.44,6.93
2025-03-25 15:16,30.8,23,7.3,3.42,7.28
2025-03-25 16:16,33.2,22,8.6,3.97,7.91
2025-03-25 17:16,26.6,30,7.6,2.44,7.55
2025-03-25 18:16,22.2,39,7.6,1.63,7.66
2025-03-25 19:16,19.6,47,8.0,1.21,7.93
2025-03-25 20:16,17.3,55,8.2,0.89,8.10
2025-03-25 21:16,15.9,62,8.6,0.69,8.40
2025-03-25 22:16,15.1,64,8.3,0.62,8.26
2025-03-25 23:16,14.1,69,8.5,0.50,8.37
2025-03-26 00:16,13.1,72,8.2,0.42,8.22
2025-03-26 01:16,12.5,74,8.0,0.38,8.14
2025-03-26 02:16,11.9,75,7.6,0.35,7.94
2025-03-26 03:16,11.0,78,7.3,0.29,7.81
2025-03-26 04:16,10.6,78,6.9,0.28,7.61
2025-03-26 05:16,10.6,79,7.1,0.27,7.71
2025-03-26 06:16,11.5,77,7.6,0.31,7.95
2025-03-26 07:16,13.5,68,7.7,0.50,7.95
2025-03-26 08:16,17.1,61,9.5,0.76,8.88
2025-03-26 09:16,21.6,39,7.0,1.57,7.40
2025-03-26 10:16,23.3,32,5.7,1.95,6.69
2025-03-26 11:16,25.3,26,4.4,2.39,6.09
2025-03-26 12:16,26.6,23,3.8,2.68,5.79
2025-03-26 13:16,27.0,22,3.5,2.78,5.66
2025-03-26 14:16,26.5,22,3.0,2.70,5.51
2025-03-26 15:16,26.2,21,2.1,2.69,5.17
2025-03-26 16:16,27.1,19,1.5,2.90,4.92
2025-03-26 17:16,23.0,20,-1.2,2.25,4.11
2025-03-26 18:16,19.7,22,-2.6,1.79,3.74
2025-03-26 19:16,17.9,23,-3.6,1.58,3.51
2025-03-26 20:16,17.1,23,-4.2,1.50,3.35
2025-03-26 21:16,15.7,27,-3.3,1.30,3.61
2025-03-26 22:16,14.9,30,-2.5,1.19,3.82
2025-03-26 23:16,13.8,34,-1.8,1.04,4.05
2025-03-27 00:16,12.7,43,0.4,0.84,4.79
2025-03-27 01:16,11.9,53,2.6,0.65,5.61
2025-03-27 02:16,11.2,60,3.7,0.53,6.08
2025-03-27 03:16,10.5,64,4.0,0.46,6.21
2025-03-27 04:16,11.1,60,3.6,0.53,6.04
2025-03-27 05:16,11.3,56,2.8,0.59,5.71
2025-03-27 06:16,11.9,57,3.6,0.60,6.04
2025-03-27 07:16,12.9,58,4.8,0.62,6.54
2025-03-27 08:16,14.7,57,6.3,0.72,7.18
2025-03-27 09:16,17.6,51,7.3,0.99,7.65
2025-03-27 10:16,18.7,46,6.8,1.16,7.36
2025-03-27 11:16,22.4,41,8.5,1.60,8.14
2025-03-27 12:16,25.1,39,10.2,1.94,9.03
2025-03-27 13:16,27.7,36,11.3,2.38,9.63
2025-03-27 14:16,29.2,34,11.7,2.67,9.87
2025-03-27 15:16,29.4,34,11.9,2.71,9.98
2025-03-27 16:16,28.8,35,11.8,2.57,9.94
2025-03-27 17:16,24.4,42,10.7,1.77,9.35
2025-03-27 18:16,21.6,47,9.8,1.37,8.91
2025-03-27 19:16,19.8,53,9.9,1.09,9.05
2025-03-27 20:16,18.5,57,9.8,0.92,9.02
2025-03-27 21:16,17.7,62,10.3,0.77,9.35
2025-03-27 22:16,17.0,65,10.4,0.68,9.41
2025-03-27 23:16,16.6,66,10.2,0.64,9.32
2025-03-28 00:16,16.4,67,10.3,0.62,9.35
2025-03-28 01:16,16.3,66,9.9,0.63,9.16
2025-03-28 02:16,16.1,66,9.7,0.62,9.05
2025-03-28 03:16,16.1,65,9.5,0.64,8.91
2025-03-28 04:16,16.4,64,9.6,0.67,8.93
2025-03-28 05:16,16.3,66,9.9,0.63,9.16
2025-03-28 06:16,16.2,69,10.5,0.57,9.52
2025-03-28 07:16,16.1,75,11.7,0.46,10.28
2025-03-28 08:16,16.3,76,12.1,0.44,10.54
2025-03-28 09:16,18.5,67,12.3,0.70,10.60
2025-03-28 10:16,21.8,58,13.2,1.10,11.13
2025-03-28 11:16,27.0,47,14.7,1.89,12.10
2025-03-28 12:16,29.2,41,14.6,2.39,11.91
2025-03-28 13:16,31.3,37,14.9,2.88,12.03
2025-03-28 14:16,28.3,41,13.8,2.27,11.33
2025-03-28 15:16,25.4,35,8.8,2.11,8.24
2025-03-28 16:16,23.6,38,8.4,1.81,8.08
2025-03-28 17:16,22.9,39,8.2,1.70,7.97
2025-03-28 18:16,21.1,39,6.6,1.53,7.19
2025-03-28 19:16,18.4,49,7.5,1.08,7.71
2025-03-28 20:16,17.2,52,7.3,0.94,7.61
2025-03-28 21:16,16.4,49,5.6,0.95,6.84
2025-03-28 22:16,15.6,46,4.0,0.96,6.12
2025-03-28 23:16,14.8,44,2.7,0.94,5.57
2025-03-29 00:16,14.5,44,2.4,0.92,5.47
2025-03-29 01:16,13.8,43,1.4,0.90,5.12
2025-03-29 02:16,13.5,44,1.5,0.87,5.15
2025-03-29 03:16,13.3,45,1.6,0.84,5.20
2025-03-29 04:16,12.7,44,0.7,0.82,4.90
2025-03-29 05:16,12.1,45,0.5,0.78,4.83
2025-03-29 06:16,11.8,45,0.2,0.76,4.74
2025-03-29 07:16,11.0,60,3.5,0.53,6.01
2025-03-29 08:16,10.2,68,4.6,0.40,6.47
2025-03-29 09:16,9.3,71,4.3,0.34,6.38
2025-03-29 10:16,7.1,74,2.8,0.26,5.77
2025-03-29 11:16,6.9,77,3.1,0.23,5.93
2025-03-29 12:16,7.5,78,3.9,0.23,6.24
2025-03-29 13:16,7.4,76,3.4,0.25,6.04
2025-03-29 14:16,8.2,74,3.8,0.28,6.20
2025-03-29 15:16,7.4,77,3.6,0.24,6.12
2025-03-29 16:16,6.9,78,3.3,0.22,6.00
2025-03-29 17:16,6.3,78,2.7,0.21,5.77
2025-03-29 18:16,6.2,79,2.8,0.20,5.81
2025-03-29 19:16,5.9,80,2.7,0.19,5.77
2025-03-29 20:16,6.0,79,2.6,0.20,5.73
2025-03-29 21:16,6.0,81,3.0,0.18,5.88
2025-03-29 22:16,5.9,83,3.2,0.16,5.98
2025-03-29 23:16,5.7,82,2.9,0.16,5.84
2025-03-30 00:16,5.7,83,3.0,0.16,5.91
2025-03-30 01:16,5.7,82,2.9,0.16,5.84
2025-03-30 02:16,5.6,83,2.9,0.15,5.87
2025-03-30 03:16,5.7,83,3.0,0.16,5.91
2025-03-30 04:16,5.6,81,2.6,0.17,5.73
2025-03-30 05:16,5.0,81,2.0,0.17,5.50
2025-03-30 06:16,5.2,82,2.4,0.16,5.65
2025-03-30 07:16,6.1,79,2.7,0.20,5.77
2025-03-30 08:16,8.2,69,2.8,0.34,5.78
2025-03-30 09:16,10.6,57,2.4,0.55,5.56
2025-03-30 10:16,13.2,49,2.7,0.77,5.63
2025-03-30 11:16,15.9,41,2.7,1.07,5.55
2025-03-30 12:16,17.7,38,3.2,1.26,5.73
2025-03-30 13:16,20.7,33,3.8,1.64,5.94
2025-03-30 14:16,20.3,31,2.6,1.64,5.45
2025-03-30 15:16,16.6,32,-0.2,1.28,4.52
2025-03-30 16:16,14.4,35,-0.9,1.07,4.33
2025-03-30 17:16,12.4,34,-3.0,0.95,3.71
2025-03-30 18:16,10.8,36,-3.7,0.83,3.56
2025-03-30 19:16,9.8,37,-4.2,0.76,3.43
2025-03-30 20:16,9.0,39,-4.2,0.70,3.44
2025-03-30 21:16,8.6,38,-4.9,0.69,3.27
2025-03-30 22:16,8.0,39,-5.1,0.65,3.22
2025-03-30 23:16,7.5,40,-5.3,0.62,3.20
2025-03-31 00:16,7.1,42,-5.0,0.59,3.28
2025-03-31 01:16,6.9,42,-5.1,0.58,3.23
2025-03-31 02:16,6.7,42,-5.3,0.57,3.19
2025-03-31 03:16,6.6,44,-4.8,0.55,3.32
2025-03-31 04:16,6.5,43,-5.2,0.55,3.22
2025-03-31 05:16,6.4,44,-5.0,0.54,3.28
2025-03-31 06:16,6.2,46,-4.6,0.51,3.38
2025-03-31 07:16,6.4,46,-4.4,0.52,3.43
2025-03-31 08:16,7.9,44,-3.6,0.60,3.61
2025-03-31 09:16,10.1,39,-3.3,0.75,3.69
2025-03-31 10:16,11.9,37,-2.4,0.88,3.92
2025-03-31 11:16,11.6,36,-3.0,0.87,3.74
2025-03-31 12:16,11.6,34,-3.8,0.90,3.53
2025-03-31 13:16,10.8,36,-3.7,0.83,3.56
2025-03-31 14:16,11.3,38,-2.5,0.83,3.88
2025-03-31 15:16,10.5,39,-2.9,0.77,3.78
2025-03-31 16:16,11.1,38,-2.7,0.82,3.83
2025-03-31 17:16,9.1,47,-1.6,0.61,4.17
2025-03-31 18:16,7.9,59,0.4,0.44,4.85
2025-03-31 19:16,7.2,65,1.1,0.36,5.10
2025-03-31 20:16,7.0,69,1.7,0.31,5.35
2025-03-31 21:16,6.7,71,1.8,0.28,5.39
2025-03-31 22:16,6.3,76,2.4,0.23,5.63
2025-03-31 23:16,5.9,80,2.7,0.19,5.77
2025-04-01 00:16,5.7,82,2.9,0.16,5.84
2025-04-01 01:16,5.6,83,2.9,0.15,5.87
2025-04-01 02:16,5.5,82,2.7,0.16,5.76
2025-04-01 03:16,5.4,83,2.7,0.15,5.79
2025-04-01 04:16,5.3,83,2.6,0.15,5.75
2025-04-01 05:16,5.3,84,2.8,0.14,5.82
2025-04-01 06:16,5.2,85,2.9,0.13,5.85
2025-04-01 07:16,5.3,84,2.8,0.14,5.82
2025-04-01 08:16,5.5,84,3.0,0.14,5.90
2025-04-01 09:16,5.6,84,3.1,0.15,5.94
2025-04-01 10:16,5.9,85,3.6,0.14,6.13
2025-04-01 11:16,6.3,85,4.0,0.14,6.29
2025-04-01 12:16,7.0,84,4.5,0.16,6.51
2025-04-01 13:16,7.2,84,4.7,0.16,6.59
2025-04-01 14:16,7.3,84,4.8,0.16,6.64
2025-04-01 15:16,7.2,86,5.0,0.14,6.75
2025-04-01 16:16,7.1,87,5.1,0.13,6.79
2025-04-01 17:16,6.9,87,4.9,0.13,6.70
2025-04-01 18:16,6.8,88,4.9,0.12,6.73
2025-04-01 19:16,6.6,89,4.9,0.11,6.72
2025-04-01 20:16,6.8,90,5.3,0.10,6.88
2025-04-01 21:16,7.0,92,5.8,0.08,7.13
2025-04-01 22:16,7.1,91,5.7,0.09,7.10
2025-04-01 23:16,7.2,92,6.0,0.08,7.22
2025-04-02 00:16,7.5,92,6.3,0.08,7.36
2025-04-02 01:16,7.7,93,6.6,0.07,7.54
2025-04-02 02:16,7.8,92,6.6,0.08,7.51
2025-04-02 03:16,7.9,93,6.8,0.07,7.64
2025-04-02 04:16,8.0,92,6.8,0.09,7.61
2025-04-02 05:16,8.2,92,7.0,0.09,7.70
2025-04-02 06:16,8.3,93,7.2,0.08,7.84
2025-04-02 07:16,8.7,93,7.6,0.08,8.04
2025-04-02 08:16,9.2,93,8.1,0.08,8.30
2025-04-02 09:16,10.2,92,9.0,0.10,8.76
2025-04-02 10:16,12.7,89,10.9,0.16,9.91
2025-04-02 11:16,13.4,84,10.7,0.25,9.76
2025-04-02 12:16,13.3,81,10.1,0.29,9.36
2025-04-02 13:16,13.9,78,10.1,0.35,9.35
2025-04-02 14:16,14.3,79,10.7,0.34,9.71
2025-04-02 15:16,14.4,76,10.2,0.39,9.39
2025-04-02 16:16,14.0,79,10.4,0.34,9.53
2025-04-02 17:16,13.7,79,10.1,0.33,9.35
2025-04-02 18:16,12.5,83,9.7,0.25,9.13
2025-04-02 19:16,11.3,88,9.4,0.16,8.98
2025-04-02 20:16,10.7,88,8.8,0.15,8.64
2025-04-02 21:16,10.5,89,8.8,0.14,8.63
2025-04-02 22:16,10.3,89,8.6,0.14,8.52
2025-04-02 23:16,10.0,91,8.6,0.11,8.55
2025-04-03 00:16,9.8,90,8.2,0.12,8.35
2025-04-03 01:16,9.5,91,8.1,0.11,8.28
2025-04-03 02:16,8.9,91,7.5,0.10,7.97
2025-04-03 03:16,8.7,91,7.3,0.10,7.87
2025-04-03 04:16,8.7,91,7.3,0.10,7.87
2025-04-03 05:16,8.5,91,7.1,0.10,7.77
2025-04-03 06:16,8.5,92,7.3,0.09,7.85
2025-04-03 07:16,8.7,90,7.1,0.11,7.78
2025-04-03 08:16,9.1,90,7.5,0.12,7.99
2025-04-03 09:16,9.6,87,7.5,0.16,7.97
2025-04-03 10:16,10.4,87,8.3,0.16,8.38
2025-04-03 11:16,10.9,83,8.1,0.22,8.26
2025-04-03 12:16,11.0,82,8.0,0.24,8.21
2025-04-03 13:16,10.3,84,7.7,0.20,8.04
2025-04-03 14:16,10.9,85,8.5,0.20,8.45
2025-04-03 15:16,11.7,83,8.9,0.23,8.68
2025-04-03 16:16,12.4,80,9.0,0.29,8.74
2025-04-03 17:16,11.2,78,7.5,0.29,7.91
2025-04-03 18:16,10.2,80,6.9,0.25,7.61
2025-04-03 19:16,9.1,84,6.5,0.18,7.45
2025-04-03 20:16,7.8,88,5.9,0.13,7.18
2025-04-03 21:16,6.8,90,5.3,0.10,6.88
2025-04-03 22:16,6.7,91,5.3,0.09,6.91
2025-04-03 23:16,6.1,92,4.9,0.08,6.72
2025-04-04 00:16,5.1,92,3.9,0.07,6.29
2025-04-04 01:16,4.5,92,3.3,0.07,6.05
2025-04-04 02:16,4.4,93,3.4,0.06,6.07
2025-04-04 03:16,3.8,92,2.6,0.06,5.77
2025-04-04 04:16,3.4,93,2.4,0.05,5.68
2025-04-04 05:16,2.9,94,2.0,0.05,5.55
2025-04-04 06:16,2.7,94,1.8,0.04,5.48
2025-04-04 07:16,5.5,98,5.2,0.02,6.88
2025-04-04 08:16,10.2,75,6.0,0.31,7.14
2025-04-04 09:16,13.8,52,4.1,0.76,6.20
2025-04-04 10:16,16.8,42,3.8,1.11,6.00
2025-04-04 11:16,19.3,38,4.6,1.39,6.30
2025-04-04 12:16,20.9,34,4.4,1.63,6.19
2025-04-04 13:16,22.7,30,4.2,1.93,6.06
2025-04-04 14:16,22.6,27,2.6,2.00,5.42
2025-04-04 15:16,21.9,26,1.5,1.94,5.02
2025-04-04 16:16,19.2,26,-0.8,1.65,4.29
2025-04-04 17:16,15.7,29,-2.3,1.27,3.88
2025-04-04 18:16,12.4,34,-3.0,0.95,3.71
2025-04-04 19:16,10.7,40,-2.4,0.77,3.93
2025-04-04 20:16,9.8,46,-1.3,0.65,4.27
2025-04-04 21:16,9.2,48,-1.3,0.61,4.29
2025-04-04 22:16,8.4,50,-1.4,0.55,4.24
2025-04-04 23:16,8.2,50,-1.6,0.54,4.19
2025-04-05 00:16,8.0,50,-1.8,0.54,4.13
2025-04-05 01:16,7.7,50,-2.1,0.53,4.05
2025-04-05 02:16,7.2,53,-1.8,0.48,4.16
2025-04-05 03:16,6.9,53,-2.0,0.47,4.08
2025-04-05 04:16,5.7,59,-1.7,0.38,4.20
2025-04-05 05:16,5.3,60,-1.8,0.36,4.16
2025-04-05 06:16,5.0,64,-1.3,0.31,4.35
2025-04-05 07:16,6.8,63,0.2,0.37,4.82
2025-04-05 08:16,9.9,56,1.5,0.54,5.23
2025-04-05 09:16,13.4,44,1.4,0.86,5.11
2025-04-05 10:16,15.0,40,1.5,1.02,5.13
2025-04-05 11:16,18.1,36,2.8,1.33,5.56
2025-04-05 12:16,20.1,32,2.9,1.60,5.56
2025-04-05 13:16,21.4,28,2.1,1.84,5.25
2025-04-05 14:16,22.5,30,4.0,1.91,5.99
2025-04-05 15:16,20.4,34,4.0,1.58,6.01
2025-04-05 16:16,19.1,38,4.4,1.37,6.23
2025-04-05 17:16,16.0,47,4.7,0.96,6.40
2025-04-05 18:16,14.8,53,5.3,0.79,6.71
2025-04-05 19:16,14.4,57,6.0,0.71,7.05
2025-04-05 20:16,13.7,61,6.3,0.61,7.22
2025-04-05 21:16,13.3,65,6.9,0.53,7.51
2025-04-05 22:16,12.6,70,7.3,0.44,7.74
2025-04-05 23:16,12.4,72,7.5,0.40,7.87
2025-04-06 00:16,12.2,73,7.5,0.38,7.88
2025-04-06 01:16,11.9,74,7.4,0.36,7.84
2025-04-06 02:16,11.6,75,7.3,0.34,7.80
2025-04-06 03:16,11.2,76,7.1,0.32,7.70
2025-04-06 04:16,10.9,77,7.0,0.30,7.66
2025-04-06 05:16,9.9,80,6.6,0.24,7.47
2025-04-06 06:16,9.9,80,6.6,0.24,7.47
2025-04-06 07:16,11.3,79,7.8,0.28,8.06
2025-04-06 08:16,14.1,74,9.5,0.42,8.98
2025-04-06 09:16,15.4,68,9.5,0.56,8.93
2025-04-06 10:16,17.0,63,9.9,0.72,9.12
2025-04-06 11:16,19.9,50,9.2,1.16,8.59
2025-04-06 12:16,19.4,40,5.4,1.35,6.67
2025-04-06 13:16,20.5,41,6.8,1.42,7.30
2025-04-06 14:16,21.8,40,7.6,1.57,7.67
2025-04-06 15:16,22.4,40,8.1,1.63,7.94
2025-04-06 16:16,22.7,39,8.0,1.68,7.88
2025-04-06 17:16,21.0,43,7.9,1.42,7.88
2025-04-06 18:16,17.6,54,8.2,0.93,8.10
2025-04-06 19:16,15.8,64,9.0,0.65,8.61
2025-04-06 20:16,15.0,68,9.1,0.55,8.72
2025-04-06 21:16,14.2,72,9.2,0.45,8.79
2025-04-06 22:16,12.8,76,8.7,0.35,8.51
2025-04-06 23:16,12.4,75,8.1,0.36,8.19
2025-04-07 00:16,11.9,77,8.0,0.32,8.15
2025-04-07 01:16,12.5,76,8.4,0.35,8.36
2025-04-07 02:16,12.2,69,6.7,0.44,7.45
2025-04-07 03:16,11.8,71,6.7,0.40,7.47
2025-04-07 04:16,11.8,68,6.1,0.44,7.16
2025-04-07 05:16,12.0,66,5.8,0.48,7.03
2025-04-07 06:16,11.6,64,5.0,0.49,6.65
2025-04-07 07:16,12.9,60,5.3,0.60,6.76
2025-04-07 08:16,15.1,56,6.4,0.76,7.22
2025-04-07 09:16,17.5,49,6.7,1.02,7.31
2025-04-07 10:16,20.5,35,4.5,1.57,6.23
2025-04-07 11:16,23.4,32,5.8,1.96,6.73
2025-04-07 12:16,20.6,31,2.9,1.67,5.55
2025-04-07 13:16,23.4,29,4.3,2.04,6.10
2025-04-07 14:16,23.4,25,2.2,2.16,5.26
2025-04-07 15:16,22.0,26,1.6,1.96,5.05
2025-04-07 16:16,21.8,25,0.9,1.96,4.80
2025-04-07 17:16,18.9,27,-0.5,1.59,4.37
2025-04-07 18:16,16.1,32,-0.6,1.24,4.39
2025-04-07 19:16,14.4,35,-0.9,1.07,4.33
2025-04-07 20:16,13.4,38,-0.6,0.95,4.42
2025-04-07 21:16,12.6,41,-0.3,0.86,4.54
2025-04-07 22:16,12.0,42,-0.5,0.81,4.48
2025-04-07 23:16,11.4,44,-0.4,0.75,4.52
2025-04-08 00:16,10.8,47,-0.1,0.69,4.65
2025-04-08 01:16,10.2,49,-0.1,0.63,4.66
2025-04-08 02:16,9.1,52,-0.3,0.55,4.61
2025-04-08 03:16,8.0,56,-0.3,0.47,4.63
2025-04-08 04:16,6.8,64,0.5,0.36,4.89
2025-04-08 05:16,6.3,67,0.6,0.32,4.96
2025-04-08 06:16,6.4,69,1.1,0.30,5.14
2025-04-08 07:16,7.9,70,2.8,0.32,5.75
2025-04-08 08:16,11.6,61,4.3,0.53,6.34
2025-04-08 09:16,15.6,50,5.2,0.89,6.65
2025-04-08 10:16,18.9,40,5.0,1.31,6.48
2025-04-08 11:16,21.7,38,6.8,1.61,7.25
2025-04-08 12:16,23.4,33,6.2,1.93,6.94
2025-04-08 13:16,24.1,34,7.3,1.98,7.44
2025-04-08 14:16,23.0,36,7.1,1.80,7.40
2025-04-08 15:16,23.4,37,7.9,1.81,7.78
2025-04-08 16:16,24.1,36,8.1,1.92,7.88
2025-04-08 17:16,21.6,40,7.4,1.55,7.59
2025-04-08 18:16,19.3,46,7.4,1.21,7.63
2025-04-08 19:16,17.7,52,7.7,0.97,7.85
2025-04-08 20:16,16.5,56,7.7,0.83,7.86
2025-04-08 21:16,15.1,60,7.4,0.69,7.74
2025-04-08 22:16,14.2,61,6.8,0.63,7.45
2025-04-08 23:16,13.5,62,6.4,0.59,7.25
2025-04-09 00:16,12.5,63,5.6,0.54,6.93
2025-04-09 01:16,11.5,67,5.6,0.45,6.92
2025-04-09 02:16,10.3,71,5.3,0.36,6.80
2025-04-09 03:16,9.4,69,4.0,0.37,6.24
2025-04-09 04:16,8.6,68,3.0,0.36,5.84
2025-04-09 05:16,8.9,66,2.9,0.39,5.78
2025-04-09 06:16,10.0,61,2.8,0.48,5.73
2025-04-09 07:16,12.6,53,3.3,0.69,5.86
2025-04-09 08:16,15.7,45,3.8,0.98,6.02
2025-04-09 09:16,19.3,36,3.8,1.43,5.97
2025-04-09 10:16,21.6,33,4.6,1.73,6.26
2025-04-09 11:16,23.5,29,4.4,2.06,6.13
2025-04-09 12:16,25.3,27,4.9,2.35,6.32
2025-04-09 13:16,26.1,23,3.3,2.60,5.63
2025-04-09 14:16,27.3,22,3.7,2.83,5.76
2025-04-09 15:16,26.5,19,1.0,2.80,4.76
2025-04-09 16:16,24.5,20,0.1,2.46,4.48
2025-04-09 17:16,21.8,22,-0.9,2.04,4.22
2025-04-09 18:16,18.7,25,-1.8,1.62,4.00
2025-04-09 19:16,16.9,28,-1.8,1.39,4.03
2025-04-09 20:16,15.8,47,4.5,0.95,6.33
2025-04-09 21:16,15.6,50,5.2,0.89,6.65
2025-04-09 22:16,15.5,50,5.1,0.88,6.61
2025-04-09 23:16,15.2,52,5.4,0.83,6.75
2025-04-10 00:16,14.8,53,5.3,0.79,6.71
2025-04-10 01:16,14.5,56,5.8,0.73,6.96
2025-04-10 02:16,13.4,61,6.0,0.60,7.09
2025-04-10 03:16,13.0,54,3.9,0.69,6.12
2025-04-10 04:16,12.5,54,3.4,0.67,5.94
2025-04-10 05:16,12.3,54,3.2,0.66,5.86
2025-04-10 06:16,12.1,55,3.3,0.64,5.90
2025-04-10 07:16,12.9,56,4.3,0.65,6.31
2025-04-10 08:16,14.0,54,4.8,0.74,6.51
2025-04-10 09:16,17.1,49,6.3,0.99,7.13
2025-04-10 10:16,18.6,47,7.1,1.14,7.48
2025-04-10 11:16,20.4,47,8.7,1.27,8.31
2025-04-10 12:16,23.3,42,9.7,1.66,8.78
2025-04-10 13:16,23.8,39,9.0,1.80,8.39
2025-04-10 14:16,23.1,39,8.4,1.72,8.06
2025-04-10 15:16,22.4,40,8.1,1.63,7.94
2025-04-10 16:16,22.2,35,6.0,1.74,6.87
2025-04-10 17:16,20.2,46,8.2,1.28,8.04
2025-04-10 18:16,18.0,51,7.7,1.01,7.83
2025-04-10 19:16,16.8,56,8.0,0.84,8.01
2025-04-10 20:16,16.1,63,9.0,0.68,8.64
2025-04-10 21:16,15.5,68,9.6,0.56,8.99
2025-04-10 22:16,15.1,73,10.3,0.46,9.42
2025-04-10 23:16,14.4,77,10.4,0.38,9.52
2025-04-11 00:16,14.4,77,10.4,0.38,9.52
2025-04-11 01:16,14.1,82,11.1,0.29,9.95
2025-04-11 02:16,13.8,82,10.8,0.28,9.77
2025-04-11 03:16,13.7,84,11.0,0.25,9.95
2025-04-11 04:16,13.4,84,10.7,0.25,9.76
2025-04-11 05:16,13.3,85,10.8,0.23,9.82
2025-04-11 06:16,13.2,85,10.7,0.23,9.76
2025-04-11 07:16,13.9,84,11.2,0.25,10.07
2025-04-11 08:16,15.5,82,12.4,0.32,10.84
2025-04-11 09:16,17.7,76,13.4,0.49,11.47
2025-04-11 10:16,19.6,66,13.1,0.78,11.14
2025-04-11 11:16,21.7,55,12.3,1.17,10.49
2025-04-11 12:16,22.6,49,11.3,1.40,9.84
2025-04-11 13:16,23.4,48,11.8,1.50,10.09
2025-04-11 14:16,24.8,43,11.4,1.78,9.79
2025-04-11 15:16,22.9,46,10.7,1.51,9.40
2025-04-11 16:16,21.9,50,11.0,1.31,9.65
2025-04-11 17:16,17.0,65,10.4,0.68,9.41
2025-04-11 18:16,16.6,65,10.0,0.66,9.18
2025-04-11 19:16,15.9,71,10.6,0.52,9.62
2025-04-11 20:16,15.5,75,11.1,0.44,9.91
2025-04-11 21:16,14.9,78,11.1,0.37,9.94
2025-04-11 22:16,14.4,81,11.2,0.31,10.01
2025-04-11 23:16,13.3,82,10.3,0.27,9.47
2025-04-12 00:16,12.5,84,9.9,0.23,9.24
2025-04-12 01:16,12.0,84,9.4,0.22,8.95
2025-04-12 02:16,11.5,85,9.1,0.20,8.78
2025-04-12 03:16,11.1,82,8.1,0.24,8.26
2025-04-12 04:16,10.7,79,7.2,0.27,7.76
2025-04-12 05:16,10.0,79,6.5,0.26,7.42
2025-04-12 06:16,10.1,81,7.0,0.23,7.66
2025-04-12 07:16,11.6,78,7.9,0.30,8.11
2025-04-12 08:16,14.9,70,9.5,0.51,8.92
2025-04-12 09:16,18.8,53,9.0,1.02,8.54
2025-04-12 10:16,21.9,43,8.7,1.50,8.30
2025-04-12 11:16,23.8,41,9.8,1.74,8.82
2025-04-12 12:16,25.1,38,9.8,1.98,8.80
2025-04-12 13:16,27.0,34,9.8,2.35,8.75
2025-04-12 14:16,27.1,33,9.4,2.40,8.54
2025-04-12 15:16,27.0,33,9.4,2.39,8.49
2025-04-12 16:16,24.6,38,9.3,1.92,8.55
2025-04-12 17:16,19.9,48,8.6,1.21,8.25
2025-04-12 18:16,17.3,54,7.9,0.91,7.96
2025-04-12 19:16,15.5,59,7.5,0.72,7.80
2025-04-12 20:16,14.6,62,7.4,0.63,7.76
2025-04-12 21:16,14.0,64,7.3,0.58,7.72
2025-04-12 22:16,13.6,66,7.4,0.53,7.77
2025-04-12 23:16,13.4,67,7.4,0.51,7.79
2025-04-13 00:16,13.2,69,7.6,0.47,7.92
2025-04-13 01:16,12.9,70,7.6,0.45,7.89
2025-04-13 02:16,12.7,72,7.8,0.41,8.01
2025-04-13 03:16,12.2,74,7.7,0.37,7.99
2025-04-13 04:16,12.2,74,7.7,0.37,7.99
2025-04-13 05:16,12.0,74,7.5,0.36,7.89
2025-04-13 06:16,12.0,75,7.7,0.35,7.99
2025-04-13 07:16,12.0,76,7.9,0.34,8.10
2025-04-13 08:16,12.2,78,8.5,0.31,8.42
2025-04-13 09:16,12.1,80,8.8,0.28,8.58
2025-04-13 10:16,12.5,84,9.9,0.23,9.24
2025-04-13 11:16,12.9,83,10.1,0.25,9.35
2025-04-13 12:16,12.8,86,10.5,0.21,9.63
2025-04-13 13:16,13.0,87,10.9,0.19,9.87
2025-04-13 14:16,13.2,88,11.3,0.18,10.10
2025-04-13 15:16,13.2,89,11.4,0.17,10.22
2025-04-13 16:16,13.5,91,12.1,0.14,10.64
2025-04-13 17:16,13.4,91,12.0,0.14,10.58
2025-04-13 18:16,13.5,92,12.2,0.12,10.76
2025-04-13 19:16,13.5,92,12.2,0.12,10.76
2025-04-13 20:16,13.4,92,12.1,0.12,10.69
2025-04-13 21:16,13.2,92,11.9,0.12,10.56
2025-04-13 22:16,13.3,93,12.2,0.11,10.74
2025-04-13 23:16,13.4,93,12.3,0.11,10.81
2025-04-14 00:16,13.5,93,12.4,0.11,10.88
2025-04-14 01:16,13.5,94,12.6,0.09,10.99
2025-04-14 02:16,13.5,93,12.4,0.11,10.88
2025-04-14 03:16,13.4,93,12.3,0.11,10.81
2025-04-14 04:16,13.1,93,12.0,0.11,10.61
2025-04-14 05:16,13.1,94,12.2,0.09,10.73
2025-04-14 06:16,13.2,93,12.1,0.11,10.68
2025-04-14 07:16,13.9,94,12.9,0.10,11.27
2025-04-14 08:16,15.8,90,14.2,0.18,12.11
2025-04-14 09:16,17.1,82,14.0,0.35,11.94
2025-04-14 10:16,20.1,79,16.3,0.49,13.73
2025-04-14 11:16,21.2,72,15.9,0.70,13.34
2025-04-14 12:16,24.3,56,15.0,1.34,12.39
2025-04-14 13:16,25.5,52,14.9,1.57,12.31
2025-04-14 14:16,27.4,42,13.3,2.12,11.05
2025-04-14 15:16,26.7,41,12.4,2.07,10.38
2025-04-14 16:16,23.6,40,9.2,1.75,8.51
2025-04-14 17:16,21.9,41,8.0,1.55,7.91
2025-04-14 18:16,19.9,49,8.9,1.19,8.42
2025-04-14 19:16,17.5,53,7.8,0.94,7.90
2025-04-14 20:16,16.1,57,7.6,0.79,7.81
2025-04-14 21:16,15.5,65,8.9,0.62,8.59
2025-04-14 22:16,14.5,67,8.4,0.54,8.33
2025-04-14 23:16,14.1,67,8.1,0.53,8.13
2025-04-15 00:16,13.5,69,7.9,0.48,8.07
2025-04-15 01:16,12.7,73,8.0,0.40,8.13
2025-04-15 02:16,11.7,77,7.8,0.32,8.05
2025-04-15 03:16,11.3,80,8.0,0.27,8.16
2025-04-15 04:16,11.1,80,7.8,0.26,8.06
2025-04-15 05:16,10.9,83,8.1,0.22,8.26
2025-04-15 06:16,10.9,82,7.9,0.23,8.16
2025-04-15 07:16,12.4,81,9.2,0.27,8.85
2025-04-15 08:16,15.1,74,10.5,0.45,9.55
2025-04-15 09:16,18.1,63,10.9,0.77,9.73
2025-04-15 10:16,19.2,56,10.2,0.98,9.23
2025-04-15 11:16,22.3,52,12.0,1.29,10.27
2025-04-15 12:16,24.8,44,11.7,1.75,10.02
2025-04-15 13:16,24.6,40,10.1,1.86,9.00
2025-04-15 14:16,23.9,38,8.7,1.84,8.22
2025-04-15 15:16,24.8,35,8.3,2.03,7.97
2025-04-15 16:16,20.4,26,0.2,1.77,4.60
2025-04-15 17:16,18.8,24,-2.2,1.65,3.87
2025-04-15 18:16,17.1,27,-2.1,1.42,3.93
2025-04-15 19:16,15.1,33,-1.1,1.15,4.26
2025-04-15 20:16,13.7,34,-1.9,1.03,4.03
2025-04-15 21:16,12.7,36,-2.0,0.94,4.01
2025-04-15 22:16,11.9,36,-2.7,0.89,3.81
2025-04-15 23:16,10.9,39,-2.5,0.80,3.88
2025-04-16 00:16,10.2,42,-2.2,0.72,4.00
2025-04-16 01:16,9.5,42,-2.8,0.69,3.82
2025-04-16 02:16,8.9,44,-2.7,0.64,3.85
2025-04-16 03:16,8.3,46,-2.7,0.59,3.88
2025-04-16 04:16,7.2,54,-1.5,0.47,4.24
2025-04-16 05:16,6.0,61,-1.0,0.36,4.43
2025-04-16 06:16,6.4,62,-0.4,0.37,4.62
2025-04-16 07:16,10.6,42,-1.8,0.74,4.10
2025-04-16 08:16,14.6,34,-1.1,1.10,4.25
2025-04-16 09:16,16.9,31,-0.4,1.33,4.46
2025-04-16 10:16,19.6,28,0.6,1.64,4.73
2025-04-16 11:16,22.3,23,0.1,2.07,4.54
2025-04-16 12:16,23.8,22,0.8,2.30,4.73
2025-04-16 13:16,25.6,20,1.0,2.63,4.76
2025-04-16 14:16,26.3,20,1.5,2.74,4.95
2025-04-16 15:16,26.4,18,0.2,2.82,4.48
2025-04-16 16:16,24.5,17,-2.2,2.55,3.80
2025-04-16 17:16,21.2,22,-1.4,1.96,4.08
2025-04-16 18:16,18.4,24,-2.6,1.61,3.77
2025-04-16 19:16,16.1,27,-2.9,1.34,3.70
2025-04-16 20:16,14.5,30,-2.9,1.16,3.73
2025-04-16 21:16,13.3,30,-3.9,1.07,3.47
2025-04-16 22:16,12.0,35,-3.0,0.91,3.73
2025-04-16 23:16,10.7,43,-1.4,0.73,4.22
2025-04-17 00:16,9.6,50,-0.3,0.60,4.58
2025-04-17 01:16,8.6,56,0.3,0.49,4.81
2025-04-17 02:16,7.9,61,0.8,0.42,5.01
2025-04-17 03:16,7.3,63,0.7,0.38,4.98
2025-04-17 04:16,6.7,68,1.2,0.31,5.17
2025-04-17 05:16,6.6,68,1.1,0.31,5.13
2025-04-17 06:16,7.3,62,0.5,0.39,4.90
2025-04-17 07:16,9.4,61,2.3,0.46,5.52
2025-04-17 08:16,13.4,50,3.2,0.77,5.81
2025-04-17 09:16,16.6,41,3.3,1.11,5.79
2025-04-17 10:16,19.7,35,3.8,1.49,5.94
2025-04-17 11:16,22.6,31,4.6,1.89,6.23
2025-04-17 12:16,25.5,29,6.2,2.32,6.87
2025-04-17 13:16,27.2,27,6.6,2.63,7.03
2025-04-17 14:16,29.3,25,7.2,3.06,7.30
2025-04-17 15:16,29.6,24,6.9,3.15,7.12
2025-04-17 16:16,28.6,26,7.2,2.90,7.31
2025-04-17 17:16,26.8,30,7.8,2.47,7.64
2025-04-17 18:16,23.4,35,7.1,1.87,7.36
2025-04-17 19:16,21.4,38,6.5,1.58,7.12
2025-04-17 20:16,19.4,43,6.5,1.28,7.17
2025-04-17 21:16,17.9,49,7.0,1.05,7.48
2025-04-17 22:16,16.2,54,6.9,0.85,7.45
2025-04-17 23:16,15.2,58,7.0,0.73,7.53
2025-04-18 00:16,14.6,60,6.9,0.66,7.51
2025-04-18 01:16,13.8,63,6.9,0.58,7.51
2025-04-18 02:16,13.1,66,6.9,0.51,7.53
2025-04-18 03:16,12.5,68,6.7,0.46,7.48
2025-04-18 04:16,12.0,69,6.5,0.43,7.35
2025-04-18 05:16,11.8,71,6.7,0.40,7.47
2025-04-18 06:16,12.1,71,7.0,0.41,7.61
2025-04-18 07:16,13.8,69,8.2,0.49,8.22
2025-04-18 08:16,15.9,63,8.9,0.67,8.53
2025-04-18 09:16,18.9,55,9.7,0.98,8.91
2025-04-18 10:16,21.1,46,9.0,1.35,8.48
2025-04-18 11:16,24.2,39,9.4,1.84,8.58
2025-04-18 12:16,26.3,36,10.0,2.19,8.91
2025-04-18 13:16,28.4,32,10.1,2.63,8.90
2025-04-18 14:16,29.9,27,8.9,3.08,8.14
2025-04-18 15:16,29.8,28,9.3,3.02,8.40
2025-04-18 16:16,28.9,33,11.0,2.67,9.43
2025-04-18 17:16,26.7,40,12.0,2.10,10.12
2025-04-18 18:16,23.8,47,11.8,1.56,10.11
2025-04-18 19:16,21.7,55,12.3,1.17,10.49
2025-04-18 20:16,20.1,62,12.6,0.89,10.78
2025-04-18 21:16,19.0,66,12.5,0.75,10.76
2025-04-18 22:16,18.2,68,12.2,0.67,10.57
2025-04-18 23:16,17.8,68,11.8,0.65,10.32
2025-04-19 00:16,17.4,67,11.2,0.66,9.93
2025-04-19 01:16,16.6,70,11.1,0.57,9.89
2025-04-19 02:16,15.6,74,11.0,0.46,9.84
2025-04-19 03:16,15.0,76,10.8,0.41,9.75
2025-04-19 04:16,14.6,77,10.6,0.38,9.64
2025-04-19 05:16,14.3,77,10.3,0.37,9.46
2025-04-19 06:16,14.4,79,10.8,0.34,9.77
2025-04-19 07:16,16.3,75,11.9,0.46,10.41
2025-04-19 08:16,18.8,68,12.8,0.69,10.95
2025-04-19 09:16,21.7,60,13.6,1.04,11.45
2025-04-19 10:16,25.4,49,13.9,1.65,11.54
2025-04-19 11:16,28.8,42,14.6,2.30,11.93
2025-04-19 12:16,31.2,35,13.9,2.95,11.32
2025-04-19 13:16,32.7,33,14.3,3.31,11.56
2025-04-19 14:16,33.2,29,12.8,3.61,10.43
2025-04-19 15:16,32.5,30,12.7,3.42,10.40
2025-04-19 16:16,31.1,32,12.5,3.07,10.30
2025-04-19 17:16,28.6,33,10.7,2.62,9.27
2025-04-19 18:16,26.3,37,10.4,2.16,9.16
2025-04-19 19:16,23.7,53,13.6,1.38,11.34
2025-04-19 20:16,22.0,60,13.9,1.06,11.64
2025-04-19 21:16,20.5,68,14.4,0.77,12.10
2025-04-19 22:16,19.5,73,14.5,0.61,12.25
2025-04-19 23:16,18.9,76,14.6,0.52,12.31
2025-04-20 00:16,18.3,76,14.0,0.50,11.88
2025-04-20 01:16,17.7,79,14.0,0.43,11.92
2025-04-20 02:16,17.4,80,13.9,0.40,11.86
2025-04-20 03:16,17.2,81,13.9,0.37,11.86
2025-04-20 04:16,16.8,82,13.7,0.34,11.72
2025-04-20 05:16,16.5,82,13.4,0.34,11.51
2025-04-20 06:16,16.3,83,13.4,0.32,11.52
2025-04-20 07:16,16.6,84,13.9,0.30,11.87
2025-04-20 08:16,17.7,83,14.8,0.34,12.52
2025-04-20 09:16,19.3,81,16.0,0.43,13.44
2025-04-20 10:16,20.3,76,15.9,0.57,13.37
2025-04-20 11:16,21.4,72,16.1,0.71,13.50
2025-04-20 12:16,23.8,62,16.1,1.12,13.34
2025-04-20 13:16,25.5,55,15.8,1.47,13.02
2025-04-20 14:16,25.9,53,15.6,1.57,12.83
2025-04-20 15:16,26.7,48,14.8,1.82,12.15
2025-04-20 16:16,26.4,49,14.8,1.76,12.20
2025-04-20 17:16,25.1,53,14.8,1.50,12.27
2025-04-20 18:16,23.6,56,14.3,1.28,11.91
2025-04-20 19:16,22.4,59,14.0,1.11,11.72
2025-04-20 20:16,21.5,63,14.2,0.95,11.88
2025-04-20 21:16,20.7,68,14.6,0.78,12.24
2025-04-20 22:16,20.2,63,12.9,0.88,11.02
2025-04-20 23:16,19.4,63,12.2,0.83,10.51
2025-04-21 00:16,19.0,62,11.6,0.83,10.10
2025-04-21 01:16,18.3,62,10.9,0.80,9.69
2025-04-21 02:16,17.3,61,9.7,0.77,8.99
2025-04-21 03:16,16.3,61,8.8,0.72,8.46
2025-04-21 04:16,15.9,55,6.9,0.81,7.45
2025-04-21 05:16,15.4,51,5.3,0.86,6.70
2025-04-21 06:16,15.8,41,2.6,1.06,5.52
2025-04-21 07:16,17.1,44,4.7,1.09,6.40
2025-04-21 08:16,18.8,37,3.8,1.37,5.96
2025-04-21 09:16,21.5,31,3.6,1.77,5.85
2025-04-21 10:16,24.0,27,3.8,2.18,5.87
2025-04-21 11:16,26.9,26,5.8,2.62,6.65
2025-04-21 12:16,28.7,22,4.9,3.07,6.22
2025-04-21 13:16,30.5,19,4.3,3.54,5.92
2025-04-21 14:16,31.5,18,4.3,3.79,5.92
2025-04-21 15:16,31.8,18,4.5,3.85,6.01
2025-04-21 16:16,30.4,20,4.9,3.47,6.20
2025-04-21 17:16,27.5,23,4.5,2.83,6.08
2025-04-21 18:16,22.9,38,7.8,1.73,7.77
2025-04-21 19:16,20.0,45,7.7,1.29,7.78
2025-04-21 20:16,18.3,53,8.5,0.99,8.29
2025-04-21 21:16,17.5,56,8.6,0.88,8.35
2025-04-21 22:16,16.6,61,9.0,0.74,8.62
2025-04-21 23:16,15.7,64,8.9,0.64,8.56
2025-04-22 00:16,14.7,67,8.6,0.55,8.44
2025-04-22 01:16,14.0,67,8.0,0.53,8.08
2025-04-22 02:16,13.2,68,7.4,0.49,7.81
2025-04-22 03:16,12.5,72,7.6,0.41,7.92
2025-04-22 04:16,11.7,73,7.0,0.37,7.64
2025-04-22 05:16,11.1,77,7.2,0.30,7.76
2025-04-22 06:16,11.8,76,7.7,0.33,8.00
2025-04-22 07:16,13.6,72,8.6,0.44,8.47
2025-04-22 08:16,16.3,66,9.9,0.63,9.16
2025-04-22 09:16,19.2,58,10.7,0.93,9.56
2025-04-22 10:16,21.7,54,12.0,1.19,10.30
2025-04-22 11:16,24.4,49,13.0,1.56,10.90
2025-04-22 12:16,26.1,44,12.9,1.89,10.77
2025-04-22 13:16,25.9,43,12.4,1.90,10.41
2025-04-22 14:16,26.3,42,12.4,1.98,10.40
2025-04-22 15:16,25.6,42,11.7,1.90,10.00
2025-04-22 16:16,24.4,44,11.4,1.71,9.79
2025-04-22 17:16,23.0,46,10.8,1.52,9.45
2025-04-22 18:16,21.3,50,10.5,1.27,9.32
2025-04-22 19:16,20.5,51,10.0,1.18,9.07
2025-04-22 20:16,19.7,55,10.4,1.03,9.34
2025-04-22 21:16,19.4,57,10.7,0.97,9.51
2025-04-22 22:16,19.4,60,11.4,0.90,10.01
2025-04-22 23:16,19.1,61,11.4,0.86,10.00
2025-04-23 00:16,18.9,63,11.7,0.81,10.21
2025-04-23 01:16,18.9,65,12.2,0.76,10.53
2025-04-23 02:16,18.5,70,12.9,0.64,11.08
2025-04-23 03:16,17.7,73,12.8,0.55,11.01
2025-04-23 04:16,17.1,61,9.5,0.76,8.88
2025-04-23 05:16,16.6,68,10.7,0.60,9.61
2025-04-23 06:16,16.3,73,11.4,0.50,10.13
2025-04-23 07:16,16.7,75,12.2,0.48,10.66
2025-04-23 08:16,17.0,77,12.9,0.45,11.14
2025-04-23 09:16,17.7,79,14.0,0.43,11.92
2025-04-23 10:16,18.2,81,14.9,0.40,12.59
2025-04-23 11:16,18.6,86,16.2,0.30,13.69
2025-04-23 12:16,18.7,82,15.6,0.39,13.13
2025-04-23 13:16,18.1,84,15.4,0.33,12.98
2025-04-23 14:16,17.9,85,15.3,0.31,12.98
2025-04-23 15:16,18.3,87,16.1,0.27,13.60
2025-04-23 16:16,18.3,87,16.1,0.27,13.60
2025-04-23 17:16,18.8,84,16.0,0.35,13.53
2025-04-23 18:16,18.7,83,15.8,0.37,13.29
2025-04-23 19:16,18.3,83,15.4,0.36,12.98
2025-04-23 20:16,17.8,84,15.1,0.33,12.75
2025-04-23 21:16,17.5,87,15.3,0.26,12.97
2025-04-23 22:16,17.5,87,15.3,0.26,12.97
2025-04-23 23:16,17.3,88,15.3,0.24,12.96
2025-04-24 00:16,17.3,86,14.9,0.28,12.67
2025-04-24 01:16,17.3,86,14.9,0.28,12.67
2025-04-24 02:16,17.3,87,15.1,0.26,12.82
2025-04-24 03:16,17.1,87,14.9,0.25,12.66
2025-04-24 04:16,17.1,88,15.1,0.23,12.81
2025-04-24 05:16,16.9,89,15.1,0.21,12.80
2025-04-24 06:16,17.3,89,15.5,0.22,13.11
2025-04-24 07:16,18.5,87,16.3,0.28,13.76
2025-04-24 08:16,20.1,81,16.7,0.45,14.08
2025-04-24 09:16,21.9,78,17.9,0.58,15.05
2025-04-24 10:16,24.1,66,17.3,1.02,14.44
2025-04-24 11:16,25.1,62,17.3,1.21,14.35
2025-04-24 12:16,26.6,60,18.2,1.39,15.10
2025-04-24 13:16,25.9,57,16.7,1.44,13.80
2025-04-24 14:16,25.2,59,16.6,1.31,13.73
2025-04-24 15:16,25.6,56,16.2,1.44,13.33
2025-04-24 16:16,25.2,55,15.5,1.44,12.80
2025-04-24 17:16,24.0,57,15.0,1.28,12.40
2025-04-24 18:16,22.3,62,14.7,1.02,12.24
2025-04-24 19:16,21.2,66,14.6,0.86,12.23
2025-04-24 20:16,20.4,68,14.3,0.77,12.03
2025-04-24 21:16,19.7,70,14.1,0.69,11.89
2025-04-24 22:16,19.4,72,14.2,0.63,12.01
2025-04-24 23:16,19.1,71,13.7,0.64,11.64
2025-04-25 00:16,18.8,75,14.3,0.54,12.08
2025-04-25 01:16,18.5,75,14.0,0.53,11.87
2025-04-25 02:16,18.0,76,13.7,0.50,11.67
2025-04-25 03:16,16.7,78,12.8,0.42,11.08
2025-04-25 04:16,16.0,84,13.3,0.29,11.44
2025-04-25 05:16,15.7,87,13.5,0.23,11.64
2025-04-25 06:16,15.5,87,13.3,0.23,11.50
2025-04-25 07:16,15.9,88,13.9,0.22,11.92
2025-04-25 08:16,16.3,89,14.5,0.20,12.35
2025-04-25 09:16,16.8,85,14.3,0.29,12.15
2025-04-25 10:16,17.4,83,14.5,0.34,12.30
2025-04-25 11:16,18.9,80,15.4,0.44,12.96
2025-04-25 12:16,20.5,76,16.1,0.58,13.52
2025-04-25 13:16,21.7,70,16.0,0.78,13.35
2025-04-25 14:16,20.8,71,15.3,0.71,12.86
2025-04-25 15:16,19.9,74,15.1,0.60,12.71
2025-04-25 16:16,19.5,76,15.2,0.54,12.75
2025-04-25 17:16,19.7,75,15.1,0.57,12.74
2025-04-25 18:16,19.3,76,15.0,0.54,12.61
2025-04-25 19:16,17.5,49,6.7,1.02,7.31
2025-04-25 20:16,16.9,46,5.2,1.04,6.62
2025-04-25 21:16,16.6,45,4.6,1.04,6.36
2025-04-25 22:16,16.1,48,5.1,0.95,6.58
2025-04-25 23:16,15.9,47,4.6,0.96,6.36
2025-04-26 00:16,15.8,50,5.4,0.90,6.73
2025-04-26 01:16,15.4,51,5.3,0.86,6.70
2025-04-26 02:16,15.1,51,5.0,0.84,6.58
2025-04-26 03:16,14.6,51,4.6,0.81,6.38
2025-04-26 04:16,14.3,52,4.6,0.78,6.39
2025-04-26 05:16,14.0,53,4.6,0.75,6.39
2025-04-26 06:16,14.2,53,4.7,0.76,6.47
2025-04-26 07:16,14.5,51,4.5,0.81,6.34
2025-04-26 08:16,15.1,46,3.6,0.93,5.93
2025-04-26 09:16,15.9,45,4.0,0.99,6.09
2025-04-26 10:16,17.2,40,3.5,1.18,5.86
2025-04-26 11:16,18.0,40,4.2,1.24,6.14
2025-04-26 12:16,18.3,41,4.8,1.24,6.41
2025-04-26 13:16,18.4,45,6.2,1.16,7.08
2025-04-26 14:16,18.4,48,7.2,1.10,7.55
2025-04-26 15:16,20.4,45,8.1,1.32,7.96
2025-04-26 16:16,20.6,45,8.2,1.33,8.05
2025-04-26 17:16,18.9,51,8.5,1.07,8.26
2025-04-26 18:16,16.7,58,8.4,0.80,8.24
2025-04-26 19:16,15.2,65,8.7,0.60,8.44
2025-04-26 20:16,13.9,69,8.3,0.49,8.27
2025-04-26 21:16,12.8,72,7.9,0.41,8.06
2025-04-26 22:16,12.0,76,7.9,0.34,8.10
2025-04-26 23:16,11.4,78,7.7,0.30,8.01
2025-04-27 00:16,10.9,80,7.6,0.26,7.96
2025-04-27 01:16,10.1,81,7.0,0.23,7.66
2025-04-27 02:16,9.1,81,6.0,0.22,7.19
2025-04-27 03:16,8.2,82,5.3,0.20,6.87
2025-04-27 04:16,7.2,83,4.5,0.17,6.52
2025-04-27 05:16,6.6,83,3.9,0.17,6.27
2025-04-27 06:16,7.7,80,4.5,0.21,6.49
2025-04-27 07:16,9.9,76,5.9,0.29,7.10
2025-04-27 08:16,13.8,60,6.2,0.63,7.15
2025-04-27 09:16,17.2,47,5.8,1.04,6.88
2025-04-27 10:16,21.1,41,7.3,1.48,7.55
2025-04-27 11:16,24.1,32,6.4,2.04,7.00
2025-04-27 12:16,26.4,31,7.9,2.37,7.72
2025-04-27 13:16,27.8,28,7.6,2.69,7.53
2025-04-27 14:16,28.8,26,7.4,2.93,7.39
2025-04-27 15:16,28.7,28,8.4,2.83,7.91
2025-04-27 16:16,27.8,29,8.1,2.65,7.80
2025-04-27 17:16,26.1,32,8.1,2.30,7.83
2025-04-27 18:16,23.8,36,7.8,1.89,7.74
2025-04-27 19:16,21.1,40,7.0,1.50,7.37
2025-04-27 20:16,19.5,46,7.6,1.22,7.72
2025-04-27 21:16,18.7,51,8.4,1.06,8.17
2025-04-27 22:16,18.1,55,8.9,0.93,8.50
2025-04-27 23:16,17.7,58,9.3,0.85,8.75
2025-04-28 00:16,16.9,61,9.3,0.75,8.77
2025-04-28 01:16,16.3,64,9.5,0.67,8.88
2025-04-28 02:16,15.5,67,9.4,0.58,8.86
2025-04-28 03:16,15.1,68,9.2,0.55,8.77
2025-04-28 04:16,14.5,72,9.5,0.46,8.95
2025-04-28 05:16,14.3,73,9.5,0.44,8.97
2025-04-28 06:16,14.6,75,10.2,0.42,9.39
2025-04-28 07:16,15.6,75,11.2,0.44,9.97
2025-04-28 08:16,16.7,70,11.2,0.57,9.95
2025-04-28 09:16,18.6,68,12.6,0.69,10.82
2025-04-28 10:16,21.0,59,12.7,1.02,10.81
2025-04-28 11:16,22.6,51,11.9,1.34,10.25
2025-04-28 12:16,23.3,48,11.7,1.49,10.04
2025-04-28 13:16,24.5,46,12.1,1.66,10.29
2025-04-28 14:16,23.6,38,8.4,1.81,8.08
2025-04-28 15:16,22.7,43,9.5,1.57,8.69
2025-04-28 16:16,21.9,46,9.8,1.42,8.88
2025-04-28 17:16,20.6,58,12.0,1.02,10.38
2025-04-28 18:16,17.6,69,11.8,0.62,10.35
2025-04-28 19:16,16.5,74,11.8,0.49,10.39
2025-04-28 20:16,15.9,77,11.9,0.42,10.43
2025-04-28 21:16,15.3,79,11.7,0.37,10.32
2025-04-28 22:16,15.1,82,12.0,0.31,10.58
2025-04-28 23:16,14.7,83,11.8,0.28,10.45
2025-04-29 00:16,14.5,85,12.0,0.25,10.57
2025-04-29 01:16,14.4,86,12.1,0.23,10.63
2025-04-29 02:16,13.9,86,11.6,0.22,10.31
2025-04-29 03:16,13.4,86,11.1,0.22,10.00
2025-04-29 04:16,12.6,86,10.3,0.20,9.51
2025-04-29 05:16,11.8,87,9.7,0.18,9.16
2025-04-29 06:16,12.3,89,10.5,0.16,9.66
2025-04-29 07:16,13.6,90,12.0,0.16,10.59
2025-04-29 08:16,15.4,73,10.6,0.47,9.59
2025-04-29 09:16,18.5,57,9.8,0.92,9.02
2025-04-29 10:16,21.4,46,9.3,1.38,8.62
2025-04-29 11:16,24.1,34,7.3,1.98,7.44
2025-04-29 12:16,25.8,29,6.4,2.36,6.98
2025-04-29 13:16,26.9,24,4.6,2.69,6.14
2025-04-29 14:16,27.8,21,3.5,2.95,5.65
2025-04-29 15:16,27.2,20,2.3,2.89,5.20
2025-04-29 16:16,26.0,20,1.3,2.69,4.87
2025-04-29 17:16,24.0,22,1.0,2.33,4.79
2025-04-29 18:16,19.8,25,-0.8,1.73,4.27
2025-04-29 19:16,17.1,30,-0.6,1.36,4.37
2025-04-29 20:16,15.5,33,-0.7,1.18,4.36
2025-04-29 21:16,14.3,36,-0.6,1.04,4.42
2025-04-29 22:16,13.5,37,-0.9,0.97,4.33
2025-04-29 23:16,12.9,38,-1.1,0.92,4.28
2025-04-30 00:16,12.1,40,-1.1,0.85,4.29
2025-04-30 01:16,11.5,43,-0.7,0.77,4.44
2025-04-30 02:16,11.0,46,-0.2,0.71,4.60
2025-04-30 03:16,10.4,46,-0.7,0.68,4.43
2025-04-30 04:16,9.7,48,-0.8,0.63,4.43
2025-04-30 05:16,9.9,49,-0.3,0.62,4.58
2025-04-30 06:16,11.3,50,1.2,0.67,5.10
2025-04-30 07:16,13.4,45,1.7,0.85,5.23
2025-04-30 08:16,15.7,40,2.1,1.07,5.35
2025-04-30 09:16,18.7,35,2.9,1.40,5.60
2025-04-30 10:16,21.3,30,3.0,1.77,5.59
2025-04-30 11:16,24.9,27,4.6,2.30,6.18
2025-04-30 12:16,27.1,23,4.2,2.76,5.95
2025-04-30 13:16,28.7,20,3.5,3.15,5.65
2025-04-30 14:16,30.0,18,3.1,3.48,5.46
2025-04-30 15:16,30.4,17,2.6,3.60,5.27
2025-04-30 16:16,29.5,21,4.9,3.26,6.20
2025-04-30 17:16,26.5,25,4.9,2.60,6.26
2025-04-30 18:16,23.2,32,5.6,1.93,6.65
2025-04-30 19:16,20.9,40,6.8,1.48,7.28
2025-04-30 20:16,19.1,48,7.8,1.15,7.87
2025-04-30 21:16,17.5,54,8.1,0.92,8.05
2025-04-30 22:16,16.2,59,8.2,0.76,8.14
2025-04-30 23:16,15.1,61,7.6,0.67,7.87
2025-05-01 00:16,14.2,62,7.0,0.62,7.57
2025-05-01 01:16,13.4,64,6.7,0.55,7.44
2025-05-01 02:16,12.8,66,6.6,0.50,7.39
2025-05-01 03:16,12.4,67,6.4,0.48,7.32
2025-05-01 04:16,11.6,68,5.9,0.44,7.07
2025-05-01 05:16,11.0,71,5.9,0.38,7.11
2025-05-01 06:16,12.2,75,7.9,0.36,8.09
2025-05-01 07:16,13.6,73,8.8,0.42,8.59
2025-05-01 08:16,16.0,66,9.6,0.62,8.99
2025-05-01 09:16,19.0,55,9.7,0.99,8.96
2025-05-01 10:16,22.0,52,11.7,1.27,10.09
2025-05-01 11:16,24.9,44,11.8,1.76,10.07
2025-05-01 12:16,27.2,35,10.4,2.34,9.11
2025-05-01 13:16,27.6,31,8.9,2.55,8.25
2025-05-01 14:16,28.1,31,9.4,2.62,8.48
2025-05-01 15:16,27.4,34,10.1,2.41,8.95
2025-05-01 16:16,26.1,38,10.7,2.10,9.30
2025-05-01 17:16,24.2,44,11.2,1.69,9.68
2025-05-01 18:16,21.5,50,10.6,1.28,9.43
2025-05-01 19:16,20.0,57,11.2,1.01,9.85
2025-05-01 20:16,19.3,61,11.6,0.87,10.12
2025-05-01 21:16,18.8,64,11.8,0.78,10.31
2025-05-01 22:16,18.3,66,11.8,0.72,10.32
2025-05-01 23:16,18.1,69,12.3,0.64,10.66
2025-05-02 00:16,17.5,70,12.0,0.60,10.44
2025-05-02 01:16,17.1,70,11.6,0.58,10.19
2025-05-02 02:16,16.6,71,11.3,0.55,10.03
2025-05-02 03:16,16.4,72,11.3,0.52,10.05
2025-05-02 04:16,16.3,73,11.4,0.50,10.13
2025-05-02 05:16,16.0,73,11.2,0.49,9.95
2025-05-02 06:16,16.1,75,11.7,0.46,10.28
2025-05-02 07:16,16.5,77,12.5,0.43,10.81
2025-05-02 08:16,17.9,77,13.8,0.47,11.76
2025-05-02 09:16,19.5,68,13.4,0.73,11.41
2025-05-02 10:16,19.2,72,14.0,0.62,11.87
2025-05-02 11:16,19.8,71,14.4,0.67,12.13
2025-05-02 12:16,19.3,75,14.8,0.56,12.44
2025-05-02 13:16,19.4,77,15.3,0.52,12.85
2025-05-02 14:16,18.9,78,15.0,0.48,12.64
2025-05-02 15:16,17.9,79,14.2,0.43,12.06
2025-05-02 16:16,17.6,81,14.3,0.38,12.15
2025-05-02 17:16,17.1,83,14.2,0.33,12.08
2025-05-02 18:16,16.1,86,13.8,0.26,11.79
2025-05-02 19:16,15.3,86,13.0,0.24,11.23
2025-05-02 20:16,14.7,88,12.7,0.20,11.08
2025-05-02 21:16,14.6,89,12.8,0.18,11.14
2025-05-02 22:16,14.2,88,12.2,0.19,10.75
2025-05-02 23:16,13.7,88,11.7,0.19,10.42
2025-05-03 00:16,13.1,87,11.0,0.20,9.93
2025-05-03 01:16,13.2,84,10.6,0.24,9.64
2025-05-03 02:16,13.1,82,10.1,0.27,9.36
2025-05-03 03:16,13.0,82,10.0,0.27,9.30
2025-05-03 04:16,12.9,79,9.3,0.31,8.90
2025-05-03 05:16,12.9,77,9.0,0.34,8.68
2025-05-03 06:16,13.1,65,6.7,0.53,7.42
2025-05-03 07:16,14.9,61,7.4,0.66,7.77
2025-05-03 08:16,16.8,53,7.2,0.90,7.58
2025-05-03 09:16,19.2,47,7.6,1.18,7.75
2025-05-03 10:16,21.9,42,8.4,1.52,8.10
2025-05-03 11:16,24.9,38,9.6,1.95,8.70
2025-05-03 12:16,27.5,35,10.7,2.39,9.26
2025-05-03 13:16,29.3,34,11.8,2.69,9.93
2025-05-03 14:16,29.5,32,11.1,2.80,9.44
2025-05-03 15:16,28.2,33,10.4,2.56,9.07
2025-05-03 16:16,27.2,34,10.0,2.38,8.85
2025-05-03 17:16,24.9,37,9.2,1.98,8.47
2025-05-03 18:16,22.2,41,8.3,1.58,8.05
2025-05-03 19:16,20.3,47,8.6,1.26,8.27
2025-05-03 20:16,19.2,52,9.1,1.07,8.57
2025-05-03 21:16,18.2,58,9.8,0.88,9.01
2025-05-03 22:16,17.3,66,10.9,0.67,9.72
2025-05-03 23:16,16.4,70,10.9,0.56,9.77
2025-05-04 00:16,16.2,73,11.4,0.50,10.07
2025-05-04 01:16,16.0,74,11.4,0.47,10.08
2025-05-04 02:16,15.9,75,11.5,0.45,10.16
2025-05-04 03:16,15.7,75,11.3,0.45,10.03
2025-05-04 04:16,14.8,74,10.2,0.44,9.37
2025-05-04 05:16,14.0,77,10.0,0.37,9.29
2025-05-04 06:16,14.2,80,10.8,0.32,9.77
2025-05-04 07:16,15.5,81,12.3,0.33,10.71
2025-05-04 08:16,17.8,78,13.9,0.45,11.84
2025-05-04 09:16,20.6,67,14.3,0.80,11.99
2025-05-04 10:16,23.1,58,14.4,1.19,11.99
2025-05-04 11:16,25.3,51,14.4,1.58,11.94
2025-05-04 12:16,27.0,49,15.4,1.82,12.61
2025-05-04 13:16,29.3,45,16.1,2.24,13.14
2025-05-04 14:16,29.1,41,14.5,2.38,11.84
2025-05-04 15:16,27.3,43,13.6,2.07,11.25
2025-05-04 16:16,25.8,48,14.0,1.73,11.56
2025-05-04 17:16,21.8,53,11.8,1.23,10.17
2025-05-04 18:16,19.7,61,12.0,0.90,10.36
2025-05-04 19:16,18.5,67,12.3,0.70,10.60
2025-05-04 20:16,17.4,71,12.1,0.58,10.52
2025-05-04 21:16,16.5,73,11.6,0.51,10.25
2025-05-04 22:16,14.9,69,9.3,0.53,8.79
2025-05-04 23:16,13.6,66,7.4,0.53,7.77
2025-05-05 00:16,12.9,65,6.5,0.52,7.33
2025-05-05 01:16,11.7,68,6.0,0.44,7.11
2025-05-05 02:16,10.7,71,5.7,0.37,6.97
2025-05-05 03:16,10.1,73,5.5,0.33,6.90
2025-05-05 04:16,9.6,74,5.2,0.31,6.78
2025-05-05 05:16,9.2,75,5.0,0.29,6.70
2025-05-05 06:16,10.4,71,5.4,0.37,6.84
2025-05-05 07:16,12.7,63,5.8,0.54,7.01
2025-05-05 08:16,15.4,54,6.1,0.80,7.09
2025-05-05 09:16,17.8,43,5.0,1.16,6.53
2025-05-05 10:16,20.3,40,6.2,1.43,7.03
2025-05-05 11:16,23.0,40,8.7,1.69,8.22
2025-05-05 12:16,25.8,40,11.2,1.99,9.63
2025-05-05 13:16,27.2,31,8.6,2.49,8.07
2025-05-05 14:16,27.5,31,8.9,2.53,8.20
2025-05-05 15:16,27.6,32,9.4,2.51,8.51
2025-05-05 16:16,25.0,36,8.9,2.03,8.29
2025-05-05 17:16,22.8,40,8.5,1.67,8.13
2025-05-05 18:16,20.7,42,7.3,1.42,7.56
2025-05-05 19:16,19.3,44,6.7,1.25,7.30
2025-05-05 20:16,18.6,49,7.7,1.09,7.80
2025-05-05 21:16,18.1,53,8.4,0.98,8.19
2025-05-05 22:16,17.3,54,7.9,0.91,7.96
2025-05-05 23:16,17.1,56,8.2,0.86,8.15
2025-05-06 00:16,16.6,59,8.5,0.77,8.33
2025-05-06 01:16,16.2,64,9.4,0.66,8.83
2025-05-06 02:16,15.9,67,9.8,0.60,9.07
2025-05-06 03:16,15.6,68,9.7,0.57,9.04
2025-05-06 04:16,15.3,69,9.6,0.54,9.01
2025-05-06 05:16,15.2,69,9.5,0.54,8.96
2025-05-06 06:16,15.2,70,9.8,0.52,9.09
2025-05-06 07:16,15.1,74,10.5,0.45,9.55
2025-05-06 08:16,14.8,77,10.8,0.39,9.75
2025-05-06 09:16,14.7,80,11.3,0.33,10.07
2025-05-06 10:16,14.9,81,11.7,0.32,10.32
2025-05-06 11:16,15.5,83,12.6,0.30,10.97
2025-05-06 12:16,16.0,82,12.9,0.33,11.17
2025-05-06 13:16,15.6,80,12.2,0.35,10.64
2025-05-06 14:16,15.4,81,12.2,0.33,10.64
2025-05-06 15:16,15.5,82,12.4,0.32,10.84
2025-05-06 16:16,15.4,82,12.3,0.31,10.77
2025-05-06 17:16,15.0,83,12.1,0.29,10.64
2025-05-06 18:16,14.7,84,12.0,0.27,10.58
2025-05-06 19:16,14.4,84,11.7,0.26,10.38
2025-05-06 20:16,14.1,86,11.8,0.23,10.44
2025-05-06 21:16,13.9,87,11.8,0.21,10.43
2025-05-06 22:16,13.9,87,11.8,0.21,10.43
2025-05-06 23:16,13.9,88,11.9,0.19,10.55
2025-05-07 00:16,13.8,88,11.8,0.19,10.48
2025-05-07 01:16,13.7,88,11.7,0.19,10.42
2025-05-07 02:16,13.8,89,12.0,0.17,10.60
2025-05-07 03:16,13.7,89,11.9,0.17,10.54
2025-05-07 04:16,13.4,89,11.6,0.17,10.35
2025-05-07 05:16,12.9,89,11.1,0.16,10.03
2025-05-07 06:16,13.7,90,12.1,0.16,10.66
2025-05-07 07:16,15.0,83,12.1,0.29,10.64
2025-05-07 08:16,17.4,69,11.7,0.62,10.23
2025-05-07 09:16,19.7,56,10.7,1.01,9.51
2025-05-07 10:16,21.6,48,10.1,1.34,9.10
2025-05-07 11:16,23.3,42,9.7,1.66,8.78
2025-05-07 12:16,24.0,37,8.4,1.88,8.05
2025-05-07 13:16,24.2,33,6.9,2.02,7.26
2025-05-07 14:16,24.4,32,6.6,2.08,7.12
2025-05-07 15:16,24.8,32,7.0,2.13,7.28
2025-05-07 16:16,24.1,30,5.4,2.10,6.56
2025-05-07 17:16,21.2,32,3.8,1.71,5.93
2025-05-07 18:16,19.6,34,3.3,1.51,5.74
2025-05-07 19:16,18.3,37,3.3,1.33,5.79
2025-05-07 20:16,17.5,36,2.2,1.28,5.37
2025-05-07 21:16,16.7,38,2.3,1.18,5.40
2025-05-07 22:16,16.1,39,2.1,1.12,5.35
2025-05-07 23:16,15.8,40,2.2,1.08,5.38
2025-05-08 00:16,15.2,41,2.0,1.02,5.32
2025-05-08 01:16,14.4,42,1.6,0.95,5.19
2025-05-08 02:16,13.4,46,2.0,0.83,5.35
2025-05-08 03:16,12.5,50,2.3,0.72,5.50
2025-05-08 04:16,11.3,57,3.1,0.58,5.81
2025-05-08 05:16,10.8,61,3.6,0.51,6.03
2025-05-08 06:16,11.6,66,5.5,0.46,6.86
2025-05-08 07:16,13.4,62,6.3,0.58,7.21
2025-05-08 08:16,16.2,53,6.6,0.87,7.31
2025-05-08 09:16,18.8,46,6.9,1.17,7.41
2025-05-08 10:16,21.5,43,8.4,1.46,8.11
2025-05-08 11:16,23.5,39,8.7,1.77,8.25
2025-05-08 12:16,25.1,37,9.4,2.01,8.57
2025-05-08 13:16,26.8,34,9.6,2.33,8.65
2025-05-08 14:16,27.7,31,9.0,2.56,8.29
2025-05-08 15:16,28.2,30,9.0,2.68,8.25
2025-05-08 16:16,26.2,31,7.7,2.35,7.63
2025-05-08 17:16,24.3,34,7.4,2.01,7.52
2025-05-08 18:16,21.6,36,5.9,1.65,6.83
2025-05-08 19:16,19.9,45,7.6,1.28,7.73
2025-05-08 20:16,18.5,50,7.9,1.06,7.91
2025-05-08 21:16,17.9,54,8.5,0.94,8.24
2025-05-08 22:16,17.4,60,9.6,0.79,8.89
2025-05-08 23:16,16.9,64,10.0,0.69,9.21
2025-05-09 00:16,16.3,67,10.2,0.61,9.30
2025-05-09 01:16,15.1,69,9.5,0.53,8.90
2025-05-09 02:16,14.6,72,9.6,0.47,9.01
2025-05-09 03:16,14.7,72,9.7,0.47,9.07
2025-05-09 04:16,14.8,71,9.6,0.49,8.99
2025-05-09 05:16,14.8,72,9.8,0.47,9.12
2025-05-09 06:16,15.2,73,10.4,0.47,9.48
2025-05-09 07:16,16.0,72,11.0,0.51,9.81
2025-05-09 08:16,17.2,70,11.7,0.59,10.25
2025-05-09 09:16,18.8,66,12.3,0.74,10.63
2025-05-09 10:16,20.3,62,12.8,0.91,10.90
2025-05-09 11:16,22.5,56,13.3,1.20,11.19
2025-05-09 12:16,24.1,51,13.3,1.47,11.16
2025-05-09 13:16,25.8,44,12.6,1.86,10.59
2025-05-09 14:16,25.1,44,12.0,1.78,10.19
2025-05-09 15:16,24.6,45,11.9,1.70,10.13
2025-05-09 16:16,22.7,50,11.7,1.38,10.10
2025-05-09 17:16,21.3,55,11.9,1.14,10.25
2025-05-09 18:16,20.3,59,12.0,0.98,10.38
2025-05-09 19:16,19.5,65,12.7,0.79,10.91
2025-05-09 20:16,18.5,74,13.8,0.55,11.71
2025-05-09 21:16,18.0,78,14.1,0.45,11.98
2025-05-09 22:16,16.9,78,13.0,0.42,11.22
2025-05-09 23:16,16.2,79,12.6,0.39,10.89
2025-05-10 00:16,15.9,81,12.6,0.34,10.97
2025-05-10 01:16,15.5,82,12.4,0.32,10.84
2025-05-10 02:16,15.5,84,12.8,0.28,11.10
2025-05-10 03:16,15.4,85,12.9,0.26,11.17
2025-05-10 04:16,15.7,86,13.4,0.25,11.51
2025-05-10 05:16,16.2,88,14.2,0.22,12.14
2025-05-10 06:16,16.4,89,14.6,0.21,12.42
2025-05-10 07:16,16.3,89,14.5,0.20,12.35
2025-05-10 08:16,16.4,90,14.8,0.19,12.56
2025-05-10 09:16,17.0,90,15.3,0.19,13.02
2025-05-10 10:16,17.3,88,15.3,0.24,12.96
2025-05-10 11:16,17.4,89,15.6,0.22,13.19
2025-05-10 12:16,17.7,89,15.9,0.22,13.43
2025-05-10 13:16,18.5,88,16.5,0.26,13.92
2025-05-10 14:16,19.1,87,16.9,0.29,14.26
2025-05-10 15:16,19.2,85,16.6,0.33,14.02
2025-05-10 16:16,20.1,86,17.7,0.33,14.95
2025-05-10 17:16,20.3,83,17.3,0.40,14.60
2025-05-10 18:16,20.1,82,16.9,0.42,14.25
2025-05-10 19:16,19.4,83,16.4,0.38,13.85
2025-05-10 20:16,18.8,84,16.0,0.35,13.53
2025-05-10 21:16,18.5,86,16.1,0.30,13.61
2025-05-10 22:16,18.3,88,16.3,0.25,13.76
2025-05-10 23:16,17.6,88,15.6,0.24,13.20
2025-05-11 00:16,17.0,88,15.0,0.23,12.73
2025-05-11 01:16,16.2,89,14.4,0.20,12.27
2025-05-11 02:16,15.8,90,14.2,0.18,12.11
2025-05-11 03:16,15.2,90,13.6,0.17,11.68
2025-05-11 04:16,14.6,90,13.0,0.17,11.26
2025-05-11 05:16,14.6,92,13.3,0.13,11.51
2025-05-11 06:16,15.3,93,14.2,0.12,12.14
2025-05-11 07:16,16.7,94,15.7,0.11,13.36
2025-05-11 08:16,18.2,88,16.2,0.25,13.68
2025-05-11 09:16,21.7,56,12.5,1.14,10.68
2025-05-11 10:16,24.0,47,12.0,1.58,10.23
2025-05-11 11:16,26.5,41,12.2,2.04,10.26
2025-05-11 12:16,28.8,37,12.7,2.49,10.51
2025-05-11 13:16,30.0,35,12.9,2.76,10.61
2025-05-11 14:16,31.3,32,12.6,3.11,10.41
2025-05-11 15:16,30.5,31,11.5,3.01,9.66
2025-05-11 16:16,28.6,33,10.7,2.62,9.27
2025-05-11 17:16,25.3,36,9.2,2.06,8.43
2025-05-11 18:16,23.0,39,8.3,1.71,8.02
2025-05-11 19:16,21.9,41,8.0,1.55,7.91
2025-05-11 20:16,21.1,44,8.4,1.40,8.11
2025-05-11 21:16,20.3,45,8.0,1.31,7.91
2025-05-11 22:16,19.8,49,8.8,1.18,8.37
2025-05-11 23:16,19.0,54,9.5,1.01,8.80
2025-05-12 00:16,18.2,62,10.8,0.79,9.64
2025-05-12 01:16,17.4,68,11.4,0.64,10.08
2025-05-12 02:16,16.6,73,11.7,0.51,10.31
2025-05-12 03:16,16.4,76,12.2,0.45,10.61
2025-05-12 04:16,16.1,79,12.5,0.38,10.83
2025-05-12 05:16,15.7,81,12.4,0.34,10.84
2025-05-12 06:16,15.6,83,12.7,0.30,11.04
2025-05-12 07:16,15.8,83,12.9,0.31,11.17
2025-05-12 08:16,15.8,84,13.1,0.29,11.31
2025-05-12 09:16,16.1,84,13.4,0.29,11.51
2025-05-12 10:16,16.6,83,13.7,0.32,11.72
2025-05-12 11:16,17.2,81,13.9,0.37,11.86
2025-05-12 12:16,18.0,79,14.3,0.43,12.13
2025-05-12 13:16,18.4,76,14.1,0.51,11.95
2025-05-12 14:16,18.4,75,13.9,0.53,11.80
2025-05-12 15:16,19.4,73,14.4,0.61,12.18
2025-05-12 16:16,19.4,72,14.2,0.63,12.01
2025-05-12 17:16,19.0,71,13.6,0.64,11.57
2025-05-12 18:16,18.4,74,13.7,0.55,11.64
2025-05-12 19:16,17.6,76,13.3,0.48,11.40
2025-05-12 20:16,17.2,78,13.3,0.43,11.42
2025-05-12 21:16,16.7,80,13.2,0.38,11.37
2025-05-12 22:16,16.4,82,13.3,0.34,11.45
2025-05-12 23:16,16.2,83,13.3,0.31,11.45
2025-05-13 00:16,15.8,84,13.1,0.29,11.31
2025-05-13 01:16,15.2,85,12.7,0.26,11.03
2025-05-13 02:16,15.1,87,13.0,0.22,11.22
2025-05-13 03:16,15.0,87,12.9,0.22,11.16
2025-05-13 04:16,14.2,87,12.1,0.21,10.62
2025-05-13 05:16,13.9,88,11.9,0.19,10.55
2025-05-13 06:16,14.2,89,12.4,0.18,10.87
2025-05-13 07:16,15.7,91,14.2,0.16,12.18
2025-05-13 08:16,17.3,90,15.6,0.20,13.26
2025-05-13 09:16,20.0,78,16.0,0.51,13.48
2025-05-13 10:16,22.8,65,15.9,0.97,13.21
2025-05-13 11:16,26.4,53,16.0,1.62,13.19
2025-05-13 12:16,28.1,43,14.3,2.17,11.76
2025-05-13 13:16,29.5,37,13.3,2.60,10.92
2025-05-13 14:16,30.7,34,13.0,2.91,10.71
2025-05-13 15:16,30.3,32,11.8,2.94,9.86
2025-05-13 16:16,29.5,33,11.5,2.76,9.74
2025-05-13 17:16,26.8,38,11.3,2.18,9.67
2025-05-13 18:16,24.4,43,11.0,1.74,9.57
2025-05-13 19:16,22.4,48,10.8,1.41,9.53
2025-05-13 20:16,21.1,54,11.4,1.15,9.95
2025-05-13 21:16,20.1,61,12.3,0.92,10.60
2025-05-13 22:16,19.6,65,12.8,0.80,10.97
2025-05-13 23:16,18.4,70,12.8,0.63,11.01
2025-05-14 00:16,17.6,73,12.7,0.54,10.95
2025-05-14 01:16,16.8,76,12.5,0.46,10.87
2025-05-14 02:16,16.2,77,12.2,0.42,10.62
2025-05-14 03:16,15.6,79,12.0,0.37,10.51
2025-05-14 04:16,15.2,79,11.6,0.36,10.25
2025-05-14 05:16,14.8,81,11.6,0.32,10.26
2025-05-14 06:16,15.8,83,12.9,0.31,11.17
2025-05-14 07:16,17.4,82,14.3,0.36,12.15
2025-05-14 08:16,19.8,75,15.2,0.58,12.81
2025-05-14 09:16,21.8,66,15.2,0.89,12.66
2025-05-14 10:16,24.1,58,15.3,1.26,12.69
2025-05-14 11:16,25.3,54,15.3,1.48,12.64
2025-05-14 12:16,26.4,52,15.7,1.65,12.94
2025-05-14 13:16,28.4,46,15.7,2.09,12.79
2025-05-14 14:16,29.4,40,14.4,2.46,11.74
2025-05-14 15:16,29.7,39,14.3,2.54,11.64
2025-05-14 16:16,29.0,41,14.4,2.36,11.78
2025-05-14 17:16,28.0,36,11.5,2.42,9.79
2025-05-14 18:16,25.7,42,11.8,1.92,10.06
2025-05-14 19:16,23.3,49,12.0,1.46,10.25
2025-05-14 20:16,21.6,53,11.6,1.21,10.05
2025-05-14 21:16,20.3,59,12.0,0.98,10.38
2025-05-14 22:16,19.2,64,12.2,0.80,10.55
2025-05-14 23:16,18.2,70,12.6,0.63,10.88
2025-05-15 00:16,17.1,75,12.6,0.49,10.92
2025-05-15 01:16,16.1,77,12.1,0.42,10.55
2025-05-15 02:16,15.1,78,11.3,0.38,10.06
2025-05-15 03:16,14.7,79,11.1,0.35,9.95
2025-05-15 04:16,14.3,81,11.1,0.31,9.95
2025-05-15 05:16,13.9,83,11.1,0.27,9.95
2025-05-15 06:16,15.0,85,12.5,0.26,10.90
2025-05-15 07:16,17.0,85,14.5,0.29,12.30
2025-05-15 08:16,20.0,82,16.8,0.42,14.17
2025-05-15 09:16,21.8,75,17.2,0.65,14.39
2025-05-15 10:16,24.3,64,17.1,1.09,14.16
2025-05-15 11:16,27.0,49,15.4,1.82,12.61
2025-05-15 12:16,27.4,42,13.3,2.12,11.05
2025-05-15 13:16,29.3,36,12.7,2.61,10.51
2025-05-15 14:16,30.7,34,13.0,2.91,10.71
2025-05-15 15:16,30.7,31,11.6,3.05,9.76
2025-05-15 16:16,29.1,32,10.7,2.74,9.24
2025-05-15 17:16,26.4,37,10.5,2.17,9.21
2025-05-15 18:16,24.4,42,10.7,1.77,9.35
2025-05-15 19:16,22.6,47,10.7,1.45,9.44
2025-05-15 20:16,21.8,54,12.1,1.20,10.36
2025-05-15 21:16,20.9,60,12.8,0.99,10.93
2025-05-15 22:16,20.2,64,13.2,0.85,11.19
2025-05-15 23:16,19.4,70,13.8,0.68,11.68
2025-05-16 00:16,18.6,73,13.7,0.58,11.62
2025-05-16 01:16,18.1,74,13.4,0.54,11.43
2025-05-16 02:16,17.9,73,13.0,0.55,11.15
2025-05-16 03:16,17.7,73,12.8,0.55,11.01
2025-05-16 04:16,17.5,75,13.0,0.50,11.18
2025-05-16 05:16,17.3,75,12.8,0.49,11.05
2025-05-16 06:16,18.1,77,14.0,0.48,11.90
2025-05-16 07:16,19.5,75,14.9,0.57,12.59
2025-05-16 08:16,21.2,73,16.2,0.68,13.53
2025-05-16 09:16,23.6,66,16.9,0.99,14.04
2025-05-16 10:16,25.7,55,16.0,1.49,13.17
2025-05-16 11:16,26.2,54,16.2,1.56,13.29
2025-05-16 12:16,26.1,53,15.8,1.59,12.98
2025-05-16 13:16,28.4,50,17.0,1.93,13.90
2025-05-16 14:16,29.9,44,16.3,2.36,13.27
2025-05-16 15:16,30.8,39,15.2,2.71,12.35
2025-05-16 16:16,29.4,39,14.0,2.50,11.45
2025-05-16 17:16,27.1,47,14.8,1.90,12.16
2025-05-16 18:16,24.7,50,13.6,1.56,11.32
2025-05-16 19:16,23.1,55,13.6,1.27,11.37
2025-05-16 20:16,22.3,58,13.6,1.13,11.45
2025-05-16 21:16,21.5,61,13.7,1.00,11.50
2025-05-16 22:16,21.1,63,13.8,0.93,11.61
2025-05-16 23:16,20.6,66,14.0,0.83,11.81
2025-05-17 00:16,20.3,69,14.4,0.74,12.14
2025-05-17 01:16,19.8,72,14.6,0.65,12.30
2025-05-17 02:16,19.5,74,14.7,0.59,12.42
2025-05-17 03:16,19.4,75,14.9,0.56,12.51
2025-05-17 04:16,19.2,77,15.1,0.51,12.70
2025-05-17 05:16,19.0,80,15.5,0.44,13.04
2025-05-17 06:16,19.1,83,16.1,0.38,13.61
2025-05-17 07:16,19.6,84,16.8,0.36,14.18
2025-05-17 08:16,19.6,85,17.0,0.34,14.35
2025-05-17 09:16,20.2,86,17.8,0.33,15.04
2025-05-17 10:16,20.8,84,18.0,0.39,15.21
2025-05-17 11:16,20.6,84,17.8,0.39,15.03
2025-05-17 12:16,20.9,87,18.7,0.32,15.84
2025-05-17 13:16,21.0,87,18.8,0.32,15.94
2025-05-17 14:16,21.2,87,18.9,0.33,16.12
2025-05-17 15:16,21.2,87,18.9,0.33,16.12
2025-05-17 16:16,21.5,88,19.4,0.31,16.59
2025-05-17 17:16,21.8,87,19.5,0.34,16.69
2025-05-17 18:16,21.7,84,18.9,0.42,16.02
2025-05-17 19:16,21.1,84,18.3,0.40,15.48
2025-05-17 20:16,20.7,85,18.1,0.37,15.30
2025-05-17 21:16,20.4,87,18.2,0.31,15.39
2025-05-17 22:16,19.9,88,17.9,0.28,15.12
2025-05-17 23:16,19.6,89,17.7,0.25,15.02
2025-05-18 00:16,19.4,89,17.5,0.25,14.85
2025-05-18 01:16,18.8,89,16.9,0.24,14.33
2025-05-18 02:16,18.4,90,16.7,0.21,14.16
2025-05-18 03:16,18.0,90,16.3,0.21,13.82
2025-05-18 04:16,17.6,91,16.1,0.18,13.65
2025-05-18 05:16,17.4,92,16.1,0.16,13.63
2025-05-18 06:16,18.7,94,17.7,0.13,15.05
2025-05-18 07:16,20.1,94,19.1,0.14,16.34
2025-05-18 08:16,21.9,94,20.9,0.16,18.14
2025-05-18 09:16,23.4,90,21.7,0.29,18.92
2025-05-18 10:16,24.1,84,21.2,0.48,18.38
2025-05-18 11:16,25.0,79,21.1,0.67,18.19
2025-05-18 12:16,25.6,75,20.8,0.82,17.86
2025-05-18 13:16,26.9,76,22.3,0.85,19.45
2025-05-18 14:16,28.2,69,22.0,1.19,18.97
2025-05-18 15:16,28.5,64,21.0,1.40,17.89
2025-05-18 16:16,27.1,69,20.9,1.11,17.86
2025-05-18 17:16,27.0,71,21.3,1.03,18.27
2025-05-18 18:16,26.0,74,21.0,0.87,18.02
2025-05-18 19:16,25.2,77,20.9,0.74,17.93
2025-05-18 20:16,24.8,78,20.7,0.69,17.75
2025-05-18 21:16,24.5,80,20.8,0.61,17.90
2025-05-18 22:16,24.0,80,20.3,0.60,17.41
2025-05-18 23:16,23.2,79,19.4,0.60,16.42
2025-05-19 00:16,22.9,78,18.9,0.61,15.94
2025-05-19 01:16,22.8,81,19.4,0.53,16.46
2025-05-19 02:16,22.3,82,19.1,0.48,16.19
2025-05-19 03:16,22.2,82,19.0,0.48,16.10
2025-05-19 04:16,21.9,82,18.7,0.47,15.82
2025-05-19 05:16,21.5,82,18.3,0.46,15.46
2025-05-19 06:16,20.7,80,17.1,0.49,14.40
2025-05-19 07:16,20.3,80,16.7,0.48,14.07
2025-05-19 08:16,19.6,75,15.0,0.57,12.66
2025-05-19 09:16,19.5,75,14.9,0.57,12.59
2025-05-19 10:16,19.2,75,14.7,0.56,12.37
2025-05-19 11:16,18.6,76,14.3,0.51,12.10
2025-05-19 12:16,18.4,79,14.7,0.44,12.43
2025-05-19 13:16,18.1,76,13.8,0.50,11.74
2025-05-19 14:16,18.7,69,12.9,0.67,11.05
2025-05-19 15:16,18.8,68,12.8,0.69,10.95
2025-05-19 16:16,19.0,68,13.0,0.70,11.08
2025-05-19 17:16,18.2,68,12.2,0.67,10.57
2025-05-19 18:16,17.8,69,12.0,0.63,10.47
2025-05-19 19:16,17.4,72,12.3,0.56,10.67
2025-05-19 20:16,17.2,73,12.3,0.53,10.69
2025-05-19 21:16,17.0,75,12.5,0.48,10.85
2025-05-19 22:16,16.9,76,12.6,0.46,10.93
2025-05-19 23:16,16.7,78,12.8,0.42,11.08
2025-05-20 00:16,16.6,79,12.9,0.40,11.16
2025-05-20 01:16,16.6,80,13.1,0.38,11.30
2025-05-20 02:16,16.4,80,12.9,0.37,11.17
2025-05-20 03:16,15.6,80,12.2,0.35,10.64
2025-05-20 04:16,14.6,82,11.6,0.30,10.26
2025-05-20 05:16,14.1,85,11.6,0.24,10.32
2025-05-20 06:16,15.1,87,13.0,0.22,11.22
2025-05-20 07:16,16.6,88,14.6,0.23,12.43
2025-05-20 08:16,18.7,85,16.1,0.32,13.61
2025-05-20 09:16,21.6,76,17.2,0.62,14.41
2025-05-20 10:16,24.6,64,17.3,1.11,14.40
2025-05-20 11:16,27.5,56,17.9,1.62,14.82
2025-05-20 12:16,30.4,45,17.1,2.39,13.94
2025-05-20 13:16,32.7,43,18.5,2.82,15.07
2025-05-20 14:16,34.6,41,19.4,3.24,15.87
2025-05-20 15:16,35.5,36,18.1,3.70,14.61
2025-05-20 16:16,35.2,37,18.3,3.58,14.78
2025-05-20 17:16,33.0,42,18.4,2.92,14.95
2025-05-20 18:16,30.6,48,18.3,2.28,15.03
2025-05-20 19:16,28.2,54,18.0,1.76,14.85
2025-05-20 20:16,26.5,60,18.1,1.38,15.02
2025-05-20 21:16,25.3,65,18.2,1.13,15.22
2025-05-20 22:16,24.1,70,18.3,0.90,15.32
2025-05-20 23:16,22.9,72,17.6,0.78,14.71
2025-05-21 00:16,22.1,74,17.2,0.69,14.45
2025-05-21 01:16,21.5,75,16.9,0.64,14.14
2025-05-21 02:16,21.1,76,16.7,0.60,14.00
2025-05-21 03:16,20.5,77,16.3,0.55,13.70
2025-05-21 04:16,19.9,79,16.1,0.49,13.57
2025-05-21 05:16,19.6,81,16.2,0.43,13.67
2025-05-21 06:16,20.3,83,17.3,0.40,14.60
2025-05-21 07:16,21.8,83,18.8,0.44,15.92
2025-05-21 08:16,24.2,75,19.5,0.75,16.50
2025-05-21 09:16,26.1,66,19.2,1.15,16.16
2025-05-21 10:16,28.1,62,20.1,1.44,16.95
2025-05-21 11:16,30.3,55,20.3,1.94,16.95
2025-05-21 12:16,32.6,48,20.2,2.56,16.73
2025-05-21 13:16,33.0,44,19.1,2.82,15.66
2025-05-21 14:16,34.9,42,20.1,3.24,16.52
2025-05-21 15:16,34.7,42,19.9,3.21,16.35
2025-05-21 16:16,34.1,44,20.1,3.00,16.60
2025-05-21 17:16,31.4,49,19.4,2.34,16.02
2025-05-21 18:16,29.4,53,18.8,1.93,15.56
2025-05-21 19:16,28.0,57,18.7,1.63,15.50
2025-05-21 20:16,26.8,61,18.6,1.37,15.53
2025-05-21 21:16,26.0,65,18.9,1.18,15.82
2025-05-21 22:16,25.2,68,18.9,1.03,15.83
2025-05-21 23:16,24.6,70,18.8,0.93,15.75
2025-05-22 00:16,24.0,73,18.9,0.81,15.88
2025-05-22 01:16,23.8,76,19.3,0.71,16.35
2025-05-22 02:16,23.5,77,19.2,0.67,16.28
2025-05-22 03:16,23.3,79,19.5,0.60,16.52
2025-05-22 04:16,22.8,80,19.2,0.56,16.26
2025-05-22 05:16,22.5,82,19.3,0.49,16.38
2025-05-22 06:16,22.8,83,19.8,0.47,16.87
2025-05-22 07:16,24.1,83,21.0,0.51,18.16
2025-05-22 08:16,26.0,77,21.7,0.77,18.75
2025-05-22 09:16,27.3,71,21.6,1.05,18.58
2025-05-22 10:16,28.5,65,21.3,1.36,18.17
2025-05-22 11:16,30.1,59,21.2,1.75,17.99
2025-05-22 12:16,31.6,53,20.9,2.18,17.51
2025-05-22 13:16,33.1,51,21.6,2.48,18.25
2025-05-22 14:16,32.7,46,19.6,2.67,16.12
2025-05-22 15:16,31.4,49,19.4,2.34,16.02
2025-05-22 16:16,31.4,48,19.1,2.39,15.69
2025-05-22 17:16,30.7,46,17.8,2.38,14.49
2025-05-22 18:16,29.2,47,16.7,2.15,13.65
2025-05-22 19:16,25.1,58,16.3,1.34,13.43
2025-05-22 20:16,22.4,65,15.5,0.95,12.91
2025-05-22 21:16,20.8,69,14.9,0.76,12.49
2025-05-22 22:16,19.8,70,14.2,0.69,11.96
2025-05-22 23:16,19.1,71,13.7,0.64,11.64
2025-05-23 00:16,18.1,74,13.4,0.54,11.43
2025-05-23 01:16,17.1,77,13.0,0.45,11.21
2025-05-23 02:16,16.7,79,13.0,0.40,11.23
2025-05-23 03:16,16.6,81,13.3,0.36,11.44
2025-05-23 04:16,16.3,83,13.4,0.32,11.52
2025-05-23 05:16,15.9,83,13.0,0.31,11.24
2025-05-23 06:16,16.0,85,13.5,0.27,11.58
2025-05-23 07:16,17.0,86,14.6,0.27,12.44
2025-05-23 08:16,18.3,83,15.4,0.36,12.98
2025-05-23 09:16,20.2,75,15.6,0.59,13.11
2025-05-23 10:16,21.8,63,14.4,0.97,12.09
2025-05-23 11:16,24.5,55,14.9,1.38,12.31
2025-05-23 12:16,25.3,45,12.5,1.77,10.53
2025-05-23 13:16,25.2,43,11.7,1.83,10.01
2025-05-23 14:16,25.4,46,12.9,1.75,10.83
2025-05-23 15:16,25.7,40,11.1,1.98,9.58
2025-05-23 16:16,24.1,42,10.4,1.74,9.19
2025-05-23 17:16,22.5,40,8.2,1.64,7.99
2025-05-23 18:16,20.8,46,8.8,1.33,8.33
2025-05-23 19:16,18.9,46,7.0,1.18,7.45
2025-05-23 20:16,18.0,50,7.4,1.03,7.68
2025-05-23 21:16,17.5,56,8.6,0.88,8.35
2025-05-23 22:16,17.7,66,11.3,0.69,9.96
2025-05-23 23:16,17.6,70,12.1,0.60,10.50
2025-05-24 00:16,17.3,72,12.2,0.55,10.61
2025-05-24 01:16,16.8,73,11.9,0.52,10.44
2025-05-24 02:16,16.5,70,11.0,0.56,9.83
2025-05-24 03:16,16.4,67,10.3,0.62,9.35
2025-05-24 04:16,16.5,69,10.8,0.58,9.69
2025-05-24 05:16,16.4,71,11.1,0.54,9.91
2025-05-24 06:16,16.7,71,11.4,0.55,10.09
2025-05-24 07:16,17.4,68,11.4,0.64,10.08
2025-05-24 08:16,18.1,65,11.4,0.73,10.04
2025-05-24 09:16,19.7,64,12.7,0.83,10.87
2025-05-24 10:16,21.1,61,13.3,0.98,11.24
2025-05-24 11:16,21.4,57,12.5,1.10,10.69
2025-05-24 12:16,22.4,59,14.0,1.11,11.72
2025-05-24 13:16,22.8,55,13.3,1.25,11.18
2025-05-24 14:16,22.2,54,12.4,1.23,10.60
2025-05-24 15:16,21.4,54,11.7,1.17,10.12
2025-05-24 16:16,20.6,57,11.8,1.04,10.20
2025-05-24 17:16,20.0,61,12.2,0.91,10.54
2025-05-24 18:16,19.4,66,12.9,0.77,11.01
2025-05-24 19:16,18.7,70,13.1,0.65,11.21
2025-05-24 20:16,17.8,75,13.3,0.51,11.38
2025-05-24 21:16,17.1,79,13.4,0.41,11.50
2025-05-24 22:16,16.7,81,13.4,0.36,11.51
2025-05-24 23:16,16.5,83,13.6,0.32,11.65
2025-05-25 00:16,16.3,84,13.6,0.30,11.65
2025-05-25 01:16,16.1,85,13.6,0.27,11.65
2025-05-25 02:16,16.0,86,13.7,0.25,11.72
2025-05-25 03:16,15.8,87,13.6,0.23,11.71
2025-05-25 04:16,15.6,87,13.4,0.23,11.57
2025-05-25 05:16,15.6,88,13.6,0.21,11.70
2025-05-25 06:16,15.8,89,14.0,0.20,11.98
2025-05-25 07:16,16.6,89,14.8,0.21,12.57
2025-05-25 08:16,17.5,89,15.7,0.22,13.27
2025-05-25 09:16,18.4,86,16.0,0.30,13.53
2025-05-25 10:16,19.7,83,16.7,0.39,14.09
2025-05-25 11:16,21.5,72,16.2,0.72,13.58
2025-05-25 12:16,22.8,69,16.8,0.86,14.02
2025-05-25 13:16,22.9,65,16.0,0.98,13.28
2025-05-25 14:16,22.6,67,16.2,0.90,13.46
2025-05-25 15:16,22.3,68,16.1,0.86,13.43
2025-05-25 16:16,22.6,68,16.4,0.88,13.66
2025-05-25 17:16,22.3,68,16.1,0.86,13.43
2025-05-25 18:16,21.9,71,16.4,0.76,13.70
2025-05-25 19:16,21.1,73,16.1,0.68,13.45
2025-05-25 20:16,20.5,75,15.9,0.60,13.35
2025-05-25 21:16,19.6,62,12.1,0.87,10.47
2025-05-25 22:16,19.5,56,10.5,1.00,9.40
2025-05-25 23:16,19.4,54,9.8,1.04,9.01
2025-05-26 00:16,19.0,57,10.3,0.94,9.29
2025-05-26 01:16,18.8,56,9.8,0.95,9.02
2025-05-26 02:16,18.2,56,9.3,0.92,8.70
2025-05-26 03:16,17.6,58,9.2,0.85,8.70
2025-05-26 04:16,17.1,59,9.0,0.80,8.59
2025-05-26 05:16,16.9,54,7.5,0.89,7.77
2025-05-26 06:16,17.3,53,7.6,0.93,7.81
2025-05-26 07:16,18.0,50,7.4,1.03,7.68
2025-05-26 08:16,19.3,47,7.7,1.19,7.80
2025-05-26 09:16,20.5,44,7.8,1.35,7.83
2025-05-26 10:16,21.1,43,8.0,1.43,7.92
2025-05-26 11:16,22.6,39,7.9,1.67,7.83
2025-05-26 12:16,23.3,38,8.2,1.77,7.95
2025-05-26 13:16,24.1,38,8.9,1.86,8.31
2025-05-26 14:16,24.1,39,9.3,1.83,8.53
2025-05-26 15:16,24.9,43,11.5,1.79,9.84
2025-05-26 16:16,23.4,44,10.4,1.61,9.25
2025-05-26 17:16,22.4,48,10.8,1.41,9.53
2025-05-26 18:16,21.1,53,11.1,1.18,9.77
2025-05-26 19:16,20.1,56,11.0,1.04,9.73
2025-05-26 20:16,19.1,58,10.6,0.93,9.51
2025-05-26 21:16,18.7,59,10.5,0.88,9.45
2025-05-26 22:16,18.2,57,9.5,0.90,8.86
2025-05-26 23:16,17.7,56,8.8,0.89,8.45
2025-05-27 00:16,17.2,61,9.6,0.77,8.93
2025-05-27 01:16,17.1,65,10.5,0.68,9.46
2025-05-27 02:16,16.7,69,11.0,0.59,9.81
2025-05-27 03:16,16.4,71,11.1,0.54,9.91
2025-05-27 04:16,16.1,73,11.3,0.49,10.01
2025-05-27 05:16,15.9,75,11.5,0.45,10.16
2025-05-27 06:16,16.6,77,12.5,0.43,10.88
2025-05-27 07:16,17.4,75,12.9,0.50,11.12
2025-05-27 08:16,18.7,70,13.1,0.65,11.21
2025-05-27 09:16,20.4,64,13.4,0.86,11.32
2025-05-27 10:16,21.9,56,12.7,1.16,10.81
2025-05-27 11:16,22.8,49,11.5,1.42,9.96
2025-05-27 12:16,23.7,48,12.0,1.52,10.27
2025-05-27 13:16,23.9,47,11.9,1.57,10.17
2025-05-27 14:16,23.9,47,11.9,1.57,10.17
2025-05-27 15:16,23.9,45,11.2,1.63,9.74
2025-05-27 16:16,23.3,46,11.0,1.54,9.62
2025-05-27 17:16,22.5,50,11.6,1.36,9.99
2025-05-27 18:16,21.4,56,12.3,1.12,10.50
2025-05-27 19:16,20.0,61,12.2,0.91,10.54
2025-05-27 20:16,18.7,65,12.0,0.75,10.41
2025-05-27 21:16,18.5,68,12.5,0.68,10.76
2025-05-27 22:16,17.9,69,12.1,0.64,10.54
2025-05-27 23:16,17.6,71,12.3,0.58,10.65
2025-05-28 00:16,17.4,73,12.5,0.54,10.82
2025-05-28 01:16,17.2,76,12.9,0.47,11.13
2025-05-28 02:16,16.7,80,13.2,0.38,11.37
2025-05-28 03:16,16.4,82,13.3,0.34,11.45
2025-05-28 04:16,16.1,83,13.2,0.31,11.38
2025-05-28 05:16,15.9,85,13.4,0.27,11.51
2025-05-28 06:16,16.2,87,14.0,0.24,12.00
2025-05-28 07:16,16.6,86,14.2,0.26,12.15
2025-05-28 08:16,18.5,85,15.9,0.32,13.45
2025-05-28 09:16,21.2,77,17.0,0.58,14.27
2025-05-28 10:16,23.5,67,17.0,0.96,14.17
2025-05-28 11:16,25.3,57,16.2,1.39,13.34
2025-05-28 12:16,27.6,52,16.9,1.77,13.83
2025-05-28 13:16,28.7,46,15.9,2.13,13.00
2025-05-28 14:16,29.7,43,15.8,2.38,12.83
2025-05-28 15:16,29.9,40,14.8,2.53,12.06
2025-05-28 16:16,29.1,40,14.1,2.42,11.55
2025-05-28 17:16,27.0,44,13.7,2.00,11.32
2025-05-28 18:16,24.3,48,12.6,1.58,10.62
2025-05-28 19:16,21.6,53,11.6,1.21,10.05
2025-05-28 20:16,20.0,57,11.2,1.01,9.85
2025-05-28 21:16,19.2,58,10.7,0.93,9.56
2025-05-28 22:16,18.4,59,10.2,0.87,9.28
2025-05-28 23:16,17.6,63,10.5,0.74,9.45
2025-05-29 00:16,17.0,66,10.6,0.66,9.55
2025-05-29 01:16,16.7,69,11.0,0.59,9.81
2025-05-29 02:16,16.5,71,11.2,0.54,9.97
2025-05-29 03:16,16.1,73,11.3,0.49,10.01
2025-05-29 04:16,16.0,75,11.6,0.45,10.22
2025-05-29 05:16,15.9,76,11.7,0.43,10.29
2025-05-29 06:16,16.6,79,12.9,0.40,11.16
2025-05-29 07:16,18.3,74,13.6,0.55,11.57
2025-05-29 08:16,20.1,65,13.3,0.82,11.30
2025-05-29 09:16,22.5,53,12.4,1.28,10.59
2025-05-29 10:16,24.7,49,13.3,1.59,11.09
2025-05-29 11:16,26.5,49,14.9,1.77,12.27
2025-05-29 12:16,27.7,45,14.7,2.04,12.04
2025-05-29 13:16,28.0,41,13.5,2.23,11.15
2025-05-29 14:16,27.2,40,12.4,2.16,10.41
2025-05-29 15:16,25.7,42,11.8,1.92,10.06
2025-05-29 16:16,24.8,44,11.7,1.75,10.02
2025-05-29 17:16,23.8,46,11.5,1.59,9.90
2025-05-29 18:16,22.6,49,11.3,1.40,9.84
2025-05-29 19:16,21.8,53,11.8,1.23,10.17
2025-05-29 20:16,20.9,58,12.3,1.04,10.56
2025-05-29 21:16,20.5,58,11.9,1.01,10.32
2025-05-29 22:16,19.9,57,11.1,1.00,9.79
2025-05-29 23:16,19.2,60,11.2,0.89,9.89
2025-05-30 00:16,18.2,68,12.2,0.67,10.57
2025-05-30 01:16,17.4,74,12.7,0.52,10.97
2025-05-30 02:16,16.1,77,12.1,0.42,10.55
2025-05-30 03:16,15.5,80,12.1,0.35,10.57
2025-05-30 04:16,15.2,82,12.1,0.31,10.64
2025-05-30 05:16,15.1,83,12.2,0.29,10.71
2025-05-30 06:16,14.9,84,12.2,0.27,10.71
2025-05-30 07:16,14.9,85,12.4,0.25,10.83
2025-05-30 08:16,15.2,86,12.9,0.24,11.16
2025-05-30 09:16,15.6,86,13.3,0.25,11.44
2025-05-30 10:16,16.1,86,13.8,0.26,11.79
2025-05-30 11:16,16.3,87,14.1,0.24,12.07
2025-05-30 12:16,16.6,86,14.2,0.26,12.15
2025-05-30 13:16,16.5,85,14.0,0.28,11.94
2025-05-30 14:16,16.7,85,14.2,0.29,12.08
2025-05-30 15:16,16.4,85,13.9,0.28,11.86
2025-05-30 16:16,16.5,85,14.0,0.28,11.94
2025-05-30 17:16,16.5,85,14.0,0.28,11.94
2025-05-30 18:16,16.3,85,13.8,0.28,11.79
2025-05-30 19:16,16.0,85,13.5,0.27,11.58
2025-05-30 20:16,15.8,85,13.3,0.27,11.44
2025-05-30 21:16,15.8,85,13.3,0.27,11.44
2025-05-30 22:16,15.9,84,13.2,0.29,11.38
2025-05-30 23:16,15.8,83,12.9,0.31,11.17
2025-05-31 00:16,15.8,84,13.1,0.29,11.31
2025-05-31 01:16,15.6,85,13.1,0.27,11.30
2025-05-31 02:16,15.6,85,13.1,0.27,11.30
2025-05-31 03:16,15.6,86,13.3,0.25,11.44
2025-05-31 04:16,15.5,86,13.2,0.25,11.37
2025-05-31 05:16,15.5,87,13.3,0.23,11.50
2025-05-31 06:16,15.9,87,13.7,0.23,11.78
2025-05-31 07:16,16.4,87,14.2,0.24,12.14
2025-05-31 08:16,16.3,83,13.4,0.32,11.52
2025-05-31 09:16,16.5,83,13.6,0.32,11.65
2025-05-31 10:16,16.2,84,13.5,0.29,11.58
2025-05-31 11:16,16.3,86,14.0,0.26,11.93
2025-05-31 12:16,16.8,87,14.6,0.25,12.44
2025-05-31 13:16,16.9,88,14.9,0.23,12.66
2025-05-31 14:16,17.2,89,15.4,0.22,13.03
2025-05-31 15:16,17.3,88,15.3,0.24,12.96
2025-05-31 16:16,17.6,89,15.8,0.22,13.35
2025-05-31 17:16,17.7,88,15.7,0.24,13.28
2025-05-31 18:16,17.2,88,15.2,0.24,12.89
2025-05-31 19:16,17.1,89,15.3,0.21,12.96
2025-05-31 20:16,16.8,89,15.0,0.21,12.72
2025-05-31 21:16,16.8,90,15.1,0.19,12.87
2025-05-31 22:16,16.7,91,15.2,0.17,12.93
2025-05-31 23:16,16.6,91,15.1,0.17,12.85
2025-06-01 00:16,16.5,92,15.2,0.15,12.92
2025-06-01 01:16,16.2,92,14.9,0.15,12.69
2025-06-01 02:16,15.9,92,14.6,0.14,12.46
2025-06-01 03:16,15.9,93,14.8,0.13,12.59
2025-06-01 04:16,15.8,93,14.7,0.13,12.52
2025-06-01 05:16,15.7,93,14.6,0.12,12.44
2025-06-01 06:16,16.1,94,15.1,0.11,12.88
2025-06-01 07:16,16.9,93,15.8,0.13,13.38
2025-06-01 08:16,18.0,89,16.2,0.23,13.67
2025-06-01 09:16,20.3,74,15.5,0.62,13.01
2025-06-01 10:16,22.6,66,15.9,0.93,13.26
2025-06-01 11:16,25.2,59,16.6,1.31,13.73
2025-06-01 12:16,27.4,50,16.1,1.82,13.16
2025-06-01 13:16,28.7,49,16.9,2.01,13.85
2025-06-01 14:16,29.1,48,17.0,2.09,13.86
2025-06-01 15:16,27.6,48,15.6,1.92,12.77
2025-06-01 16:16,26.8,43,13.2,2.01,10.94
2025-06-01 17:16,26.0,41,11.7,1.98,9.98
2025-06-01 18:16,24.5,44,11.4,1.72,9.85
2025-06-01 19:16,22.4,58,13.7,1.14,11.52
2025-06-01 20:16,20.4,63,13.1,0.89,11.14
2025-06-01 21:16,19.3,68,13.2,0.72,11.28
2025-06-01 22:16,18.5,72,13.4,0.60,11.39
2025-06-01 23:16,18.1,74,13.4,0.54,11.43
2025-06-02 00:16,17.1,76,12.8,0.47,11.06
2025-06-02 01:16,16.1,79,12.5,0.38,10.83
2025-06-02 02:16,15.3,81,12.1,0.33,10.58
2025-06-02 03:16,14.7,83,11.8,0.28,10.45
2025-06-02 04:16,14.4,85,11.9,0.25,10.51
2025-06-02 05:16,14.6,87,12.5,0.22,10.89
2025-06-02 06:16,15.1,87,13.0,0.22,11.22
2025-06-02 07:16,16.7,88,14.7,0.23,12.51
2025-06-02 08:16,18.7,82,15.6,0.39,13.13
2025-06-02 09:16,21.4,72,16.1,0.71,13.50
2025-06-02 10:16,23.9,61,15.9,1.16,13.20
2025-06-02 11:16,25.9,54,15.9,1.54,13.07
2025-06-02 12:16,27.2,53,16.8,1.70,13.79
2025-06-02 13:16,28.0,51,16.9,1.85,13.87
2025-06-02 14:16,26.8,52,16.1,1.69,13.24
2025-06-02 15:16,26.4,56,16.9,1.51,13.94
2025-06-02 16:16,26.4,55,16.6,1.55,13.69
2025-06-02 17:16,25.2,58,16.3,1.35,13.50
2025-06-02 18:16,24.1,62,16.4,1.14,13.57
2025-06-02 19:16,23.4,65,16.4,1.01,13.67
2025-06-02 20:16,22.8,69,16.8,0.86,14.02
2025-06-02 21:16,22.2,72,16.9,0.75,14.14
2025-06-02 22:16,21.9,74,17.1,0.68,14.28
2025-06-02 23:16,21.7,76,17.3,0.62,14.50
2025-06-03 00:16,21.5,78,17.5,0.56,14.71
2025-06-03 01:16,21.2,80,17.6,0.50,14.83
2025-06-03 02:16,20.9,81,17.5,0.47,14.75
2025-06-03 03:16,20.6,83,17.6,0.41,14.85
2025-06-03 04:16,20.4,83,17.4,0.41,14.68
2025-06-03 05:16,20.2,84,17.4,0.38,14.69
2025-06-03 06:16,19.7,85,17.1,0.34,14.43
2025-06-03 07:16,19.9,87,17.7,0.30,14.95
2025-06-03 08:16,20.0,87,17.8,0.30,15.04
2025-06-03 09:16,20.8,88,18.7,0.29,15.93
2025-06-03 10:16,20.6,86,18.2,0.34,15.39
2025-06-03 11:16,20.3,85,17.7,0.36,14.95
2025-06-03 12:16,19.6,84,16.8,0.36,14.18
2025-06-03 13:16,19.2,85,16.6,0.33,14.02
2025-06-03 14:16,18.9,87,16.7,0.28,14.09
2025-06-03 15:16,18.9,88,16.9,0.26,14.26
2025-06-03 16:16,19.2,89,17.3,0.24,14.68
2025-06-03 17:16,19.2,89,17.3,0.24,14.68
2025-06-03 18:16,19.0,89,17.1,0.24,14.50
2025-06-03 19:16,18.7,90,17.0,0.22,14.41
2025-06-03 20:16,18.5,91,17.0,0.19,14.40
2025-06-03 21:16,18.4,91,16.9,0.19,14.31
2025-06-03 22:16,18.2,92,16.9,0.17,14.30
2025-06-03 23:16,18.1,92,16.8,0.17,14.21
2025-06-04 00:16,17.8,93,16.7,0.14,14.12
2025-06-04 01:16,17.2,93,16.1,0.14,13.62
2025-06-04 02:16,16.8,93,15.7,0.13,13.30
2025-06-04 03:16,16.2,93,15.1,0.13,12.82
2025-06-04 04:16,15.8,93,14.7,0.13,12.52
2025-06-04 05:16,15.8,94,14.8,0.11,12.65
2025-06-04 06:16,16.8,96,16.2,0.08,13.73
2025-06-04 07:16,18.0,95,17.2,0.10,14.59
2025-06-04 08:16,19.5,96,18.8,0.09,16.11
2025-06-04 09:16,22.1,95,21.3,0.13,18.54
2025-06-04 10:16,24.2,84,21.3,0.48,18.48
2025-06-04 11:16,27.5,70,21.5,1.10,18.52
2025-06-04 12:16,28.4,62,20.4,1.47,17.23
2025-06-04 13:16,29.5,55,19.5,1.86,16.23
2025-06-04 14:16,30.4,50,18.8,2.17,15.49
2025-06-04 15:16,30.1,52,19.2,2.05,15.85
2025-06-04 16:16,29.7,50,18.2,2.09,14.92
2025-06-04 17:16,29.0,49,17.2,2.04,14.07
2025-06-04 18:16,27.1,55,17.3,1.61,14.23
2025-06-04 19:16,25.7,61,17.6,1.29,14.60
2025-06-04 20:16,24.6,68,18.3,0.99,15.30
2025-06-04 21:16,23.2,71,17.6,0.82,14.76
2025-06-04 22:16,22.1,74,17.2,0.69,14.45
2025-06-04 23:16,21.3,75,16.7,0.63,13.98
2025-06-05 00:16,20.7,78,16.7,0.54,14.04
2025-06-05 01:16,20.3,80,16.7,0.48,14.07
2025-06-05 02:16,20.0,81,16.6,0.44,14.00
2025-06-05 03:16,19.3,81,16.0,0.43,13.44
2025-06-05 04:16,18.5,82,15.4,0.38,12.97
2025-06-05 05:16,17.7,83,14.8,0.34,12.52
2025-06-05 06:16,18.1,84,15.4,0.33,12.98
2025-06-05 07:16,19.3,82,16.1,0.40,13.60
2025-06-05 08:16,21.5,69,15.6,0.79,13.01
2025-06-05 09:16,24.1,55,14.5,1.35,12.03
2025-06-05 10:16,26.0,44,12.8,1.88,10.71
2025-06-05 11:16,28.2,37,12.1,2.41,10.17
2025-06-05 12:16,30.6,33,12.5,2.94,10.34
2025-06-05 13:16,32.6,29,12.3,3.49,10.11
2025-06-05 14:16,33.7,29,13.2,3.71,10.71
2025-06-05 15:16,32.8,36,15.8,3.18,12.68
2025-06-05 16:16,31.5,38,15.5,2.87,12.49
2025-06-05 17:16,29.4,40,14.4,2.46,11.74
2025-06-05 18:16,27.7,42,13.6,2.15,11.23
2025-06-05 19:16,25.7,46,13.2,1.78,11.01
2025-06-05 20:16,24.4,52,13.9,1.47,11.57
2025-06-05 21:16,23.3,60,15.1,1.14,12.54
2025-06-05 22:16,21.9,65,15.0,0.92,12.54
2025-06-05 23:16,20.7,70,15.0,0.73,12.60
2025-06-06 00:16,19.9,67,13.6,0.77,11.51
2025-06-06 01:16,18.9,67,12.6,0.72,10.85
2025-06-06 02:16,18.6,66,12.1,0.73,10.50
2025-06-06 03:16,18.3,66,11.8,0.72,10.32
2025-06-06 04:16,17.8,68,11.8,0.65,10.32
2025-06-06 05:16,17.8,69,12.0,0.63,10.47
2025-06-06 06:16,18.6,72,13.5,0.60,11.46
2025-06-06 07:16,20.4,68,14.3,0.77,12.03
2025-06-06 08:16,22.2,60,14.1,1.07,11.78
2025-06-06 09:16,24.5,56,15.1,1.35,12.53
2025-06-06 10:16,26.7,55,16.9,1.58,13.92
2025-06-06 11:16,29.5,50,18.0,2.06,14.76
2025-06-06 12:16,31.0,45,17.7,2.47,14.40
2025-06-06 13:16,32.1,37,15.6,3.01,12.56
2025-06-06 14:16,33.0,33,14.6,3.37,11.75
2025-06-06 15:16,32.1,33,13.8,3.20,11.20
2025-06-06 16:16,29.9,39,14.4,2.57,11.76
2025-06-06 17:16,28.2,42,14.1,2.22,11.55
2025-06-06 18:16,26.7,45,13.8,1.93,11.39
2025-06-06 19:16,25.5,48,13.7,1.70,11.36
2025-06-06 20:16,24.5,50,13.4,1.54,11.19
2025-06-06 21:16,23.3,56,14.0,1.26,11.71
2025-06-06 22:16,22.6,60,14.4,1.10,12.05
2025-06-06 23:16,22.1,64,15.0,0.96,12.49
2025-06-07 00:16,21.6,67,15.2,0.85,12.71
2025-06-07 01:16,21.3,69,15.4,0.79,12.86
2025-06-07 02:16,21.1,71,15.6,0.73,13.08
2025-06-07 03:16,20.9,74,16.1,0.64,13.48
2025-06-07 04:16,20.7,75,16.1,0.61,13.50
2025-06-07 05:16,20.5,76,16.1,0.58,13.52
2025-06-07 06:16,21.1,78,17.1,0.55,14.37
2025-06-07 07:16,22.5,75,17.8,0.68,14.98
2025-06-07 08:16,24.0,68,17.7,0.95,14.79
2025-06-07 09:16,26.2,60,17.8,1.36,14.77
2025-06-07 10:16,28.0,57,18.7,1.63,15.50
2025-06-07 11:16,29.3,50,17.8,2.04,14.60
2025-06-07 12:16,31.9,44,18.1,2.65,14.78
2025-06-07 13:16,32.6,43,18.4,2.80,14.99
2025-06-07 14:16,32.8,38,16.6,3.08,13.38
2025-06-07 15:16,33.5,37,16.8,3.26,13.52
2025-06-07 16:16,30.6,41,15.8,2.59,12.84
2025-06-07 17:16,28.2,46,15.5,2.06,12.65
2025-06-07 18:16,27.1,53,16.7,1.69,13.72
2025-06-07 19:16,25.7,59,17.1,1.35,14.13
2025-06-07 20:16,24.5,62,16.7,1.17,13.88
2025-06-07 21:16,23.9,65,16.9,1.04,14.06
2025-06-07 22:16,22.7,69,16.7,0.86,13.94
2025-06-07 23:16,22.1,74,17.2,0.69,14.45
2025-06-08 00:16,21.5,76,17.1,0.62,14.33
2025-06-08 01:16,21.1,78,17.1,0.55,14.37
2025-06-08 02:16,21.0,80,17.4,0.50,14.65
2025-06-08 03:16,20.9,80,17.3,0.49,14.57
2025-06-08 04:16,20.9,81,17.5,0.47,14.75
2025-06-08 05:16,20.7,82,17.5,0.44,14.76
2025-06-08 06:16,21.4,83,18.4,0.43,15.56
2025-06-08 07:16,22.2,83,19.2,0.45,16.30
2025-06-08 08:16,23.5,78,19.4,0.64,16.50
2025-06-08 09:16,24.1,72,18.7,0.84,15.75
2025-06-08 10:16,25.1,70,19.2,0.96,16.20
2025-06-08 11:16,25.9,68,19.5,1.07,16.46
2025-06-08 12:16,27.9,63,20.2,1.39,17.04
2025-06-08 13:16,30.3,52,19.3,2.07,16.03
2025-06-08 14:16,30.0,51,18.8,2.08,15.47
2025-06-08 15:16,29.4,46,16.6,2.21,13.50
2025-06-08 16:16,28.0,49,16.3,1.93,13.33
2025-06-08 17:16,27.1,52,16.4,1.72,13.46
2025-06-08 18:16,25.9,52,15.3,1.60,12.59
2025-06-08 19:16,24.8,59,16.2,1.28,13.43
2025-06-08 20:16,24.0,62,16.3,1.13,13.49
2025-06-08 21:16,23.0,67,16.5,0.93,13.77
2025-06-08 22:16,22.3,72,17.0,0.75,14.22
2025-06-08 23:16,21.5,75,16.9,0.64,14.14
2025-06-09 00:16,20.9,77,16.7,0.57,14.02
2025-06-09 01:16,20.5,77,16.3,0.55,13.70
2025-06-09 02:16,20.3,79,16.5,0.50,13.89
2025-06-09 03:16,20.0,80,16.4,0.47,13.83
2025-06-09 04:16,19.8,81,16.4,0.44,13.84
2025-06-09 05:16,19.6,82,16.4,0.41,13.84
2025-06-09 06:16,20.4,84,17.6,0.38,14.86
2025-06-09 07:16,22.1,81,18.7,0.51,15.81
2025-06-09 08:16,24.0,76,19.5,0.72,16.53
2025-06-09 09:16,26.1,70,20.2,1.01,17.14
2025-06-09 10:16,28.2,63,20.5,1.41,17.32
2025-06-09 11:16,30.2,57,20.7,1.85,17.47
2025-06-09 12:16,30.3,52,19.3,2.07,16.03
2025-06-09 13:16,29.6,49,17.8,2.11,14.54
2025-06-09 14:16,29.3,51,18.1,2.00,14.89
2025-06-09 15:16,27.4,54,17.3,1.68,14.21
2025-06-09 16:16,26.1,57,16.9,1.45,13.95
2025-06-09 17:16,25.1,60,16.8,1.27,13.89
2025-06-09 18:16,23.9,63,16.4,1.10,13.63
2025-06-09 19:16,22.9,66,16.2,0.95,13.49
2025-06-09 20:16,22.2,70,16.5,0.80,13.74
2025-06-09 21:16,21.8,75,17.2,0.65,14.39
2025-06-09 22:16,21.3,78,17.3,0.56,14.54
2025-06-09 23:16,20.9,80,17.3,0.49,14.57
2025-06-10 00:16,20.8,82,17.6,0.44,14.85
2025-06-10 01:16,20.6,82,17.4,0.44,14.68
2025-06-10 02:16,20.5,83,17.5,0.41,14.77
2025-06-10 03:16,20.2,83,17.2,0.40,14.51
2025-06-10 04:16,20.1,84,17.3,0.38,14.60
2025-06-10 05:16,20.0,86,17.6,0.33,14.86
2025-06-10 06:16,20.1,87,17.9,0.31,15.12
2025-06-10 07:16,20.4,88,18.3,0.29,15.57
2025-06-10 08:16,21.2,89,19.3,0.28,16.49
2025-06-10 09:16,21.3,88,19.2,0.30,16.40
2025-06-10 10:16,21.9,88,19.8,0.32,16.98
2025-06-10 11:16,22.3,86,19.8,0.38,16.98
2025-06-10 12:16,22.4,84,19.6,0.43,16.68
2025-06-10 13:16,22.6,84,19.8,0.44,16.87
2025-06-10 14:16,22.3,83,19.3,0.46,16.39
2025-06-10 15:16,22.2,84,19.4,0.43,16.49
2025-06-10 16:16,21.9,85,19.3,0.39,16.40
2025-06-10 17:16,21.6,86,19.2,0.36,16.31
2025-06-10 18:16,21.2,87,18.9,0.33,16.12
2025-06-10 19:16,20.9,89,19.0,0.27,16.21
2025-06-10 20:16,20.6,89,18.7,0.27,15.93
2025-06-10 21:16,20.4,90,18.7,0.24,15.92
2025-06-10 22:16,20.4,91,18.9,0.22,16.10
2025-06-10 23:16,20.2,91,18.7,0.21,15.91
2025-06-11 00:16,20.1,92,18.8,0.19,15.99
2025-06-11 01:16,20.1,92,18.8,0.19,15.99
2025-06-11 02:16,20.1,93,18.9,0.16,16.17
2025-06-11 03:16,20.1,93,18.9,0.16,16.17
2025-06-11 04:16,20.1,93,18.9,0.16,16.17
2025-06-11 05:16,20.1,94,19.1,0.14,16.34
2025-06-11 06:16,20.2,94,19.2,0.14,16.44
2025-06-11 07:16,20.8,95,20.0,0.12,17.20
2025-06-11 08:16,21.6,95,20.8,0.13,18.02
2025-06-11 09:16,21.8,95,21.0,0.13,18.23
2025-06-11 10:16,22.8,94,21.8,0.17,19.10
2025-06-11 11:16,23.0,92,21.6,0.22,18.91
2025-06-11 12:16,23.0,90,21.3,0.28,18.50
2025-06-11 13:16,22.6,90,20.9,0.27,18.08
2025-06-11 14:16,22.3,88,20.2,0.32,17.38
2025-06-11 15:16,22.0,88,19.9,0.32,17.08
2025-06-11 16:16,22.2,90,20.5,0.27,17.67
2025-06-11 17:16,22.2,90,20.5,0.27,17.67
2025-06-11 18:16,22.0,90,20.3,0.26,17.47
2025-06-11 19:16,21.7,91,20.2,0.23,17.36
2025-06-11 20:16,21.4,92,20.0,0.20,17.25
2025-06-11 21:16,20.9,92,19.6,0.20,16.76
2025-06-11 22:16,20.9,93,19.7,0.17,16.94
2025-06-11 23:16,20.9,94,19.9,0.15,17.12
2025-06-12 00:16,20.9,94,19.9,0.15,17.12
2025-06-12 01:16,20.9,95,20.1,0.12,17.30
2025-06-12 02:16,20.7,95,19.9,0.12,17.10
2025-06-12 03:16,20.0,94,19.0,0.14,16.24
2025-06-12 04:16,19.2,94,18.2,0.13,15.50
2025-06-12 05:16,18.4,94,17.4,0.13,14.78
2025-06-12 06:16,19.2,94,18.2,0.13,15.50
2025-06-12 07:16,21.2,84,18.4,0.40,15.57
2025-06-12 08:16,23.9,63,16.4,1.10,13.63
2025-06-12 09:16,25.8,50,14.6,1.66,12.04
2025-06-12 10:16,26.9,46,14.3,1.91,11.77
2025-06-12 11:16,28.3,44,14.9,2.15,12.16
2025-06-12 12:16,28.4,47,16.0,2.05,13.06
2025-06-12 13:16,27.9,51,16.8,1.84,13.79
2025-06-12 14:16,28.7,49,16.9,2.01,13.85
2025-06-12 15:16,28.2,49,16.5,1.95,13.47
2025-06-12 16:16,29.1,47,16.6,2.14,13.57
2025-06-12 17:16,28.2,45,15.1,2.10,12.37
2025-06-12 18:16,27.1,49,15.5,1.83,12.68
2025-06-12 19:16,25.4,54,15.4,1.49,12.71
2025-06-12 20:16,24.4,60,16.1,1.22,13.35
2025-06-12 21:16,23.2,65,16.3,1.00,13.51
2025-06-12 22:16,21.9,69,16.0,0.81,13.31
2025-06-12 23:16,21.5,73,16.5,0.69,13.77
2025-06-13 00:16,20.7,73,15.7,0.66,13.14
2025-06-13 01:16,19.9,75,15.3,0.58,12.89
2025-06-13 02:16,18.9,76,14.6,0.52,12.31
2025-06-13 03:16,18.6,77,14.5,0.49,12.26
2025-06-13 04:16,18.7,78,14.8,0.47,12.49
2025-06-13 05:16,18.8,79,15.1,0.46,12.72
2025-06-13 06:16,19.2,79,15.5,0.47,13.03
2025-06-13 07:16,20.6,78,16.6,0.53,13.96
2025-06-13 08:16,22.2,74,17.3,0.70,14.53
2025-06-13 09:16,23.6,71,18.0,0.84,15.10
2025-06-13 10:16,25.5,66,18.7,1.11,15.63
2025-06-13 11:16,27.2,60,18.8,1.44,15.61
2025-06-13 12:16,25.4,61,17.3,1.27,14.36
2025-06-13 13:16,25.3,63,17.7,1.19,14.75
2025-06-13 14:16,25.5,66,18.7,1.11,15.63
2025-06-13 15:16,26.7,60,18.3,1.40,15.19
2025-06-13 16:16,25.9,63,18.3,1.24,15.25
2025-06-13 17:16,24.8,66,18.0,1.06,15.02
2025-06-13 18:16,24.1,68,17.8,0.96,14.88
2025-06-13 19:16,23.7,70,17.9,0.88,14.97
2025-06-13 20:16,23.0,74,18.1,0.73,15.21
2025-06-13 21:16,22.5,73,17.4,0.74,14.58
2025-06-13 22:16,22.3,74,17.4,0.70,14.61
2025-06-13 23:16,22.1,75,17.5,0.67,14.64
2025-06-14 00:16,21.9,77,17.7,0.60,14.86
2025-06-14 01:16,21.7,78,17.7,0.57,14.88
2025-06-14 02:16,21.4,80,17.8,0.51,15.00
2025-06-14 03:16,21.1,80,17.5,0.50,14.74
2025-06-14 04:16,21.0,81,17.6,0.47,14.84
2025-06-14 05:16,20.9,82,17.7,0.44,14.93
2025-06-14 06:16,21.1,83,18.1,0.43,15.29
2025-06-14 07:16,21.9,84,19.1,0.42,16.21
2025-06-14 08:16,23.3,80,19.7,0.57,16.73
2025-06-14 09:16,24.8,72,19.4,0.88,16.39
2025-06-14 10:16,26.0,67,19.4,1.11,16.31
2025-06-14 11:16,27.1,59,18.4,1.47,15.27
2025-06-14 12:16,26.1,62,18.2,1.28,15.18
2025-06-14 13:16,25.6,66,18.8,1.12,15.71
2025-06-14 14:16,25.4,71,19.8,0.94,16.71
2025-06-14 15:16,24.6,71,19.0,0.90,15.98
2025-06-14 16:16,23.1,75,18.4,0.71,15.50
2025-06-14 17:16,22.2,80,18.6,0.54,15.71
2025-06-14 18:16,21.8,82,18.6,0.47,15.73
2025-06-14 19:16,21.5,84,18.7,0.41,15.84
2025-06-14 20:16,21.2,86,18.8,0.35,15.94
2025-06-14 21:16,21.1,88,19.0,0.30,16.21
2025-06-14 22:16,21.0,89,19.1,0.27,16.30
2025-06-14 23:16,21.1,90,19.4,0.25,16.58
2025-06-15 00:16,21.1,91,19.6,0.23,16.77
2025-06-15 01:16,20.8,91,19.3,0.22,16.48
2025-06-15 02:16,20.7,92,19.4,0.20,16.56
2025-06-15 03:16,20.6,92,19.3,0.19,16.47
2025-06-15 04:16,20.5,92,19.2,0.19,16.37
2025-06-15 05:16,20.4,93,19.2,0.17,16.45
2025-06-15 06:16,20.4,93,19.2,0.17,16.45
2025-06-15 07:16,20.9,94,19.9,0.15,17.12
2025-06-15 08:16,21.5,94,20.5,0.15,17.73
2025-06-15 09:16,22.1,94,21.1,0.16,18.35
2025-06-15 10:16,23.9,94,22.9,0.18,20.34
2025-06-15 11:16,27.2,88,25.0,0.43,22.90
2025-06-15 12:16,30.2,75,25.3,1.07,22.99
2025-06-15 13:16,30.6,66,23.5,1.49,20.67
2025-06-15 14:16,32.0,66,24.8,1.62,22.28
2025-06-15 15:16,33.5,60,24.7,2.07,21.93
2025-06-15 16:16,33.0,59,23.9,2.06,21.00
2025-06-15 17:16,31.3,65,23.9,1.60,21.14
2025-06-15 18:16,30.1,69,23.8,1.32,21.04
2025-06-15 19:16,28.7,74,23.6,1.02,20.91
2025-06-15 20:16,28.0,78,23.8,0.83,21.21
2025-06-15 21:16,27.1,80,23.3,0.72,20.70
2025-06-15 22:16,26.3,76,21.7,0.82,18.81
2025-06-15 23:16,26.1,77,21.7,0.78,18.85
2025-06-16 00:16,25.7,75,20.9,0.83,17.96
2025-06-16 01:16,25.5,76,21.0,0.78,17.99
2025-06-16 02:16,25.4,79,21.5,0.68,18.60
2025-06-16 03:16,24.6,80,20.9,0.62,18.01
2025-06-16 04:16,24.2,80,20.5,0.60,17.60
2025-06-16 05:16,24.2,82,20.9,0.54,18.04
2025-06-16 06:16,24.8,84,21.9,0.50,19.12
2025-06-16 07:16,26.2,82,22.9,0.61,20.19
2025-06-16 08:16,27.7,79,23.7,0.78,21.13
2025-06-16 09:16,29.1,74,24.0,1.05,21.37
2025-06-16 10:16,30.2,70,24.1,1.29,21.46
2025-06-16 11:16,29.4,68,22.9,1.31,19.96
2025-06-16 12:16,29.3,73,24.0,1.10,21.31
2025-06-16 13:16,31.3,70,25.2,1.37,22.76
2025-06-16 14:16,32.5,66,25.3,1.66,22.88
2025-06-16 15:16,33.5,59,24.4,2.12,21.56
2025-06-16 16:16,31.8,63,23.9,1.74,21.04
2025-06-16 17:16,31.4,65,24.0,1.61,21.25
2025-06-16 18:16,30.4,67,23.6,1.43,20.76
2025-06-16 19:16,28.8,70,22.8,1.19,19.89
2025-06-16 20:16,27.5,73,22.2,0.99,19.31
2025-06-16 21:16,26.9,76,22.3,0.85,19.45
2025-06-16 22:16,26.2,81,22.7,0.65,19.94
2025-06-16 23:16,26.0,83,22.9,0.57,20.21
2025-06-17 00:16,25.9,85,23.2,0.50,20.58
2025-06-17 01:16,25.6,85,22.9,0.49,20.24
2025-06-17 02:16,25.3,86,22.8,0.45,20.13
2025-06-17 03:16,24.7,87,22.4,0.40,19.69
2025-06-17 04:16,24.3,88,22.2,0.36,19.47
2025-06-17 05:16,24.0,89,22.1,0.33,19.36
2025-06-17 06:16,24.8,91,23.2,0.28,20.71
2025-06-17 07:16,25.8,91,24.2,0.30,21.91
2025-06-17 08:16,27.2,89,25.2,0.40,23.16
2025-06-17 09:16,29.4,82,26.0,0.74,24.07
2025-06-17 10:16,32.0,72,26.3,1.33,24.31
2025-06-17 11:16,33.9,61,25.3,2.06,22.77
2025-06-17 12:16,36.5,54,25.7,2.81,23.07
2025-06-17 13:16,38.8,47,25.5,3.67,22.58
2025-06-17 14:16,40.0,41,24.2,4.35,20.92
2025-06-17 15:16,39.2,41,23.5,4.17,20.10
2025-06-17 16:16,37.4,48,24.5,3.33,21.47
2025-06-17 17:16,35.4,52,24.0,2.76,20.99
2025-06-17 18:16,33.6,56,23.6,2.29,20.57
2025-06-17 19:16,32.1,58,22.8,2.01,19.68
2025-06-17 20:16,30.4,62,22.3,1.65,19.21
2025-06-17 21:16,29.4,64,21.9,1.48,18.79
2025-06-17 22:16,28.8,65,21.6,1.39,18.47
2025-06-17 23:16,28.3,68,21.8,1.23,18.80
2025-06-18 00:16,27.7,68,21.3,1.19,18.19
2025-06-18 01:16,27.5,67,20.8,1.21,17.73
2025-06-18 02:16,27.2,69,21.0,1.12,17.96
2025-06-18 03:16,26.5,72,21.0,0.97,18.02
2025-06-18 04:16,26.2,74,21.2,0.88,18.22
2025-06-18 05:16,26.0,77,21.7,0.77,18.75
2025-06-18 06:16,26.8,78,22.6,0.78,19.85
2025-06-18 07:16,28.5,73,23.2,1.05,20.40
2025-06-18 08:16,30.0,65,22.7,1.49,19.71
2025-06-18 09:16,32.6,59,23.5,2.02,20.56
2025-06-18 10:16,33.5,52,22.3,2.48,19.01
2025-06-18 11:16,34.8,51,23.2,2.72,19.95
2025-06-18 12:16,36.2,43,21.6,3.42,18.09
2025-06-18 13:16,37.7,41,22.2,3.85,18.63
2025-06-18 14:16,38.6,39,22.2,4.17,18.55
2025-06-18 15:16,38.0,38,21.2,4.11,17.53
2025-06-18 16:16,36.9,40,21.1,3.74,17.44
2025-06-18 17:16,35.5,42,20.6,3.35,17.04
2025-06-18 18:16,33.6,46,20.4,2.81,16.90
2025-06-18 19:16,31.6,49,19.6,2.37,16.19
2025-06-18 20:16,30.3,52,19.3,2.07,16.03
2025-06-18 21:16,29.0,56,19.3,1.76,16.08
2025-06-18 22:16,28.0,59,19.2,1.55,16.04
2025-06-18 23:16,27.0,63,19.4,1.32,16.21
2025-06-19 00:16,26.1,69,20.0,1.05,16.89
2025-06-19 01:16,25.8,70,19.9,1.00,16.85
2025-06-19 02:16,25.0,73,19.8,0.86,16.80
2025-06-19 03:16,24.6,75,19.9,0.77,16.88
2025-06-19 04:16,24.2,76,19.7,0.72,16.72
2025-06-19 05:16,24.0,78,19.9,0.66,16.97
2025-06-19 06:16,24.7,80,21.0,0.62,18.11
2025-06-19 07:16,26.3,76,21.7,0.82,18.81
2025-06-19 08:16,28.0,72,22.5,1.06,19.58
2025-06-19 09:16,29.9,68,23.4,1.35,20.51
2025-06-19 10:16,31.9,59,22.9,1.94,19.81
2025-06-19 11:16,33.6,50,21.7,2.60,18.37
2025-06-19 12:16,35.7,46,22.3,3.16,18.86
2025-06-19 13:16,37.5,41,22.0,3.80,18.44
2025-06-19 14:16,39.0,41,23.4,4.12,19.90
2025-06-19 15:16,38.0,38,21.2,4.11,17.53
2025-06-19 16:16,36.1,41,20.8,3.52,17.16
2025-06-19 17:16,33.4,45,19.8,2.83,16.36
2025-06-19 18:16,32.0,45,18.6,2.62,15.19
2025-06-19 19:16,30.6,50,19.0,2.20,15.66
2025-06-19 20:16,29.7,60,21.1,1.67,17.90
2025-06-19 21:16,28.5,65,21.3,1.36,18.17
2025-06-19 22:16,27.7,68,21.3,1.19,18.19
2025-06-19 23:16,26.7,70,20.8,1.05,17.72
2025-06-20 00:16,25.9,72,20.5,0.94,17.43
2025-06-20 01:16,25.1,76,20.6,0.76,17.59
2025-06-20 02:16,24.8,79,20.9,0.66,17.98
2025-06-20 03:16,24.4,80,20.7,0.61,17.80
2025-06-20 04:16,24.0,82,20.7,0.54,17.84
2025-06-20 05:16,24.1,84,21.2,0.48,18.38
2025-06-20 06:16,24.6,85,21.9,0.46,19.13
2025-06-20 07:16,26.0,84,23.1,0.54,20.45
2025-06-20 08:16,27.8,75,23.0,0.93,20.17
2025-06-20 09:16,29.1,68,22.6,1.29,19.64
2025-06-20 10:16,30.7,61,22.3,1.72,19.21
2025-06-20 11:16,32.6,55,22.4,2.21,19.17
2025-06-20 12:16,33.5,54,22.9,2.38,19.74
2025-06-20 13:16,35.6,47,22.5,3.08,19.17
2025-06-20 14:16,36.4,46,22.9,3.28,19.55
2025-06-20 15:16,36.1,45,22.3,3.29,18.83
2025-06-20 16:16,35.2,44,21.1,3.18,17.58
2025-06-20 17:16,33.1,49,21.0,2.58,17.54
2025-06-20 18:16,31.5,53,20.8,2.17,17.42
2025-06-20 19:16,29.1,58,20.0,1.69,16.75
2025-06-20 20:16,27.5,62,19.6,1.40,16.40
2025-06-20 21:16,26.5,65,19.4,1.21,16.27
2025-06-20 22:16,25.7,67,19.1,1.09,16.04
2025-06-20 23:16,25.1,69,19.0,0.99,15.97
2025-06-21 00:16,24.6,72,19.2,0.87,16.21
2025-06-21 01:16,24.3,73,19.1,0.82,16.15
2025-06-21 02:16,23.7,76,19.2,0.70,16.26
2025-06-21 03:16,23.5,78,19.4,0.64,16.50
2025-06-21 04:16,22.7,80,19.1,0.55,16.16
2025-06-21 05:16,22.5,83,19.5,0.46,16.58
2025-06-21 06:16,23.5,85,20.8,0.43,17.98
2025-06-21 07:16,24.3,84,21.4,0.49,18.59
2025-06-21 08:16,25.6,80,21.9,0.66,19.05
2025-06-21 09:16,27.6,72,22.1,1.03,19.15
2025-06-21 10:16,29.8,66,22.8,1.43,19.80
2025-06-21 11:16,31.9,60,23.2,1.89,20.15
2025-06-21 12:16,34.1,54,23.5,2.46,20.37
2025-06-21 13:16,35.5,41,20.2,3.41,16.63
2025-06-21 14:16,36.1,41,20.8,3.52,17.16
2025-06-21 15:16,35.3,42,20.4,3.32,16.86
2025-06-21 16:16,34.0,46,20.7,2.87,17.26
2025-06-21 17:16,32.3,50,20.5,2.42,17.15
2025-06-21 18:16,30.5,54,20.1,2.01,16.82
2025-06-21 19:16,28.9,59,20.1,1.63,16.85
2025-06-21 20:16,27.7,62,19.8,1.41,16.58
2025-06-21 21:16,26.9,66,20.0,1.21,16.89
2025-06-21 22:16,26.3,68,19.9,1.09,16.83
2025-06-21 23:16,25.5,71,19.9,0.95,16.81
2025-06-22 00:16,24.9,74,19.9,0.82,16.94
2025-06-22 01:16,24.2,77,19.9,0.69,16.94
2025-06-22 02:16,23.9,79,20.0,0.62,17.09
2025-06-22 03:16,23.6,80,19.9,0.58,17.01
2025-06-22 04:16,23.3,81,19.9,0.54,16.94
2025-06-22 05:16,23.1,82,19.9,0.51,16.95
2025-06-22 06:16,24.1,83,21.0,0.51,18.16
2025-06-22 07:16,25.4,80,21.7,0.65,18.83
2025-06-22 08:16,26.7,74,21.7,0.91,18.73
2025-06-22 09:16,28.9,66,21.9,1.35,18.85
2025-06-22 10:16,30.6,58,21.4,1.84,18.17
2025-06-22 11:16,32.7,53,21.9,2.32,18.57
2025-06-22 12:16,35.3,46,21.9,3.09,18.47
2025-06-22 13:16,37.8,43,23.1,3.74,19.63
2025-06-22 14:16,39.2,40,23.1,4.24,19.61
2025-06-22 15:16,39.3,39,22.8,4.33,19.21
2025-06-22 16:16,38.2,40,22.2,4.02,18.64
2025-06-22 17:16,36.2,44,22.0,3.36,18.51
2025-06-22 18:16,34.1,49,21.9,2.73,18.48
2025-06-22 19:16,32.6,53,21.8,2.31,18.47
2025-06-22 20:16,31.1,56,21.3,1.99,18.02
2025-06-22 21:16,29.8,60,21.2,1.68,18.00
2025-06-22 22:16,28.8,64,21.3,1.43,18.18
2025-06-22 23:16,28.1,68,21.6,1.22,18.59
2025-06-23 00:16,27.3,70,21.3,1.09,18.32
2025-06-23 01:16,26.7,73,21.5,0.95,18.48
2025-06-23 02:16,26.2,76,21.6,0.82,18.71
2025-06-23 03:16,25.8,78,21.7,0.73,18.78
2025-06-23 04:16,25.4,79,21.5,0.68,18.60
2025-06-23 05:16,25.2,81,21.7,0.61,18.86
2025-06-23 06:16,25.6,82,22.3,0.59,19.52
2025-06-23 07:16,26.6,81,23.1,0.66,20.39
2025-06-23 08:16,27.6,79,23.6,0.78,21.02
2025-06-23 09:16,29.4,73,24.1,1.11,21.43
2025-06-23 10:16,30.4,69,24.1,1.35,21.38
2025-06-23 11:16,33.0,66,25.8,1.71,23.49
2025-06-23 12:16,36.3,54,25.5,2.78,22.83
2025-06-23 13:16,32.8,57,23.2,2.14,20.08
2025-06-23 14:16,32.6,60,23.8,1.97,20.91
2025-06-23 15:16,29.6,63,21.8,1.53,18.70
2025-06-23 16:16,27.2,76,22.6,0.87,19.78
2025-06-23 17:16,27.4,76,22.8,0.88,20.00
2025-06-23 18:16,26.2,77,21.8,0.78,18.96
2025-06-23 19:16,25.3,81,21.8,0.61,18.96
2025-06-23 20:16,24.9,82,21.6,0.57,18.77
2025-06-23 21:16,24.9,84,22.0,0.50,19.23
2025-06-23 22:16,24.8,85,22.1,0.47,19.35
2025-06-23 23:16,24.5,85,21.8,0.46,19.02
2025-06-24 00:16,24.3,84,21.4,0.49,18.59
2025-06-24 01:16,24.1,84,21.2,0.48,18.38
2025-06-24 02:16,24.0,85,21.3,0.45,18.49
2025-06-24 03:16,23.8,86,21.3,0.41,18.50
2025-06-24 04:16,23.6,86,21.1,0.41,18.29
2025-06-24 05:16,23.5,87,21.2,0.38,18.40
2025-06-24 06:16,23.6,88,21.5,0.35,18.72
2025-06-24 07:16,24.0,89,22.1,0.33,19.36
2025-06-24 08:16,24.3,89,22.4,0.33,19.69
2025-06-24 09:16,24.8,89,22.9,0.34,20.26
2025-06-24 10:16,25.6,89,23.6,0.36,21.19
2025-06-24 11:16,26.2,85,23.5,0.51,20.93
2025-06-24 12:16,26.2,82,22.9,0.61,20.19
2025-06-24 13:16,27.3,82,24.0,0.65,21.46
2025-06-24 14:16,28.1,78,23.9,0.84,21.33
2025-06-24 15:16,27.6,78,23.4,0.81,20.75
2025-06-24 16:16,28.7,77,24.3,0.91,21.76
2025-06-24 17:16,28.3,78,24.1,0.85,21.56
2025-06-24 18:16,27.6,80,23.8,0.74,21.28
2025-06-24 19:16,27.0,81,23.5,0.68,20.85
2025-06-24 20:16,26.4,83,23.3,0.59,20.66
2025-06-24 21:16,26.0,84,23.1,0.54,20.45
2025-06-24 22:16,25.8,86,23.3,0.47,20.70
2025-06-24 23:16,25.5,87,23.2,0.42,20.60
2025-06-25 00:16,25.2,88,23.1,0.38,20.49
2025-06-25 01:16,25.1,89,23.2,0.35,20.60
2025-06-25 02:16,25.0,90,23.2,0.32,20.72
2025-06-25 03:16,24.9,90,23.1,0.31,20.60
2025-06-25 04:16,24.9,91,23.3,0.28,20.83
2025-06-25 05:16,24.9,91,23.3,0.28,20.83
2025-06-25 06:16,25.1,93,23.9,0.22,21.53
2025-06-25 07:16,25.4,93,24.2,0.23,21.89
2025-06-25 08:16,26.5,94,25.5,0.21,23.53
2025-06-25 09:16,27.9,91,26.3,0.34,24.61
2025-06-25 10:16,29.7,81,26.1,0.79,24.17
2025-06-25 11:16,28.4,81,24.8,0.74,22.52
2025-06-25 12:16,28.6,85,25.8,0.59,23.89
2025-06-25 13:16,29.1,85,26.3,0.60,24.55
2025-06-25 14:16,30.3,76,25.6,1.04,23.42
2025-06-25 15:16,29.9,83,26.7,0.72,25.03
2025-06-25 16:16,30.3,77,25.8,0.99,23.73
2025-06-25 17:16,29.6,77,25.1,0.95,22.85
2025-06-25 18:16,28.4,80,24.6,0.77,22.24
2025-06-25 19:16,27.6,83,24.4,0.63,22.08
2025-06-25 20:16,26.8,84,23.9,0.56,21.38
2025-06-25 21:16,26.5,85,23.8,0.52,21.28
2025-06-25 22:16,26.3,88,24.2,0.41,21.78
2025-06-25 23:16,26.1,89,24.1,0.37,21.79
2025-06-26 00:16,25.8,89,23.8,0.37,21.43
2025-06-26 01:16,25.7,90,23.9,0.33,21.55
2025-06-26 02:16,25.5,91,23.9,0.29,21.54
2025-06-26 03:16,25.3,92,23.9,0.26,21.54
2025-06-26 04:16,25.2,92,23.8,0.26,21.42
2025-06-26 05:16,25.1,93,23.9,0.22,21.53
2025-06-26 06:16,25.2,94,24.2,0.19,21.88
2025-06-26 07:16,26.2,95,25.3,0.17,23.39
2025-06-26 08:16,27.6,93,26.4,0.26,24.74
2025-06-26 09:16,28.9,85,26.1,0.60,24.28
2025-06-26 10:16,31.2,79,27.1,0.95,25.55
2025-06-26 11:16,32.3,69,25.9,1.50,23.67
2025-06-26 12:16,33.8,64,26.0,1.89,23.76
2025-06-26 13:16,34.2,60,25.3,2.15,22.75
2025-06-26 14:16,34.2,62,25.9,2.04,23.51
2025-06-26 15:16,32.9,66,25.7,1.70,23.37
2025-06-26 16:16,29.3,71,23.5,1.18,20.73
2025-06-26 17:16,27.2,76,22.6,0.87,19.78
2025-06-26 18:16,26.7,82,23.4,0.63,20.76
2025-06-26 19:16,26.6,85,23.9,0.52,21.40
2025-06-26 20:16,26.3,87,24.0,0.44,21.54
2025-06-26 21:16,26.1,89,24.1,0.37,21.79
2025-06-26 22:16,25.9,90,24.1,0.33,21.79
2025-06-26 23:16,25.5,91,23.9,0.29,21.54
2025-06-27 00:16,25.1,91,23.5,0.29,21.07
2025-06-27 01:16,24.6,92,23.2,0.25,20.71
2025-06-27 02:16,24.2,92,22.8,0.24,20.24
2025-06-27 03:16,23.8,93,22.6,0.21,20.01
2025-06-27 04:16,23.4,93,22.2,0.20,19.56
2025-06-27 05:16,23.0,93,21.8,0.20,19.11
2025-06-27 06:16,23.0,94,22.0,0.17,19.32
2025-06-27 07:16,24.4,94,23.4,0.18,20.92
2025-06-27 08:16,26.5,88,24.3,0.42,22.03
2025-06-27 09:16,27.8,81,24.2,0.71,21.79
2025-06-27 10:16,30.0,75,25.1,1.06,22.74
2025-06-27 11:16,31.5,68,24.9,1.48,22.35
2025-06-27 12:16,33.7,61,25.1,2.04,22.53
2025-06-27 13:16,34.8,53,23.8,2.61,20.73
2025-06-27 14:16,33.5,56,23.5,2.28,20.47
2025-06-27 15:16,34.0,53,23.1,2.50,19.89
2025-06-27 16:16,34.9,49,22.6,2.85,19.27
2025-06-27 17:16,33.8,51,22.2,2.58,18.94
2025-06-27 18:16,31.8,57,22.2,2.02,19.04
2025-06-27 19:16,29.4,62,21.4,1.56,18.20
2025-06-27 20:16,28.4,68,21.9,1.24,18.90
2025-06-27 21:16,27.6,72,22.1,1.03,19.15
2025-06-27 22:16,26.7,74,21.7,0.91,18.73
2025-06-27 23:16,26.2,70,20.3,1.02,17.23
2025-06-28 00:16,25.7,67,19.1,1.09,16.04
2025-06-28 01:16,25.2,67,18.6,1.06,15.60
2025-06-28 02:16,24.6,68,18.3,0.99,15.30
2025-06-28 03:16,23.9,71,18.3,0.86,15.36
2025-06-28 04:16,22.9,75,18.2,0.70,15.33
2025-06-28 05:16,22.7,78,18.7,0.61,15.76
2025-06-28 06:16,23.5,79,19.6,0.61,16.71
2025-06-28 07:16,24.6,77,20.3,0.71,17.33
2025-06-28 08:16,26.4,72,20.9,0.96,17.92
2025-06-28 09:16,29.0,60,20.4,1.60,17.23
2025-06-28 10:16,31.1,53,20.4,2.12,17.05
2025-06-28 11:16,32.9,48,20.4,2.60,17.00
2025-06-28 12:16,35.2,42,20.4,3.30,16.78
2025-06-28 13:16,36.4,36,18.9,3.89,15.30
2025-06-28 14:16,37.3,36,19.7,4.08,16.02
2025-06-28 15:16,37.1,37,20.0,3.97,16.30
2025-06-28 16:16,36.3,37,19.3,3.80,15.65
2025-06-28 17:16,34.8,35,17.1,3.61,13.69
2025-06-28 18:16,33.0,40,17.6,3.02,14.24
2025-06-28 19:16,30.8,46,17.8,2.40,14.56
2025-06-28 20:16,29.5,51,18.3,2.02,15.05
2025-06-28 21:16,28.1,57,18.8,1.63,15.59
2025-06-28 22:16,26.9,60,18.5,1.42,15.36
2025-06-28 23:16,26.1,62,18.2,1.28,15.18
2025-06-29 00:16,25.4,64,18.1,1.17,15.07
2025-06-29 01:16,24.4,66,17.6,1.04,14.69
2025-06-29 02:16,23.9,70,18.1,0.89,15.14
2025-06-29 03:16,23.6,73,18.5,0.79,15.53
2025-06-29 04:16,23.0,75,18.3,0.70,15.42
2025-06-29 05:16,22.7,75,18.0,0.69,15.15
2025-06-29 06:16,23.4,75,18.7,0.72,15.77
2025-06-29 07:16,24.8,72,19.4,0.88,16.39
2025-06-29 08:16,26.4,68,20.0,1.10,16.93
2025-06-29 09:16,28.4,66,21.4,1.32,18.35
2025-06-29 10:16,30.5,60,21.9,1.75,18.69
2025-06-29 11:16,32.7,54,22.2,2.28,18.92
2025-06-29 12:16,35.3,49,23.0,2.92,19.68
2025-06-29 13:16,36.8,41,21.4,3.66,17.79
2025-06-29 14:16,38.7,37,21.4,4.33,17.68
2025-06-29 15:16,38.7,36,21.0,4.40,17.21
2025-06-29 16:16,36.0,43,21.5,3.39,17.90
2025-06-29 17:16,34.1,48,21.5,2.78,18.10
2025-06-29 18:16,32.1,50,20.4,2.39,16.97
2025-06-29 19:16,30.4,54,20.0,2.00,16.73
2025-06-29 20:16,29.1,59,20.3,1.65,17.04
2025-06-29 21:16,28.3,63,20.6,1.42,17.42
2025-06-29 22:16,27.5,66,20.6,1.25,17.46
2025-06-29 23:16,26.5,70,20.6,1.04,17.52
2025-06-30 00:16,26.2,73,21.0,0.92,17.97
2025-06-30 01:16,25.6,76,21.1,0.79,18.09
2025-06-30 02:16,25.3,77,21.0,0.74,18.03
2025-06-30 03:16,24.9,78,20.8,0.69,17.85
2025-06-30 04:16,24.8,79,20.9,0.66,17.98
2025-06-30 05:16,24.7,81,21.2,0.59,18.33
2025-06-30 06:16,25.0,81,21.5,0.60,18.65
2025-06-30 07:16,26.4,80,22.7,0.69,19.91
2025-06-30 08:16,28.0,74,22.9,0.98,20.12
2025-06-30 09:16,29.8,68,23.3,1.34,20.40
2025-06-30 10:16,32.0,61,23.5,1.85,20.59
2025-06-30 11:16,34.4,54,23.7,2.50,20.69
2025-06-30 12:16,36.4,43,21.8,3.46,18.28
2025-06-30 13:16,38.2,37,21.0,4.22,17.24
2025-06-30 14:16,38.4,35,20.2,4.40,16.48
2025-06-30 15:16,38.4,36,20.7,4.33,16.95
2025-06-30 16:16,37.5,39,21.2,3.93,17.54
2025-06-30 17:16,36.0,44,21.8,3.33,18.32
2025-06-30 18:16,33.6,52,22.4,2.50,19.11
2025-06-30 19:16,31.6,58,22.3,1.95,19.17
2025-06-30 20:16,30.3,63,22.5,1.60,19.42
2025-06-30 21:16,29.5,66,22.5,1.40,19.48
2025-06-30 22:16,28.7,69,22.4,1.22,19.50
2025-06-30 23:16,27.9,72,22.4,1.05,19.47
2025-07-01 00:16,27.2,75,22.4,0.90,19.52
2025-07-01 01:16,26.8,77,22.4,0.81,19.60
2025-07-01 02:16,26.3,79,22.4,0.72,19.56
2025-07-01 03:16,26.0,81,22.5,0.64,19.72
2025-07-01 04:16,25.6,82,22.3,0.59,19.52
2025-07-01 05:16,25.4,84,22.5,0.52,19.78
2025-07-01 06:16,26.2,85,23.5,0.51,20.93
2025-07-01 07:16,27.3,83,24.2,0.62,21.72
2025-07-01 08:16,28.8,76,24.1,0.95,21.59
2025-07-01 09:16,31.0,70,24.9,1.35,22.40
2025-07-01 10:16,33.5,65,26.0,1.81,23.76
2025-07-01 11:16,35.2,56,25.1,2.50,22.37
2025-07-01 12:16,37.0,49,24.5,3.20,21.48
2025-07-01 13:16,39.3,46,25.5,3.84,22.66
2025-07-01 14:16,41.0,39,24.3,4.74,20.92
2025-07-01 15:16,37.3,46,23.7,3.44,20.47
2025-07-01 16:16,34.8,50,22.8,2.78,19.56
2025-07-01 17:16,33.6,57,23.9,2.24,20.94
2025-07-01 18:16,30.9,65,23.6,1.56,20.69
2025-07-01 19:16,28.8,73,23.5,1.07,20.74
2025-07-01 20:16,27.7,77,23.3,0.85,20.60
2025-07-01 21:16,26.9,79,22.9,0.74,20.22
2025-07-01 22:16,26.1,80,22.4,0.68,19.59
2025-07-01 23:16,25.5,81,22.0,0.62,19.18
2025-07-02 00:16,25.3,83,22.2,0.55,19.43
2025-07-02 01:16,25.2,84,22.3,0.51,19.55
2025-07-02 02:16,24.9,85,22.2,0.47,19.46
2025-07-02 03:16,24.7,86,22.2,0.44,19.47
2025-07-02 04:16,24.6,87,22.3,0.40,19.58
2025-07-02 05:16,24.6,88,22.5,0.37,19.81
2025-07-02 06:16,25.1,89,23.2,0.35,20.60
2025-07-02 07:16,25.7,88,23.6,0.40,21.07
2025-07-02 08:16,27.1,86,24.6,0.50,22.26
2025-07-02 09:16,29.1,78,24.9,0.89,22.53
2025-07-02 10:16,30.6,71,24.7,1.27,22.24
2025-07-02 11:16,33.3,63,25.3,1.89,22.78
2025-07-02 12:16,35.3,59,26.1,2.34,23.69
2025-07-02 13:16,36.2,54,25.4,2.76,22.72
2025-07-02 14:16,34.7,52,23.4,2.65,20.24
2025-07-02 15:16,33.6,57,23.9,2.24,20.94
2025-07-02 16:16,34.1,58,24.7,2.25,21.88
2025-07-02 17:16,33.8,53,22.9,2.47,19.68
2025-07-02 18:16,32.2,54,21.7,2.21,18.42
2025-07-02 19:16,30.5,60,21.9,1.75,18.69
2025-07-02 20:16,29.4,63,21.6,1.52,18.49
2025-07-02 21:16,28.6,67,21.9,1.29,18.83
2025-07-02 22:16,27.9,72,22.4,1.05,19.47
2025-07-02 23:16,27.1,75,22.3,0.90,19.41
2025-07-03 00:16,27.0,76,22.4,0.86,19.56
2025-07-03 01:16,26.8,80,23.1,0.70,20.36
2025-07-03 02:16,26.0,84,23.1,0.54,20.45
2025-07-03 03:16,25.6,85,22.9,0.49,20.24
2025-07-03 04:16,25.5,87,23.2,0.42,20.60
2025-07-03 05:16,25.3,88,23.2,0.39,20.60
2025-07-03 06:16,25.7,90,23.9,0.33,21.55
2025-07-03 07:16,26.7,90,24.9,0.35,22.78
2025-07-03 08:16,28.0,87,25.6,0.49,23.66
2025-07-03 09:16,29.9,77,25.4,0.97,23.22
2025-07-03 10:16,31.6,68,25.0,1.49,22.47
2025-07-03 11:16,34.2,60,25.3,2.15,22.75
2025-07-03 12:16,36.3,55,25.8,2.72,23.26
2025-07-03 13:16,36.6,50,24.5,3.07,21.47
2025-07-03 14:16,35.7,50,23.7,2.92,20.50
2025-07-03 15:16,36.4,51,24.6,2.98,21.68
2025-07-03 16:16,35.3,51,23.6,2.80,20.48
2025-07-03 17:16,33.1,57,23.4,2.18,20.40
2025-07-03 18:16,31.1,62,23.0,1.72,19.95
2025-07-03 19:16,29.8,65,22.5,1.47,19.50
2025-07-03 20:16,28.6,69,22.4,1.21,19.39
2025-07-03 21:16,28.0,71,22.2,1.10,19.31
2025-07-03 22:16,27.7,73,22.4,1.00,19.53
2025-07-03 23:16,27.5,75,22.7,0.92,19.84
2025-07-04 00:16,27.3,76,22.7,0.87,19.89
2025-07-04 01:16,27.0,77,22.6,0.82,19.82
2025-07-04 02:16,26.9,78,22.7,0.78,19.96
2025-07-04 03:16,26.6,79,22.7,0.73,19.89
2025-07-04 04:16,26.3,81,22.8,0.65,20.05
2025-07-04 05:16,26.1,82,22.8,0.61,20.07
2025-07-04 06:16,26.7,84,23.8,0.56,21.26
2025-07-04 07:16,27.7,81,24.1,0.71,21.67
2025-07-04 08:16,29.1,76,24.4,0.97,21.95
2025-07-04 09:16,30.9,71,25.0,1.30,22.60
2025-07-04 10:16,32.9,65,25.4,1.75,23.02
2025-07-04 11:16,34.9,61,26.3,2.18,23.99
2025-07-04 12:16,36.5,54,25.7,2.81,23.07
2025-07-04 13:16,38.1,48,25.2,3.46,22.25
2025-07-04 14:16,37.4,46,23.8,3.46,20.58
2025-07-04 15:16,36.4,49,24.0,3.10,20.83
2025-07-04 16:16,35.8,51,24.1,2.88,21.02
2025-07-04 17:16,34.4,52,23.1,2.61,19.92
2025-07-04 18:16,31.7,59,22.7,1.92,19.60
2025-07-04 19:16,30.3,63,22.5,1.60,19.42
2025-07-04 20:16,28.5,68,22.0,1.25,19.01
2025-07-04 21:16,26.9,78,22.7,0.78,19.96
2025-07-04 22:16,26.1,81,22.6,0.64,19.83
2025-07-04 23:16,25.7,83,22.6,0.56,19.87
2025-07-05 00:16,25.4,85,22.7,0.49,20.01
2025-07-05 01:16,24.8,86,22.3,0.44,19.58
2025-07-05 02:16,24.8,88,22.7,0.38,20.03
2025-07-05 03:16,24.6,88,22.5,0.37,19.81
2025-07-05 04:16,24.3,89,22.4,0.33,19.69
2025-07-05 05:16,24.1,90,22.4,0.30,19.69
2025-07-05 06:16,24.8,91,23.2,0.28,20.71
2025-07-05 07:16,25.8,91,24.2,0.30,21.91
2025-07-05 08:16,27.2,88,25.0,0.43,22.90
2025-07-05 09:16,28.8,81,25.2,0.75,23.01
2025-07-05 10:16,29.7,75,24.8,1.04,22.38
2025-07-05 11:16,30.7,73,25.3,1.19,22.99
2025-07-05 12:16,31.2,71,25.3,1.32,22.97
2025-07-05 13:16,33.7,66,26.5,1.78,24.38
2025-07-05 14:16,35.6,59,26.3,2.38,24.06
2025-07-05 15:16,36.7,56,26.5,2.72,24.17
2025-07-05 16:16,36.5,51,24.7,2.99,21.79
2025-07-05 17:16,34.7,53,23.7,2.60,20.63
2025-07-05 18:16,33.1,59,24.0,2.07,21.11
2025-07-05 19:16,31.7,63,23.8,1.73,20.93
2025-07-05 20:16,30.6,67,23.8,1.45,20.99
2025-07-05 21:16,28.7,74,23.6,1.02,20.91
2025-07-05 22:16,28.1,77,23.7,0.87,21.05
2025-07-05 23:16,27.7,79,23.7,0.78,21.13
2025-07-06 00:16,27.4,80,23.6,0.73,21.05
2025-07-06 01:16,27.0,82,23.7,0.64,21.10
2025-07-06 02:16,26.5,82,23.2,0.62,20.53
2025-07-06 03:16,26.4,83,23.3,0.59,20.66
2025-07-06 04:16,26.0,83,22.9,0.57,20.21
2025-07-06 05:16,25.8,84,22.9,0.53,20.22
2025-07-06 06:16,26.1,85,23.4,0.51,20.81
2025-07-06 07:16,27.4,83,24.3,0.62,21.84
2025-07-06 08:16,29.0,79,25.0,0.84,22.69
2025-07-06 09:16,30.7,74,25.5,1.15,23.30
2025-07-06 10:16,32.1,68,25.4,1.53,23.08
2025-07-06 11:16,34.3,64,26.5,1.95,24.39
2025-07-06 12:16,36.0,57,26.1,2.55,23.73
2025-07-06 13:16,37.4,51,25.6,3.14,22.82
2025-07-06 14:16,38.6,48,25.6,3.56,22.83
2025-07-06 15:16,39.2,46,25.5,3.82,22.55
2025-07-06 16:16,38.6,45,24.5,3.76,21.40
2025-07-06 17:16,37.3,48,24.4,3.32,21.37
2025-07-06 18:16,35.5,51,23.8,2.83,20.69
2025-07-06 19:16,33.6,59,24.5,2.13,21.68
2025-07-06 20:16,32.4,63,24.4,1.80,21.73
2025-07-06 21:16,31.4,66,24.3,1.56,21.58
2025-07-06 22:16,30.6,69,24.3,1.36,21.61
2025-07-06 23:16,30.0,72,24.4,1.19,21.83
2025-07-07 00:16,29.5,74,24.4,1.07,21.84
2025-07-07 01:16,29.1,76,24.4,0.97,21.95
2025-07-07 02:16,28.6,78,24.4,0.86,21.92
2025-07-07 03:16,28.4,79,24.4,0.81,21.96
2025-07-07 04:16,28.1,80,24.3,0.76,21.88
2025-07-07 05:16,27.7,82,24.3,0.67,21.93
2025-07-07 06:16,28.0,84,25.0,0.60,22.84
2025-07-07 07:16,29.2,83,26.0,0.69,24.10
2025-07-07 08:16,30.5,79,26.4,0.92,24.61
2025-07-07 09:16,33.0,72,27.3,1.41,25.63
2025-07-07 10:16,34.2,65,26.7,1.88,24.65
2025-07-07 11:16,35.8,59,26.5,2.41,24.31
2025-07-07 12:16,37.3,55,26.7,2.87,24.48
2025-07-07 13:16,38.6,47,25.3,3.63,22.35
2025-07-07 14:16,39.8,43,24.9,4.16,21.72
2025-07-07 15:16,39.1,45,25.0,3.87,21.95
2025-07-07 16:16,38.2,46,24.6,3.62,21.44
2025-07-07 17:16,36.4,47,23.3,3.22,19.98
2025-07-07 18:16,34.3,52,23.0,2.60,19.82
2025-07-07 19:16,32.7,58,23.4,2.08,20.32
2025-07-07 20:16,31.4,63,23.5,1.70,20.60
2025-07-07 21:16,30.6,67,23.8,1.45,20.99
2025-07-07 22:16,30.0,69,23.7,1.32,20.92
2025-07-07 23:16,29.7,70,23.6,1.25,20.89
2025-07-08 00:16,29.5,73,24.1,1.11,21.55
2025-07-08 01:16,29.1,75,24.2,1.01,21.66
2025-07-08 02:16,28.8,77,24.4,0.91,21.88
2025-07-08 03:16,28.4,78,24.2,0.85,21.68
2025-07-08 04:16,27.9,80,24.1,0.75,21.64
2025-07-08 05:16,27.7,82,24.3,0.67,21.93
2025-07-08 06:16,28.0,82,24.6,0.68,22.30
2025-07-08 07:16,29.0,81,25.4,0.76,23.27
2025-07-08 08:16,30.8,77,26.3,1.02,24.38
2025-07-08 09:16,32.8,72,27.1,1.39,25.36
2025-07-08 10:16,34.6,65,27.1,1.92,25.17
2025-07-08 11:16,36.3,58,26.7,2.54,24.52
2025-07-08 12:16,37.9,50,25.7,3.29,22.95
2025-07-08 13:16,39.7,46,25.9,3.92,23.12
2025-07-08 14:16,38.8,41,23.2,4.08,19.70
2025-07-08 15:16,38.8,41,23.2,4.08,19.70
2025-07-08 16:16,38.2,43,23.4,3.82,20.04
2025-07-08 17:16,36.4,47,23.3,3.22,19.98
2025-07-08 18:16,34.0,52,22.8,2.55,19.51
2025-07-08 19:16,32.3,56,22.4,2.13,19.21
2025-07-08 20:16,31.1,63,23.2,1.67,20.27
2025-07-08 21:16,30.1,68,23.5,1.37,20.73
2025-07-08 22:16,29.3,71,23.5,1.18,20.73
2025-07-08 23:16,28.8,74,23.7,1.03,21.02
2025-07-09 00:16,28.5,76,23.9,0.93,21.24
2025-07-09 01:16,28.5,77,24.1,0.89,21.52
2025-07-09 02:16,27.9,78,23.7,0.83,21.10
2025-07-09 03:16,27.3,79,23.3,0.76,20.67
2025-07-09 04:16,26.8,80,23.1,0.70,20.36
2025-07-09 05:16,26.5,81,23.0,0.66,20.28
2025-07-09 06:16,27.1,83,24.0,0.61,21.48
2025-07-09 07:16,28.4,81,24.8,0.74,22.52
2025-07-09 08:16,29.9,77,25.4,0.97,23.22
2025-07-09 09:16,31.7,69,25.3,1.45,22.92
2025-07-09 10:16,33.8,62,25.5,2.00,23.02
2025-07-09 11:16,35.7,57,25.9,2.51,23.37
2025-07-09 12:16,37.9,51,26.0,3.23,23.41
2025-07-09 13:16,38.5,44,24.1,3.81,20.82
2025-07-09 14:16,37.2,47,24.0,3.36,20.81
2025-07-09 15:16,37.6,47,24.4,3.44,21.24
2025-07-09 16:16,36.6,47,23.5,3.25,20.18
2025-07-09 17:16,34.9,51,23.3,2.74,20.06
2025-07-09 18:16,32.5,55,22.3,2.20,19.07
2025-07-09 19:16,31.1,61,22.7,1.76,19.63
2025-07-09 20:16,30.3,64,22.7,1.55,19.72
2025-07-09 21:16,29.6,68,23.1,1.33,20.18
2025-07-09 22:16,29.1,70,23.1,1.21,20.22
2025-07-09 23:16,28.7,71,22.9,1.14,20.06
2025-07-10 00:16,28.0,74,22.9,0.98,20.12
2025-07-10 01:16,27.4,76,22.8,0.88,20.00
2025-07-10 02:16,27.1,79,23.1,0.75,20.44
2025-07-10 03:16,27.0,80,23.3,0.71,20.59
2025-07-10 04:16,27.1,81,23.6,0.68,20.96
2025-07-10 05:16,26.8,81,23.3,0.67,20.62
2025-07-10 06:16,27.3,83,24.2,0.62,21.72
2025-07-10 07:16,28.5,81,24.9,0.74,22.64
2025-07-10 08:16,30.0,76,25.3,1.02,23.05
2025-07-10 09:16,32.0,71,26.1,1.38,23.97
2025-07-10 10:16,33.6,65,26.1,1.82,23.88
2025-07-10 11:16,35.8,59,26.5,2.41,24.31
2025-07-10 12:16,37.7,51,25.8,3.19,23.17
2025-07-10 13:16,39.6,46,25.8,3.90,23.01
2025-07-10 14:16,37.0,49,24.5,3.20,21.48
2025-07-10 15:16,33.8,60,24.9,2.10,22.28
2025-07-10 16:16,30.8,66,23.7,1.51,20.90
2025-07-10 17:16,27.6,71,21.9,1.07,18.89
2025-07-10 18:16,25.2,80,21.5,0.64,18.62
2025-07-10 19:16,24.6,82,21.3,0.56,18.46
2025-07-10 20:16,24.7,84,21.8,0.50,19.01
2025-07-10 21:16,24.7,85,22.0,0.47,19.24
2025-07-10 22:16,24.4,86,21.9,0.43,19.14
2025-07-10 23:16,23.7,86,21.2,0.41,18.39
2025-07-11 00:16,23.6,87,21.3,0.38,18.50
2025-07-11 01:16,23.4,87,21.1,0.37,18.29
2025-07-11 02:16,23.3,88,21.2,0.34,18.40
2025-07-11 03:16,23.2,88,21.1,0.34,18.29
2025-07-11 04:16,22.9,89,21.0,0.31,18.19
2025-07-11 05:16,22.7,89,20.8,0.30,17.98
2025-07-11 06:16,22.5,90,20.8,0.27,17.98
2025-07-11 07:16,22.4,90,20.7,0.27,17.87
2025-07-11 08:16,23.1,90,21.4,0.28,18.60
2025-07-11 09:16,23.9,88,21.8,0.36,19.04
2025-07-11 10:16,24.5,84,21.6,0.49,18.80
2025-07-11 11:16,24.7,82,21.4,0.56,18.56
2025-07-11 12:16,25.5,80,21.8,0.65,18.94
2025-07-11 13:16,25.7,77,21.4,0.76,18.43
2025-07-11 14:16,25.0,78,20.9,0.70,17.96
2025-07-11 15:16,24.8,77,20.5,0.72,17.53
2025-07-11 16:16,24.8,77,20.5,0.72,17.53
2025-07-11 17:16,24.6,76,20.1,0.74,17.11
2025-07-11 18:16,24.3,76,19.8,0.73,16.82
2025-07-11 19:16,23.8,77,19.5,0.68,16.56
2025-07-11 20:16,23.3,81,19.9,0.54,16.94
2025-07-11 21:16,22.5,83,19.5,0.46,16.58
2025-07-11 22:16,22.0,85,19.4,0.40,16.50
2025-07-11 23:16,21.8,86,19.4,0.37,16.50
2025-07-12 00:16,21.6,87,19.3,0.34,16.50
2025-07-12 01:16,21.4,87,19.1,0.33,16.31
2025-07-12 02:16,21.1,86,18.7,0.35,15.85
2025-07-12 03:16,21.0,86,18.6,0.35,15.75
2025-07-12 04:16,20.9,86,18.5,0.35,15.66
2025-07-12 05:16,20.8,87,18.6,0.32,15.75
2025-07-12 06:16,21.1,86,18.7,0.35,15.85
2025-07-12 07:16,21.7,86,19.3,0.36,16.41
2025-07-12 08:16,22.7,83,19.7,0.47,16.77
2025-07-12 09:16,24.2,79,20.3,0.63,17.38
2025-07-12 10:16,25.2,72,19.8,0.90,16.76
2025-07-12 11:16,26.6,69,20.4,1.08,17.37
2025-07-12 12:16,28.7,61,20.4,1.54,17.24
2025-07-12 13:16,30.2,58,21.0,1.80,17.78
2025-07-12 14:16,29.4,58,20.3,1.72,17.03
2025-07-12 15:16,28.2,60,19.7,1.53,16.50
2025-07-12 16:16,27.4,62,19.5,1.39,16.31
2025-07-12 17:16,26.7,65,19.6,1.23,16.45
2025-07-12 18:16,25.9,68,19.5,1.07,16.46
2025-07-12 19:16,25.8,69,19.7,1.03,16.61
2025-07-12 20:16,25.0,70,19.1,0.95,16.11
2025-07-12 21:16,24.2,71,18.6,0.88,15.62
2025-07-12 22:16,23.9,73,18.8,0.80,15.79
2025-07-12 23:16,23.6,75,18.9,0.73,15.95
2025-07-13 00:16,23.1,76,18.6,0.68,15.71
2025-07-13 01:16,22.9,78,18.9,0.61,15.94
2025-07-13 02:16,22.7,78,18.7,0.61,15.76
2025-07-13 03:16,22.6,79,18.8,0.58,15.87
2025-07-13 04:16,22.4,80,18.8,0.54,15.89
2025-07-13 05:16,22.3,81,18.9,0.51,15.99
2025-07-13 06:16,22.8,82,19.6,0.50,16.66
2025-07-13 07:16,23.8,80,20.1,0.59,17.21
2025-07-13 08:16,25.7,78,21.6,0.73,18.67
2025-07-13 09:16,27.7,72,22.2,1.04,19.26
2025-07-13 10:16,29.7,64,22.2,1.50,19.10
2025-07-13 11:16,31.3,61,22.9,1.78,19.84
2025-07-13 12:16,32.7,57,23.1,2.13,19.97
2025-07-13 13:16,34.7,55,24.3,2.49,21.41
2025-07-13 14:16,35.9,49,23.5,3.01,20.30
2025-07-13 15:16,35.1,47,22.1,3.00,18.68
2025-07-13 16:16,35.1,47,22.1,3.00,18.68
2025-07-13 17:16,33.3,50,21.5,2.56,18.08
2025-07-13 18:16,32.2,52,21.1,2.31,17.74
2025-07-13 19:16,30.8,57,21.3,1.91,18.05
2025-07-13 20:16,29.5,63,21.7,1.53,18.59
2025-07-13 21:16,28.5,65,21.3,1.36,18.17
2025-07-13 22:16,27.5,68,21.1,1.17,17.99
2025-07-13 23:16,26.9,71,21.2,1.03,18.17
2025-07-14 00:16,26.4,74,21.4,0.89,18.42
2025-07-14 01:16,26.1,76,21.5,0.81,18.61
2025-07-14 02:16,26.1,79,22.2,0.71,19.34
2025-07-14 03:16,25.5,80,21.8,0.65,18.94
2025-07-14 04:16,24.7,82,21.4,0.56,18.56
2025-07-14 05:16,24.4,83,21.3,0.52,18.47
2025-07-14 06:16,24.4,84,21.5,0.49,18.69
2025-07-14 07:16,24.9,85,22.2,0.47,19.46
2025-07-14 08:16,25.7,86,23.2,0.46,20.59
2025-07-14 09:16,26.3,86,23.8,0.48,21.29
2025-07-14 10:16,27.2,85,24.5,0.54,22.12
2025-07-14 11:16,29.0,81,25.4,0.76,23.27
2025-07-14 12:16,30.7,74,25.5,1.15,23.30
2025-07-14 13:16,31.2,69,24.8,1.41,22.32
2025-07-14 14:16,31.5,67,24.6,1.53,22.02
2025-07-14 15:16,32.3,68,25.6,1.55,23.33
2025-07-14 16:16,32.9,61,24.4,1.95,21.60
2025-07-14 17:16,32.3,61,23.8,1.89,20.92
2025-07-14 18:16,31.2,61,22.8,1.77,19.73
2025-07-14 19:16,30.2,60,21.6,1.72,18.39
2025-07-14 20:16,29.1,68,22.6,1.29,19.64
2025-07-14 21:16,28.1,73,22.8,1.03,19.96
2025-07-14 22:16,27.1,78,22.9,0.79,20.19
2025-07-14 23:16,26.8,80,23.1,0.70,20.36
2025-07-15 00:16,27.0,81,23.5,0.68,20.85
2025-07-15 01:16,27.0,80,23.3,0.71,20.59
2025-07-15 02:16,27.1,80,23.3,0.72,20.70
2025-07-15 03:16,27.3,81,23.8,0.69,21.19
2025-07-15 04:16,27.1,83,24.0,0.61,21.48
2025-07-15 05:16,26.6,86,24.1,0.49,21.65
2025-07-15 06:16,26.9,87,24.6,0.46,22.27
2025-07-15 07:16,27.7,88,25.5,0.45,23.54
2025-07-15 08:16,27.7,87,25.3,0.48,23.27
2025-07-15 09:16,26.6,86,24.1,0.49,21.65
2025-07-15 10:16,27.5,89,25.5,0.40,23.55
2025-07-15 11:16,28.0,88,25.8,0.45,23.93
2025-07-15 12:16,28.5,88,26.3,0.47,24.60
2025-07-15 13:16,28.7,86,26.1,0.55,24.30
2025-07-15 14:16,29.9,80,26.1,0.84,24.13
2025-07-15 15:16,29.8,77,25.3,0.96,23.10
2025-07-15 16:16,29.5,76,24.8,0.99,22.43
2025-07-15 17:16,28.3,81,24.7,0.73,22.39
2025-07-15 18:16,27.3,83,24.2,0.62,21.72
2025-07-15 19:16,27.0,84,24.1,0.57,21.62
2025-07-15 20:16,26.7,86,24.2,0.49,21.77
2025-07-15 21:16,26.4,87,24.1,0.45,21.66
2025-07-15 22:16,26.3,88,24.2,0.41,21.78
2025-07-15 23:16,26.2,89,24.2,0.37,21.91
2025-07-16 00:16,26.0,89,24.0,0.37,21.67
2025-07-16 01:16,25.8,89,23.8,0.37,21.43
2025-07-16 02:16,25.6,88,23.5,0.39,20.95
2025-07-16 03:16,25.2,88,23.1,0.38,20.49
2025-07-16 04:16,24.9,88,22.8,0.38,20.14
2025-07-16 05:16,24.3,88,22.2,0.36,19.47
2025-07-16 06:16,24.9,90,23.1,0.31,20.60
2025-07-16 07:16,25.8,88,23.7,0.40,21.19
2025-07-16 08:16,26.8,86,24.3,0.49,21.89
2025-07-16 09:16,27.6,85,24.8,0.55,22.61
2025-07-16 10:16,29.0,82,25.6,0.72,23.55
2025-07-16 11:16,30.4,77,25.9,1.00,23.86
2025-07-16 12:16,31.5,72,25.8,1.29,23.67
2025-07-16 13:16,33.0,67,26.1,1.66,23.85
2025-07-16 14:16,32.7,67,25.8,1.63,23.47
2025-07-16 15:16,33.8,62,25.5,2.00,23.02
2025-07-16 16:16,31.5,65,24.1,1.62,21.37
2025-07-16 17:16,29.2,70,23.2,1.22,20.33
2025-07-16 18:16,27.7,77,23.3,0.85,20.60
2025-07-16 19:16,26.9,79,22.9,0.74,20.22
2025-07-16 20:16,26.6,80,22.9,0.70,20.14
2025-07-16 21:16,26.4,82,23.1,0.62,20.41
2025-07-16 22:16,26.4,83,23.3,0.59,20.66
2025-07-16 23:16,26.3,84,23.4,0.55,20.79
2025-07-17 00:16,25.9,85,23.2,0.50,20.58
2025-07-17 01:16,25.8,87,23.5,0.43,20.95
2025-07-17 02:16,25.2,88,23.1,0.38,20.49
2025-07-17 03:16,24.9,88,22.8,0.38,20.14
2025-07-17 04:16,24.7,88,22.6,0.37,19.92
2025-07-17 05:16,24.6,88,22.5,0.37,19.81
2025-07-17 06:16,25.1,89,23.2,0.35,20.60
2025-07-17 07:16,26.3,89,24.3,0.38,22.03
2025-07-17 08:16,27.1,87,24.7,0.47,22.51
2025-07-17 09:16,28.2,84,25.2,0.61,23.10
2025-07-17 10:16,29.5,78,25.3,0.91,23.02
2025-07-17 11:16,30.4,71,24.5,1.26,22.00
2025-07-17 12:16,32.2,65,24.8,1.68,22.18
2025-07-17 13:16,32.5,60,23.7,1.96,20.80
2025-07-17 14:16,32.2,60,23.4,1.92,20.47
2025-07-17 15:16,33.8,56,23.8,2.31,20.79
2025-07-17 16:16,33.3,54,22.7,2.35,19.53
2025-07-17 17:16,32.9,54,22.4,2.30,19.12
2025-07-17 18:16,31.3,57,21.8,1.96,18.54
2025-07-17 19:16,29.7,61,21.4,1.63,18.20
2025-07-17 20:16,28.4,66,21.4,1.32,18.35
2025-07-17 21:16,27.6,70,21.6,1.11,18.62
2025-07-17 22:16,27.0,73,21.7,0.96,18.79
2025-07-17 23:16,26.0,75,21.2,0.84,18.26
2025-07-18 00:16,25.2,76,20.7,0.77,17.69
2025-07-18 01:16,24.4,77,20.1,0.70,17.14
2025-07-18 02:16,24.0,78,19.9,0.66,16.97
2025-07-18 03:16,23.4,79,19.5,0.60,16.61
2025-07-18 04:16,23.1,80,19.5,0.57,16.54
2025-07-18 05:16,22.7,81,19.3,0.52,16.37
2025-07-18 06:16,23.9,83,20.8,0.50,17.96
2025-07-18 07:16,25.2,83,22.1,0.54,19.32
2025-07-18 08:16,26.9,82,23.6,0.64,20.99
2025-07-18 09:16,28.5,79,24.5,0.82,22.08
2025-07-18 10:16,30.8,71,24.9,1.29,22.48
2025-07-18 11:16,33.0,60,24.2,2.01,21.36
2025-07-18 12:16,34.4,55,24.1,2.45,21.07
2025-07-18 13:16,34.4,55,24.1,2.45,21.07
2025-07-18 14:16,35.5,52,24.1,2.77,21.10
2025-07-18 15:16,35.6,49,23.2,2.96,19.98
2025-07-18 16:16,35.0,51,23.4,2.76,20.16
2025-07-18 17:16,33.7,51,22.2,2.56,18.84
2025-07-18 18:16,31.3,54,20.9,2.10,17.56
2025-07-18 19:16,29.6,59,20.7,1.70,17.51
2025-07-18 20:16,28.6,62,20.6,1.49,17.42
2025-07-18 21:16,27.8,66,20.9,1.27,17.75
2025-07-18 22:16,27.2,69,21.0,1.12,17.96
2025-07-18 23:16,26.8,71,21.1,1.02,18.07
2025-07-19 00:16,26.0,74,21.0,0.87,18.02
2025-07-19 01:16,25.4,75,20.6,0.81,17.66
2025-07-19 02:16,24.8,77,20.5,0.72,17.53
2025-07-19 03:16,24.4,78,20.3,0.67,17.36
2025-07-19 04:16,24.0,79,20.1,0.63,17.19
2025-07-19 05:16,23.8,81,20.3,0.56,17.42
2025-07-19 06:16,24.4,83,21.3,0.52,18.47
2025-07-19 07:16,25.4,83,22.3,0.55,19.54
2025-07-19 08:16,27.0,82,23.7,0.64,21.10
2025-07-19 09:16,29.0,78,24.8,0.88,22.40
2025-07-19 10:16,30.8,70,24.7,1.33,22.16
2025-07-19 11:16,32.3,65,24.9,1.69,22.30
2025-07-19 12:16,34.6,55,24.2,2.47,21.29
2025-07-19 13:16,35.4,49,23.1,2.93,19.78
2025-07-19 14:16,36.2,50,24.1,3.00,21.03
2025-07-19 15:16,37.4,45,23.5,3.53,20.13
2025-07-19 16:16,36.6,46,23.1,3.32,19.75
2025-07-19 17:16,34.3,49,22.0,2.76,18.68
2025-07-19 18:16,32.6,54,22.1,2.26,18.82
2025-07-19 19:16,30.8,59,21.9,1.82,18.68
2025-07-19 20:16,29.8,62,21.7,1.59,18.60
2025-07-19 21:16,29.0,65,21.8,1.40,18.67
2025-07-19 22:16,28.2,68,21.7,1.22,18.70
2025-07-19 23:16,27.4,71,21.7,1.06,18.68
2025-07-20 00:16,26.6,73,21.4,0.94,18.38
2025-07-20 01:16,26.2,75,21.4,0.85,18.46
2025-07-20 02:16,25.8,77,21.5,0.76,18.54
2025-07-20 03:16,25.3,79,21.4,0.68,18.49
2025-07-20 04:16,25.0,80,21.3,0.63,18.42
2025-07-20 05:16,24.8,81,21.3,0.59,18.44
2025-07-20 06:16,24.9,82,21.6,0.57,18.77
2025-07-20 07:16,26.1,83,23.0,0.57,20.32
2025-07-20 08:16,27.1,82,23.8,0.65,21.22
2025-07-20 09:16,28.8,80,25.0,0.79,22.73
2025-07-20 10:16,31.0,74,25.8,1.17,23.68
2025-07-20 11:16,34.0,65,26.5,1.86,24.39
2025-07-20 12:16,35.4,55,25.0,2.59,22.20
2025-07-20 13:16,37.3,51,25.5,3.13,22.70
2025-07-20 14:16,38.9,47,25.5,3.69,22.69
2025-07-20 15:16,38.8,43,24.0,3.94,20.66
2025-07-20 16:16,37.2,46,23.6,3.43,20.37
2025-07-20 17:16,35.7,49,23.3,2.98,20.09
2025-07-20 18:16,33.8,54,23.2,2.42,20.05
2025-07-20 19:16,32.0,59,23.0,1.95,19.92
2025-07-20 20:16,30.7,62,22.6,1.68,19.52
2025-07-20 21:16,29.7,65,22.4,1.46,19.39
2025-07-20 22:16,29.1,68,22.6,1.29,19.64
2025-07-20 23:16,28.5,70,22.5,1.17,19.56
2025-07-21 00:16,27.9,72,22.4,1.05,19.47
2025-07-21 01:16,27.1,75,22.3,0.90,19.41
2025-07-21 02:16,26.7,77,22.3,0.81,19.49
2025-07-21 03:16,26.3,78,22.2,0.75,19.31
2025-07-21 04:16,26.0,79,22.1,0.71,19.23
2025-07-21 05:16,25.8,80,22.1,0.66,19.26
2025-07-21 06:16,26.4,82,23.1,0.62,20.41
2025-07-21 07:16,27.4,82,24.1,0.66,21.57
2025-07-21 08:16,28.8,81,25.2,0.75,23.01
2025-07-21 09:16,30.6,78,26.3,0.97,24.43
2025-07-21 10:16,32.5,72,26.8,1.37,24.96
2025-07-21 11:16,34.9,66,27.6,1.90,25.96
2025-07-21 12:16,37.2,60,28.1,2.54,26.57
2025-07-21 13:16,39.2,51,27.2,3.46,25.00
2025-07-21 14:16,40.1,46,26.3,4.00,23.59
2025-07-21 15:16,40.5,44,25.9,4.24,23.02
2025-07-21 16:16,38.2,46,24.6,3.62,21.44
2025-07-21 17:16,35.8,51,24.1,2.88,21.02
2025-07-21 18:16,34.7,52,23.4,2.65,20.24
2025-07-21 19:16,32.8,58,23.4,2.09,20.43
2025-07-21 20:16,31.5,62,23.3,1.76,20.38
2025-07-21 21:16,30.7,66,23.6,1.50,20.78
2025-07-21 22:16,29.7,70,23.6,1.25,20.89
2025-07-21 23:16,29.1,72,23.5,1.13,20.79
2025-07-22 00:16,28.5,74,23.4,1.01,20.68
2025-07-22 01:16,28.1,76,23.5,0.91,20.78
2025-07-22 02:16,27.5,77,23.1,0.84,20.37
2025-07-22 03:16,27.2,78,23.0,0.79,20.30
2025-07-22 04:16,27.0,80,23.3,0.71,20.59
2025-07-22 05:16,26.8,81,23.3,0.67,20.62
2025-07-22 06:16,27.1,83,24.0,0.61,21.48
2025-07-22 07:16,28.1,83,24.9,0.65,22.70
2025-07-22 08:16,29.6,81,26.0,0.79,24.04
2025-07-22 09:16,31.2,78,26.9,1.00,25.23
2025-07-22 10:16,33.5,72,27.8,1.45,26.31
2025-07-22 11:16,35.5,66,28.2,1.97,26.78
2025-07-22 12:16,37.1,58,27.5,2.65,25.55
2025-07-22 13:16,39.0,43,24.1,3.99,20.87
2025-07-22 14:16,40.9,44,26.2,4.33,23.48
2025-07-22 15:16,33.6,50,21.7,2.60,18.37
2025-07-22 16:16,30.5,66,23.4,1.48,20.56
2025-07-22 17:16,30.3,74,25.1,1.12,22.81
2025-07-22 18:16,29.8,76,25.1,1.01,22.80
2025-07-22 19:16,29.0,77,24.6,0.92,22.12
2025-07-22 20:16,28.6,78,24.4,0.86,21.92
2025-07-22 21:16,28.2,79,24.2,0.80,21.72
2025-07-22 22:16,27.9,80,24.1,0.75,21.64
2025-07-22 23:16,27.4,81,23.8,0.69,21.31
2025-07-23 00:16,27.0,81,23.5,0.68,20.85
2025-07-23 01:16,26.8,82,23.5,0.63,20.87
2025-07-23 02:16,26.6,83,23.5,0.59,20.89
2025-07-23 03:16,26.3,84,23.4,0.55,20.79
2025-07-23 04:16,26.1,85,23.4,0.51,20.81
2025-07-23 05:16,25.9,85,23.2,0.50,20.58
2025-07-23 06:16,26.5,87,24.2,0.45,21.78
2025-07-23 07:16,27.3,86,24.7,0.51,22.50
2025-07-23 08:16,28.6,85,25.8,0.59,23.89
2025-07-23 09:16,30.5,81,26.9,0.83,25.23
2025-07-23 10:16,32.9,75,27.9,1.25,26.56
2025-07-23 11:16,34.6,68,27.8,1.76,26.33
2025-07-23 12:16,36.7,61,27.9,2.41,26.33
2025-07-23 13:16,38.2,52,26.6,3.21,24.23
2025-07-23 14:16,40.1,45,25.9,4.08,23.08
2025-07-23 15:16,39.0,46,25.3,3.78,22.32
2025-07-23 16:16,38.0,49,25.4,3.38,22.60
2025-07-23 17:16,35.4,50,23.4,2.87,20.18
2025-07-23 18:16,33.6,55,23.3,2.34,20.21
2025-07-23 19:16,32.3,59,23.3,1.98,20.24
2025-07-23 20:16,31.3,63,23.4,1.69,20.49
2025-07-23 21:16,30.3,66,23.2,1.47,20.34
2025-07-23 22:16,29.5,69,23.2,1.28,20.36
2025-07-23 23:16,28.7,72,23.1,1.10,20.34
2025-07-24 00:16,28.1,74,23.0,0.99,20.23
2025-07-24 01:16,27.7,75,22.9,0.93,20.06
2025-07-24 02:16,27.2,77,22.8,0.83,20.04
2025-07-24 03:16,26.8,78,22.6,0.78,19.85
2025-07-24 04:16,26.4,79,22.5,0.72,19.67
2025-07-24 05:16,26.1,80,22.4,0.68,19.59
2025-07-24 06:16,26.4,82,23.1,0.62,20.41
2025-07-24 07:16,27.6,81,24.0,0.70,21.55
2025-07-24 08:16,29.0,79,25.0,0.84,22.69
2025-07-24 09:16,30.9,75,25.9,1.12,23.87
2025-07-24 10:16,33.3,70,27.1,1.53,25.32
2025-07-24 11:16,35.1,62,26.7,2.15,24.64
2025-07-24 12:16,37.3,54,26.4,2.93,24.04
2025-07-24 13:16,38.9,47,25.5,3.69,22.69
2025-07-24 14:16,40.6,44,26.0,4.26,23.14
2025-07-24 15:16,37.8,47,24.5,3.47,21.46
2025-07-24 16:16,36.2,51,24.5,2.94,21.45
2025-07-24 17:16,35.4,52,24.0,2.76,20.99
2025-07-24 18:16,33.8,54,23.2,2.42,20.05
2025-07-24 19:16,32.3,58,23.0,2.03,19.89
2025-07-24 20:16,31.1,62,23.0,1.72,19.95
2025-07-24 21:16,30.3,66,23.2,1.47,20.34
2025-07-24 22:16,29.5,69,23.2,1.28,20.36
2025-07-24 23:16,28.9,71,23.1,1.15,20.28
2025-07-25 00:16,28.5,73,23.2,1.05,20.40
2025-07-25 01:16,28.1,74,23.0,0.99,20.23
2025-07-25 02:16,27.7,75,22.9,0.93,20.06
2025-07-25 03:16,27.4,76,22.8,0.88,20.00
2025-07-25 04:16,27.2,76,22.6,0.87,19.78
2025-07-25 05:16,27.0,77,22.6,0.82,19.82
2025-07-25 06:16,27.3,78,23.1,0.80,20.41
2025-07-25 07:16,28.1,80,24.3,0.76,21.88
2025-07-25 08:16,28.9,79,24.9,0.84,22.57
2025-07-25 09:16,31.0,76,26.3,1.08,24.32
2025-07-25 10:16,33.0,70,26.8,1.51,24.92
2025-07-25 11:16,35.6,62,27.2,2.21,25.29
2025-07-25 12:16,37.9,56,27.6,2.90,25.70
2025-07-25 13:16,39.6,48,26.5,3.75,24.01
2025-07-25 14:16,38.6,45,24.5,3.76,21.40
2025-07-25 15:16,35.9,51,24.2,2.90,21.12
2025-07-25 16:16,34.8,55,24.4,2.50,21.52
2025-07-25 17:16,34.1,57,24.4,2.30,21.50
2025-07-25 18:16,33.3,57,23.6,2.20,20.61
2025-07-25 19:16,32.3,59,23.3,1.98,20.24
2025-07-25 20:16,31.2,61,22.8,1.77,19.73
2025-07-25 21:16,30.0,65,22.7,1.49,19.71
2025-07-25 22:16,29.2,67,22.4,1.34,19.45
2025-07-25 23:16,28.6,70,22.6,1.17,19.67
2025-07-26 00:16,28.0,72,22.5,1.06,19.58
2025-07-26 01:16,27.4,74,22.4,0.95,19.47
2025-07-26 02:16,27.0,74,22.0,0.93,19.04
2025-07-26 03:16,26.6,76,22.0,0.84,19.13
2025-07-26 04:16,26.2,77,21.8,0.78,18.96
2025-07-26 05:16,25.9,78,21.8,0.74,18.88
2025-07-26 06:16,26.4,79,22.5,0.72,19.67
2025-07-26 07:16,27.6,79,23.6,0.78,21.02
2025-07-26 08:16,29.0,78,24.8,0.88,22.40
2025-07-26 09:16,31.0,75,26.0,1.12,24.00
2025-07-26 10:16,33.1,71,27.1,1.47,25.41
2025-07-26 11:16,35.8,63,27.7,2.17,25.96
2025-07-26 12:16,38.0,54,27.1,3.05,24.91
2025-07-26 13:16,39.9,48,26.8,3.81,24.37
2025-07-26 14:16,40.9,40,24.6,4.64,21.35
2025-07-26 15:16,40.3,41,24.5,4.42,21.24
2025-07-26 16:16,38.8,42,23.6,4.01,20.18
2025-07-26 17:16,37.4,43,22.7,3.66,19.24
2025-07-26 18:16,35.1,48,22.4,2.94,19.07
2025-07-26 19:16,33.2,54,22.6,2.34,19.43
2025-07-26 20:16,31.9,59,22.9,1.94,19.81
2025-07-26 21:16,30.9,62,22.8,1.70,19.74
2025-07-26 22:16,29.7,65,22.4,1.46,19.39
2025-07-26 23:16,28.7,66,21.7,1.34,18.65
2025-07-27 00:16,27.9,67,21.2,1.24,18.12
2025-07-27 01:16,27.3,69,21.1,1.12,18.05
2025-07-27 02:16,26.7,71,21.0,1.02,17.97
2025-07-27 03:16,26.1,73,20.9,0.91,17.87
2025-07-27 04:16,25.5,74,20.5,0.85,17.52
2025-07-27 05:16,25.2,76,20.7,0.77,17.69
2025-07-27 06:16,25.6,77,21.3,0.76,18.33
2025-07-27 07:16,26.8,76,22.2,0.85,19.34
2025-07-27 08:16,28.3,74,23.2,1.00,20.46
2025-07-27 09:16,30.2,70,24.1,1.29,21.46
2025-07-27 10:16,32.4,65,25.0,1.70,22.41
2025-07-27 11:16,34.1,62,25.8,2.03,23.39
2025-07-27 12:16,36.5,56,26.3,2.69,23.92
2025-07-27 13:16,38.6,50,26.3,3.42,23.78
2025-07-27 14:16,39.1,44,24.6,3.94,21.46
2025-07-27 15:16,39.4,40,23.3,4.29,19.81
2025-07-27 16:16,36.7,45,22.8,3.40,19.42
2025-07-27 17:16,35.4,49,23.1,2.93,19.78
2025-07-27 18:16,33.7,52,22.5,2.51,19.21
2025-07-27 19:16,32.2,56,22.3,2.12,19.11
2025-07-27 20:16,31.0,60,22.3,1.80,19.20
2025-07-27 21:16,29.8,64,22.3,1.51,19.20
2025-07-27 22:16,29.0,67,22.2,1.32,19.24
2025-07-27 23:16,28.2,69,22.0,1.19,18.97
2025-07-28 00:16,27.8,71,22.1,1.08,19.10
2025-07-28 01:16,27.2,74,22.2,0.94,19.26
2025-07-28 02:16,26.6,75,21.8,0.87,18.88
2025-07-28 03:16,26.3,76,21.7,0.82,18.81
2025-07-28 04:16,26.0,77,21.7,0.77,18.75
2025-07-28 05:16,25.8,78,21.7,0.73,18.78
2025-07-28 06:16,26.4,80,22.7,0.69,19.91
2025-07-28 07:16,27.4,80,23.6,0.73,21.05
2025-07-28 08:16,28.8,79,24.8,0.83,22.44
2025-07-28 09:16,30.9,74,25.7,1.16,23.55
2025-07-28 10:16,33.0,68,26.3,1.61,24.21
2025-07-28 11:16,35.7,60,26.7,2.34,24.60
2025-07-28 12:16,37.9,53,26.7,3.10,24.32
2025-07-28 13:16,39.5,47,26.1,3.81,23.39
2025-07-28 14:16,40.4,41,24.6,4.45,21.34
2025-07-28 15:16,41.0,39,24.3,4.74,20.92
2025-07-28 16:16,38.5,43,23.7,3.88,20.34
2025-07-28 17:16,36.5,47,23.4,3.24,20.08
2025-07-28 18:16,35.4,50,23.4,2.87,20.18
2025-07-28 19:16,33.6,53,22.7,2.44,19.47
2025-07-28 20:16,32.1,56,22.2,2.10,19.01
2025-07-28 21:16,30.8,60,22.1,1.78,19.00
2025-07-28 22:16,29.8,63,22.0,1.55,18.90
2025-07-28 23:16,29.2,66,22.2,1.38,19.16
2025-07-29 00:16,28.6,69,22.4,1.21,19.39
2025-07-29 01:16,28.3,70,22.3,1.15,19.35
2025-07-29 02:16,27.9,71,22.2,1.09,19.20
2025-07-29 03:16,27.3,74,22.3,0.94,19.36
2025-07-29 04:16,26.7,76,22.1,0.84,19.24
2025-07-29 05:16,26.3,77,21.9,0.79,19.06
2025-07-29 06:16,26.6,78,22.4,0.77,19.63
2025-07-29 07:16,27.7,79,23.7,0.78,21.13
2025-07-29 08:16,29.4,77,24.9,0.94,22.60
2025-07-29 09:16,31.7,73,26.3,1.26,24.25
2025-07-29 10:16,34.1,66,26.8,1.82,24.89
2025-07-29 11:16,36.4,59,27.1,2.49,25.08
2025-07-29 12:16,38.2,49,25.6,3.42,22.83
2025-07-29 13:16,40.0,44,25.4,4.13,22.45
2025-07-29 14:16,41.1,42,25.6,4.53,22.64
2025-07-29 15:16,41.1,38,24.0,4.85,20.48
2025-07-29 16:16,40.6,39,23.9,4.64,20.51
2025-07-29 17:16,37.8,42,22.7,3.80,19.18
2025-07-29 18:16,35.1,46,21.7,3.05,18.28
2025-07-29 19:16,33.2,49,21.0,2.59,17.63
2025-07-29 20:16,31.8,52,20.7,2.26,17.37
2025-07-29 21:16,30.5,55,20.4,1.96,17.13
2025-07-29 22:16,29.4,59,20.5,1.68,17.32
2025-07-29 23:16,28.7,63,21.0,1.46,17.80
2025-07-30 00:16,28.2,66,21.2,1.30,18.15
2025-07-30 01:16,27.6,68,21.2,1.18,18.09
2025-07-30 02:16,27.0,71,21.3,1.03,18.27
2025-07-30 03:16,26.4,73,21.2,0.93,18.17
2025-07-30 04:16,26.0,74,21.0,0.87,18.02
2025-07-30 05:16,25.7,76,21.1,0.79,18.19
2025-07-30 06:16,26.3,78,22.2,0.75,19.31
2025-07-30 07:16,27.1,77,22.7,0.82,19.93
2025-07-30 08:16,28.3,75,23.4,0.96,20.73
2025-07-30 09:16,30.2,71,24.4,1.24,21.76
2025-07-30 10:16,32.4,63,24.4,1.80,21.73
2025-07-30 11:16,34.3,56,24.3,2.38,21.34
2025-07-30 12:16,36.5,51,24.7,2.99,21.79
2025-07-30 13:16,38.3,45,24.3,3.70,21.08
2025-07-30 14:16,39.3,43,24.4,4.05,21.18
2025-07-30 15:16,39.7,42,24.4,4.21,21.11
2025-07-30 16:16,38.8,42,23.6,4.01,20.18
2025-07-30 17:16,36.2,44,22.0,3.36,18.51
2025-07-30 18:16,33.5,48,21.0,2.69,17.54
2025-07-30 19:16,31.4,53,20.7,2.16,17.33
2025-07-30 20:16,30.1,58,20.9,1.79,17.68
2025-07-30 21:16,29.1,62,21.1,1.53,17.91
2025-07-30 22:16,28.1,64,20.6,1.37,17.50
2025-07-30 23:16,27.1,67,20.4,1.18,17.34
2025-07-31 00:16,26.5,69,20.3,1.07,17.27
2025-07-31 01:16,25.9,72,20.5,0.94,17.43
2025-07-31 02:16,25.5,73,20.3,0.88,17.28
2025-07-31 03:16,25.2,75,20.5,0.80,17.46
2025-07-31 04:16,24.7,76,20.2,0.75,17.20
2025-07-31 05:16,24.4,77,20.1,0.70,17.14
2025-07-31 06:16,24.9,79,21.0,0.66,18.08
2025-07-31 07:16,25.9,79,22.0,0.70,19.13
2025-07-31 08:16,27.6,77,23.2,0.85,20.48
2025-07-31 09:16,29.6,73,24.2,1.12,21.66
2025-07-31 10:16,31.6,65,24.2,1.63,21.48
2025-07-31 11:16,33.9,59,24.8,2.17,22.02
2025-07-31 12:16,35.2,52,23.9,2.73,20.77
2025-07-31 13:16,36.6,50,24.5,3.07,21.47
2025-07-31 14:16,38.4,46,24.7,3.66,21.65
2025-07-31 15:16,38.3,43,23.5,3.84,20.14
2025-07-31 16:16,37.3,43,22.6,3.64,19.14
2025-07-31 17:16,35.5,44,21.4,3.24,17.85
2025-07-31 18:16,32.5,48,20.1,2.54,16.64
2025-07-31 19:16,30.4,52,19.4,2.08,16.11
2025-07-31 20:16,28.6,57,19.2,1.68,16.02
2025-07-31 21:16,27.6,60,19.1,1.48,15.96
2025-07-31 22:16,27.0,62,19.1,1.35,15.96
2025-07-31 23:16,26.5,65,19.4,1.21,16.27
2025-08-01 00:16,25.9,67,19.3,1.10,16.22
2025-08-01 01:16,25.6,68,19.3,1.05,16.19
2025-08-01 02:16,25.1,70,19.2,0.96,16.20
2025-08-01 03:16,24.8,72,19.4,0.88,16.39
2025-08-01 04:16,24.8,73,19.6,0.85,16.62
2025-08-01 05:16,24.9,74,19.9,0.82,16.94
2025-08-01 06:16,25.4,73,20.2,0.88,17.19
2025-08-01 07:16,26.4,71,20.7,1.00,17.67
2025-08-01 08:16,27.2,69,21.0,1.12,17.96
2025-08-01 09:16,28.8,66,21.8,1.35,18.75
2025-08-01 10:16,29.3,64,21.8,1.47,18.69
2025-08-01 11:16,30.5,64,22.9,1.57,19.94
2025-08-01 12:16,33.2,60,24.4,2.03,21.59
2025-08-01 13:16,32.8,56,22.9,2.19,19.72
2025-08-01 14:16,32.8,60,24.0,1.99,21.13
2025-08-01 15:16,32.3,62,24.1,1.84,21.27
2025-08-01 16:16,31.8,64,24.1,1.69,21.38
2025-08-01 17:16,31.6,64,24.0,1.67,21.15
2025-08-01 18:16,31.0,64,23.4,1.62,20.48
2025-08-01 19:16,30.2,66,23.1,1.46,20.23
2025-08-01 20:16,29.2,69,22.9,1.26,20.04
2025-08-01 21:16,28.6,70,22.6,1.17,19.67
2025-08-01 22:16,28.2,72,22.7,1.07,19.80
2025-08-01 23:16,27.9,75,23.1,0.94,20.28
2025-08-02 00:16,27.8,76,23.2,0.90,20.44
2025-08-02 01:16,27.6,75,22.8,0.92,19.95
2025-08-02 02:16,27.7,74,22.6,0.97,19.79
2025-08-02 03:16,27.6,74,22.5,0.96,19.69
2025-08-02 04:16,27.3,75,22.5,0.91,19.62
2025-08-02 05:16,27.0,76,22.4,0.86,19.56
2025-08-02 06:16,27.1,77,22.7,0.82,19.93
2025-08-02 07:16,27.7,77,23.3,0.85,20.60
2025-08-02 08:16,29.1,77,24.7,0.93,22.24
2025-08-02 09:16,31.5,72,25.8,1.29,23.67
2025-08-02 10:16,33.0,68,26.3,1.61,24.21
2025-08-02 11:16,36.3,58,26.7,2.54,24.52
2025-08-02 12:16,39.0,47,25.6,3.71,22.81
2025-08-02 13:16,39.7,42,24.4,4.21,21.11
2025-08-02 14:16,37.9,47,24.6,3.49,21.57
2025-08-02 15:16,40.2,43,25.2,4.25,22.16
2025-08-02 16:16,38.9,44,24.4,3.89,21.24
2025-08-02 17:16,36.2,50,24.1,3.00,21.03
2025-08-02 18:16,33.9,55,23.6,2.38,20.53
2025-08-02 19:16,32.1,61,23.6,1.86,20.70
2025-08-02 20:16,30.9,64,23.3,1.61,20.37
2025-08-02 21:16,30.4,68,23.8,1.39,21.07
2025-08-02 22:16,29.9,72,24.3,1.18,21.72
2025-08-02 23:16,29.4,73,24.1,1.11,21.43
2025-08-03 00:16,29.2,75,24.3,1.01,21.78
2025-08-03 01:16,29.1,76,24.4,0.97,21.95
2025-08-03 02:16,28.8,77,24.4,0.91,21.88
2025-08-03 03:16,28.5,78,24.3,0.86,21.80
2025-08-03 04:16,28.3,79,24.3,0.81,21.84
2025-08-03 05:16,28.1,80,24.3,0.76,21.88
2025-08-03 06:16,28.4,80,24.6,0.77,22.24
2025-08-03 07:16,29.0,81,25.4,0.76,23.27
2025-08-03 08:16,30.2,79,26.2,0.90,24.22
2025-08-03 09:16,32.1,75,27.1,1.20,25.45
2025-08-03 10:16,34.3,67,27.3,1.78,25.54
2025-08-03 11:16,36.1,62,27.7,2.27,25.95
2025-08-03 12:16,38.0,56,27.7,2.91,25.83
2025-08-03 13:16,39.7,51,27.7,3.56,25.64
2025-08-03 14:16,40.7,46,26.8,4.13,24.31
2025-08-03 15:16,41.1,46,27.2,4.22,24.80
2025-08-03 16:16,39.5,45,25.4,3.95,22.39
2025-08-03 17:16,36.5,51,24.7,2.99,21.79
2025-08-03 18:16,34.6,55,24.2,2.47,21.29
2025-08-03 19:16,33.2,59,24.1,2.09,21.23
2025-08-03 20:16,32.2,62,24.0,1.83,21.15
2025-08-03 21:16,31.4,64,23.8,1.65,20.92
2025-08-03 22:16,30.9,67,24.1,1.47,21.33
2025-08-03 23:16,30.1,70,24.0,1.28,21.34
2025-08-04 00:16,29.7,72,24.1,1.17,21.48
2025-08-04 01:16,29.1,74,24.0,1.05,21.37
2025-08-04 02:16,28.5,76,23.9,0.93,21.24
2025-08-04 03:16,28.3,77,23.9,0.88,21.29
2025-08-04 04:16,28.0,78,23.8,0.83,21.21
2025-08-04 05:16,27.7,79,23.7,0.78,21.13
2025-08-04 06:16,28.1,81,24.5,0.72,22.15
2025-08-04 07:16,29.1,81,25.5,0.77,23.39
2025-08-04 08:16,30.5,79,26.4,0.92,24.61
2025-08-04 09:16,31.5,75,26.5,1.16,24.65
2025-08-04 10:16,33.6,72,27.8,1.46,26.45
2025-08-04 11:16,36.2,65,28.6,2.10,27.34
2025-08-04 12:16,38.8,55,28.1,3.11,26.42
2025-08-04 13:16,41.1,48,27.9,4.07,25.88
2025-08-04 14:16,41.7,41,25.8,4.76,22.77
2025-08-04 15:16,41.1,40,24.8,4.69,21.56
2025-08-04 16:16,39.3,42,24.0,4.12,20.69
2025-08-04 17:16,37.8,45,23.8,3.60,20.55
2025-08-04 18:16,36.1,47,23.0,3.17,19.67
2025-08-04 19:16,34.2,51,22.6,2.64,19.34
2025-08-04 20:16,32.9,54,22.4,2.30,19.12
2025-08-04 21:16,31.7,58,22.4,1.96,19.27
2025-08-04 22:16,30.7,62,22.6,1.68,19.52
2025-08-04 23:16,30.1,64,22.5,1.54,19.51
2025-08-05 00:16,29.6,68,23.1,1.33,20.18
2025-08-05 01:16,29.1,70,23.1,1.21,20.22
2025-08-05 02:16,28.8,72,23.2,1.11,20.46
2025-08-05 03:16,28.5,73,23.2,1.05,20.40
2025-08-05 04:16,28.0,75,23.2,0.94,20.40
2025-08-05 05:16,27.6,76,23.0,0.89,20.22
2025-08-05 06:16,27.9,77,23.5,0.86,20.82
2025-08-05 07:16,29.0,77,24.6,0.92,22.12
2025-08-05 08:16,30.5,73,25.1,1.18,22.74
2025-08-05 09:16,32.2,68,25.5,1.54,23.20
2025-08-05 10:16,34.5,62,26.2,2.08,23.88
2025-08-05 11:16,37.1,53,25.9,2.97,23.35
2025-08-05 12:16,39.6,46,25.8,3.90,23.01
2025-08-05 13:16,41.9,43,26.7,4.65,24.12
2025-08-05 14:16,43.8,38,26.3,5.58,23.39
2025-08-05 15:16,43.4,34,24.1,5.82,20.53
2025-08-05 16:16,43.3,35,24.5,5.70,21.03
2025-08-05 17:16,41.4,40,25.1,4.77,21.89
2025-08-05 18:16,39.0,44,24.5,3.92,21.35
2025-08-05 19:16,37.0,49,24.5,3.20,21.48
2025-08-05 20:16,35.5,53,24.5,2.72,21.50
2025-08-05 21:16,34.2,58,24.8,2.26,21.99
2025-08-05 22:16,33.0,62,24.7,1.91,22.07
2025-08-05 23:16,32.2,64,24.5,1.73,21.84
2025-08-06 00:16,31.8,66,24.7,1.60,22.04
2025-08-06 01:16,31.0,68,24.4,1.44,21.76
2025-08-06 02:16,30.6,69,24.3,1.36,21.61
2025-08-06 03:16,30.3,70,24.2,1.29,21.57
2025-08-06 04:16,30.1,71,24.3,1.24,21.65
2025-08-06 05:16,29.6,73,24.2,1.12,21.66
2025-08-06 06:16,29.9,74,24.8,1.10,22.32
2025-08-06 07:16,30.7,74,25.5,1.15,23.30
2025-08-06 08:16,32.0,72,26.3,1.33,24.31
2025-08-06 09:16,33.8,66,26.6,1.79,24.51
2025-08-06 10:16,35.8,62,27.4,2.23,25.55
2025-08-06 11:16,38.2,57,28.2,2.88,26.56
2025-08-06 12:16,39.5,50,27.1,3.59,24.88
2025-08-06 13:16,40.6,48,27.4,3.96,25.24
2025-08-06 14:16,39.7,48,26.6,3.77,24.13
2025-08-06 15:16,39.7,48,26.6,3.77,24.13
2025-08-06 16:16,36.6,51,24.8,3.01,21.90
2025-08-06 17:16,36.2,53,25.1,2.82,22.30
2025-08-06 18:16,31.6,60,22.9,1.86,19.83
2025-08-06 19:16,29.7,67,22.9,1.38,19.99
2025-08-06 20:16,28.7,72,23.1,1.10,20.34
2025-08-06 21:16,28.3,74,23.2,1.00,20.46
2025-08-06 22:16,28.0,76,23.4,0.91,20.67
2025-08-06 23:16,27.9,77,23.5,0.86,20.82
2025-08-07 00:16,27.7,79,23.7,0.78,21.13
2025-08-07 01:16,27.5,80,23.7,0.73,21.17
2025-08-07 02:16,27.5,81,23.9,0.70,21.43
2025-08-07 03:16,27.4,82,24.1,0.66,21.57
2025-08-07 04:16,27.3,82,24.0,0.65,21.46
2025-08-07 05:16,27.3,83,24.2,0.62,21.72
2025-08-07 06:16,27.3,83,24.2,0.62,21.72
2025-08-07 07:16,28.5,84,25.5,0.62,23.48
2025-08-07 08:16,29.3,81,25.7,0.77,23.65
2025-08-07 09:16,27.5,78,23.3,0.81,20.64
2025-08-07 10:16,25.7,78,21.6,0.73,18.67
2025-08-07 11:16,25.4,80,21.7,0.65,18.83
2025-08-07 12:16,27.7,83,24.5,0.63,22.20
2025-08-07 13:16,30.7,76,26.0,1.06,23.93
2025-08-07 14:16,32.5,70,26.3,1.47,24.27
2025-08-07 15:16,32.7,65,25.3,1.73,22.77
2025-08-07 16:16,33.8,62,25.5,2.00,23.02
2025-08-07 17:16,32.6,62,24.4,1.87,21.61
2025-08-07 18:16,31.6,65,24.2,1.63,21.48
2025-08-07 19:16,30.0,68,23.4,1.36,20.62
2025-08-07 20:16,29.2,71,23.4,1.18,20.62
2025-08-07 21:16,28.4,73,23.1,1.04,20.29
2025-08-07 22:16,27.9,76,23.3,0.90,20.55
2025-08-07 23:16,27.3,78,23.1,0.80,20.41
2025-08-08 00:16,26.7,79,22.8,0.74,20.00
2025-08-08 01:16,25.9,80,22.2,0.67,19.37
2025-08-08 02:16,25.6,81,22.1,0.62,19.28
2025-08-08 03:16,25.2,81,21.7,0.61,18.86
2025-08-08 04:16,24.6,82,21.3,0.56,18.46
2025-08-08 05:16,24.0,83,20.9,0.51,18.06
2025-08-08 06:16,24.2,83,21.1,0.51,18.26
2025-08-08 07:16,25.6,80,21.9,0.66,19.05
2025-08-08 08:16,28.0,69,21.8,1.17,18.76
2025-08-08 09:16,31.0,59,22.0,1.84,18.88
2025-08-08 10:16,33.7,50,21.8,2.62,18.47
2025-08-08 11:16,36.1,44,21.9,3.35,18.41
2025-08-08 12:16,38.4,40,22.4,4.06,18.83
2025-08-08 13:16,39.8,35,21.5,4.74,17.68
2025-08-08 14:16,36.0,40,20.3,3.56,16.65
2025-08-08 15:16,36.6,41,21.2,3.62,17.61
2025-08-08 16:16,36.9,40,21.1,3.74,17.44
2025-08-08 17:16,34.2,48,21.6,2.80,18.20
2025-08-08 18:16,32.2,52,21.1,2.31,17.74
2025-08-08 19:16,29.5,55,19.5,1.86,16.23
2025-08-08 20:16,27.9,58,18.9,1.58,15.69
2025-08-08 21:16,27.1,62,19.2,1.36,16.04
2025-08-08 22:16,26.8,65,19.7,1.23,16.54
2025-08-08 23:16,26.2,68,19.8,1.09,16.74
2025-08-09 00:16,25.9,69,19.8,1.04,16.70
2025-08-09 01:16,25.3,71,19.7,0.94,16.62
2025-08-09 02:16,25.1,72,19.7,0.89,16.67
2025-08-09 03:16,24.8,73,19.6,0.85,16.62
2025-08-09 04:16,24.7,75,20.0,0.78,16.98
2025-08-09 05:16,24.7,75,20.0,0.78,16.98
2025-08-09 06:16,24.9,76,20.4,0.76,17.40
2025-08-09 07:16,25.9,76,21.3,0.80,18.40
2025-08-09 08:16,27.1,72,21.6,1.00,18.63
2025-08-09 09:16,29.3,66,22.3,1.39,19.27
2025-08-09 10:16,31.0,58,21.8,1.89,18.56
2025-08-09 11:16,32.7,54,22.2,2.28,18.92
2025-08-09 12:16,34.1,48,21.5,2.78,18.10
2025-08-09 13:16,33.7,47,20.8,2.77,17.36
2025-08-09 14:16,34.8,45,21.1,3.06,17.61
2025-08-09 15:16,33.3,50,21.5,2.56,18.08
2025-08-09 16:16,33.0,53,22.1,2.36,18.87
2025-08-09 17:16,32.4,54,21.9,2.24,18.62
2025-08-09 18:16,31.2,56,21.4,2.00,18.11
2025-08-09 19:16,30.2,60,21.6,1.72,18.39
2025-08-09 20:16,29.4,64,21.9,1.48,18.79
2025-08-09 21:16,28.6,68,22.1,1.25,19.11
2025-08-09 22:16,27.9,72,22.4,1.05,19.47
2025-08-09 23:16,27.5,74,22.4,0.95,19.58
2025-08-10 00:16,27.1,76,22.5,0.86,19.67
2025-08-10 01:16,26.8,77,22.4,0.81,19.60
2025-08-10 02:16,26.7,79,22.8,0.74,20.00
2025-08-10 03:16,26.4,80,22.7,0.69,19.91
2025-08-10 04:16,26.0,81,22.5,0.64,19.72
2025-08-10 05:16,25.7,82,22.4,0.59,19.63
2025-08-10 06:16,25.5,83,22.4,0.55,19.65
2025-08-10 07:16,25.6,83,22.5,0.56,19.76
2025-08-10 08:16,26.0,84,23.1,0.54,20.45
2025-08-10 09:16,26.8,85,24.1,0.53,21.63
2025-08-10 10:16,27.8,86,25.2,0.52,23.13
2025-08-10 11:16,27.6,84,24.6,0.59,22.35
2025-08-10 12:16,28.4,83,25.2,0.66,23.07
2025-08-10 13:16,29.1,81,25.5,0.77,23.39
2025-08-10 14:16,29.3,79,25.3,0.86,23.06
2025-08-10 15:16,28.8,80,25.0,0.79,22.73
2025-08-10 16:16,28.2,81,24.6,0.73,22.27
2025-08-10 17:16,27.8,82,24.4,0.67,22.06
2025-08-10 18:16,27.5,84,24.6,0.59,22.22
2025-08-10 19:16,27.0,85,24.3,0.53,21.88
2025-08-10 20:16,26.7,86,24.2,0.49,21.77
2025-08-10 21:16,26.2,86,23.7,0.48,21.17
2025-08-10 22:16,26.1,87,23.8,0.44,21.30
2025-08-10 23:16,25.9,87,23.6,0.43,21.06
2025-08-11 00:16,25.8,88,23.7,0.40,21.19
2025-08-11 01:16,25.7,88,23.6,0.40,21.07
2025-08-11 02:16,25.5,89,23.6,0.36,21.07
2025-08-11 03:16,25.4,89,23.5,0.36,20.95
2025-08-11 04:16,25.3,89,23.4,0.35,20.84
2025-08-11 05:16,25.3,90,23.5,0.32,21.07
2025-08-11 06:16,25.3,90,23.5,0.32,21.07
2025-08-11 07:16,25.9,91,24.3,0.30,22.03
2025-08-11 08:16,26.7,90,24.9,0.35,22.78
2025-08-11 09:16,26.7,89,24.7,0.39,22.53
2025-08-11 10:16,27.6,90,25.8,0.37,23.94
2025-08-11 11:16,29.4,88,27.2,0.49,25.83
2025-08-11 12:16,32.0,82,28.5,0.86,27.68
2025-08-11 13:16,31.9,74,26.7,1.23,24.85
2025-08-11 14:16,34.2,69,27.7,1.67,26.16
2025-08-11 15:16,33.8,63,25.8,1.95,23.39
2025-08-11 16:16,32.4,66,25.2,1.65,22.76
2025-08-11 17:16,30.8,72,25.2,1.24,22.80
2025-08-11 18:16,29.3,75,24.4,1.02,21.90
2025-08-11 19:16,28.0,79,24.0,0.79,21.48
2025-08-11 20:16,27.7,81,24.1,0.71,21.67
2025-08-11 21:16,27.5,83,24.4,0.62,21.96
2025-08-11 22:16,27.4,85,24.7,0.55,22.36
2025-08-11 23:16,27.3,86,24.7,0.51,22.50
2025-08-12 00:16,27.0,87,24.6,0.46,22.39
2025-08-12 01:16,26.7,88,24.5,0.42,22.27
2025-08-12 02:16,26.4,88,24.2,0.41,21.91
2025-08-12 03:16,26.3,88,24.2,0.41,21.78
2025-08-12 04:16,26.2,89,24.2,0.37,21.91
2025-08-12 05:16,26.0,89,24.0,0.37,21.67
2025-08-12 06:16,26.1,90,24.3,0.34,22.03
2025-08-12 07:16,26.5,90,24.7,0.35,22.53
2025-08-12 08:16,27.1,91,25.5,0.32,23.55
2025-08-12 09:16,27.6,90,25.8,0.37,23.94
2025-08-12 10:16,28.1,90,26.3,0.38,24.61
2025-08-12 11:16,28.7,88,26.5,0.47,24.87
2025-08-12 12:16,29.7,86,27.1,0.58,25.66
2025-08-12 13:16,29.4,83,26.2,0.70,24.36
2025-08-12 14:16,29.0,83,25.8,0.68,23.84
2025-08-12 15:16,28.7,85,25.9,0.59,24.02
2025-08-12 16:16,28.6,85,25.8,0.59,23.89
2025-08-12 17:16,28.2,86,25.6,0.54,23.64
2025-08-12 18:16,27.8,87,25.4,0.49,23.40
2025-08-12 19:16,27.3,88,25.1,0.44,23.03
2025-08-12 20:16,27.0,88,24.8,0.43,22.65
2025-08-12 21:16,26.7,89,24.7,0.39,22.53
2025-08-12 22:16,26.2,89,24.2,0.37,21.91
2025-08-12 23:16,26.0,90,24.2,0.34,21.91
2025-08-13 00:16,25.8,90,24.0,0.33,21.67
2025-08-13 01:16,25.7,90,23.9,0.33,21.55
2025-08-13 02:16,25.4,91,23.8,0.29,21.42
2025-08-13 03:16,25.1,91,23.5,0.29,21.07
2025-08-13 04:16,24.9,91,23.3,0.28,20.83
2025-08-13 05:16,24.8,91,23.2,0.28,20.71
2025-08-13 06:16,25.1,92,23.7,0.25,21.30
2025-08-13 07:16,25.9,92,24.5,0.27,22.27
2025-08-13 08:16,26.7,92,25.3,0.28,23.29
2025-08-13 09:16,28.5,91,26.9,0.35,25.43
2025-08-13 10:16,30.3,87,27.9,0.56,26.81
2025-08-13 11:16,31.3,79,27.2,0.96,25.69
2025-08-13 12:16,31.6,74,26.4,1.21,24.45
2025-08-13 13:16,33.8,65,26.3,1.84,24.13
2025-08-13 14:16,35.8,54,25.0,2.70,22.25
2025-08-13 15:16,35.2,53,24.2,2.67,21.17
2025-08-13 16:16,34.9,53,23.9,2.63,20.84
2025-08-13 17:16,32.5,57,22.9,2.10,19.76
2025-08-13 18:16,31.1,60,22.4,1.81,19.30
2025-08-13 19:16,29.7,63,21.9,1.54,18.80
2025-08-13 20:16,28.4,66,21.4,1.32,18.35
2025-08-13 21:16,27.6,68,21.2,1.18,18.09
2025-08-13 22:16,27.0,70,21.1,1.07,18.02
2025-08-13 23:16,26.8,73,21.6,0.95,18.58
2025-08-14 00:16,26.4,74,21.4,0.89,18.42
2025-08-14 01:16,26.1,75,21.3,0.85,18.36
2025-08-14 02:16,25.9,76,21.3,0.80,18.40
2025-08-14 03:16,25.8,77,21.5,0.76,18.54
2025-08-14 04:16,25.6,79,21.7,0.69,18.81
2025-08-14 05:16,25.3,80,21.6,0.64,18.73
2025-08-14 06:16,25.2,81,21.7,0.61,18.86
2025-08-14 07:16,25.5,82,22.2,0.59,19.41
2025-08-14 08:16,26.8,81,23.3,0.67,20.62
2025-08-14 09:16,27.8,78,23.6,0.82,20.98
2025-08-14 10:16,29.4,74,24.3,1.07,21.72
2025-08-14 11:16,30.7,67,23.9,1.46,21.10
2025-08-14 12:16,32.4,63,24.4,1.80,21.73
2025-08-14 13:16,34.1,60,25.2,2.14,22.63
2025-08-14 14:16,35.4,57,25.6,2.47,23.01
2025-08-14 15:16,36.8,52,25.3,2.98,22.56
2025-08-14 16:16,36.5,51,24.7,2.99,21.79
2025-08-14 17:16,35.4,51,23.7,2.82,20.58
2025-08-14 18:16,33.4,54,22.8,2.37,19.63
2025-08-14 19:16,31.5,56,21.7,2.03,18.41
2025-08-14 20:16,29.9,57,20.5,1.81,17.19
2025-08-14 21:16,28.9,60,20.4,1.59,17.14
2025-08-14 22:16,28.0,65,20.8,1.32,17.68
2025-08-14 23:16,27.2,68,20.8,1.15,17.69
2025-08-15 00:16,26.9,70,21.0,1.06,17.92
2025-08-15 01:16,26.4,73,21.2,0.93,18.17
2025-08-15 02:16,25.8,74,20.8,0.86,17.82
2025-08-15 03:16,25.2,76,20.7,0.77,17.69
2025-08-15 04:16,24.8,78,20.7,0.69,17.75
2025-08-15 05:16,24.5,79,20.6,0.65,17.68
2025-08-15 06:16,24.7,80,21.0,0.62,18.11
2025-08-15 07:16,25.7,81,22.2,0.63,19.39
2025-08-15 08:16,27.3,80,23.5,0.73,20.93
2025-08-15 09:16,29.1,76,24.4,0.97,21.95
2025-08-15 10:16,31.5,71,25.6,1.34,23.34
2025-08-15 11:16,34.5,64,26.7,1.97,24.65
2025-08-15 12:16,36.8,55,26.3,2.79,23.86
2025-08-15 13:16,39.1,48,26.1,3.66,23.41
2025-08-15 14:16,40.4,42,25.0,4.37,21.87
2025-08-15 15:16,37.3,45,23.4,3.51,20.03
2025-08-15 16:16,36.7,48,23.9,3.21,20.72
2025-08-15 17:16,34.1,52,22.8,2.57,19.61
2025-08-15 18:16,32.1,57,22.5,2.06,19.35
2025-08-15 19:16,30.8,62,22.7,1.69,19.63
2025-08-15 20:16,29.9,67,23.1,1.39,20.21
2025-08-15 21:16,28.5,72,23.0,1.09,20.12
2025-08-15 22:16,27.8,76,23.2,0.90,20.44
2025-08-15 23:16,27.2,78,23.0,0.79,20.30
2025-08-16 00:16,26.9,80,23.2,0.71,20.48
2025-08-16 01:16,26.6,81,23.1,0.66,20.39
2025-08-16 02:16,26.5,82,23.2,0.62,20.53
2025-08-16 03:16,26.3,82,23.0,0.62,20.30
2025-08-16 04:16,26.2,83,23.1,0.58,20.43
2025-08-16 05:16,26.0,83,22.9,0.57,20.21
2025-08-16 06:16,26.1,84,23.2,0.54,20.56
2025-08-16 07:16,26.9,85,24.2,0.53,21.75
2025-08-16 08:16,28.6,84,25.6,0.63,23.61
2025-08-16 09:16,29.9,80,26.1,0.84,24.13
2025-08-16 10:16,31.7,77,27.2,1.08,25.58
2025-08-16 11:16,33.6,69,27.1,1.61,25.35
2025-08-16 12:16,36.6,59,27.3,2.52,25.34
2025-08-16 13:16,38.4,53,27.1,3.18,24.95
2025-08-16 14:16,34.9,54,24.2,2.57,21.24
2025-08-16 15:16,32.1,65,24.7,1.67,22.06
2025-08-16 16:16,31.6,68,25.0,1.49,22.47
2025-08-16 17:16,31.8,68,25.2,1.50,22.71
2025-08-16 18:16,31.5,69,25.1,1.43,22.68
2025-08-16 19:16,30.3,70,24.2,1.29,21.57
2025-08-16 20:16,29.5,72,23.9,1.15,21.25
2025-08-16 21:16,28.9,73,23.6,1.08,20.85
2025-08-16 22:16,28.3,75,23.4,0.96,20.73
2025-08-16 23:16,27.8,77,23.4,0.86,20.71
2025-08-17 00:16,27.8,79,23.8,0.78,21.25
2025-08-17 01:16,27.7,80,23.9,0.74,21.40
2025-08-17 02:16,27.4,81,23.8,0.69,21.31
2025-08-17 03:16,27.3,82,24.0,0.65,21.46
2025-08-17 04:16,26.9,83,23.8,0.60,21.24
2025-08-17 05:16,26.8,84,23.9,0.56,21.38
2025-08-17 06:16,27.0,85,24.3,0.53,21.88
2025-08-17 07:16,27.6,85,24.8,0.55,22.61
2025-08-17 08:16,29.0,84,26.0,0.64,24.13
2025-08-17 09:16,31.3,80,27.4,0.91,26.02
2025-08-17 10:16,33.2,70,27.0,1.53,25.18
2025-08-17 11:16,35.1,63,27.0,2.09,25.04
2025-08-17 12:16,37.4,56,27.1,2.82,25.05
2025-08-17 13:16,39.3,53,28.0,3.34,26.11
2025-08-17 14:16,40.8,47,27.3,4.08,24.96
2025-08-17 15:16,41.2,44,26.5,4.40,23.84
2025-08-17 16:16,40.9,43,25.8,4.41,22.95
2025-08-17 17:16,39.1,43,24.2,4.01,20.97
2025-08-17 18:16,36.4,49,24.0,3.10,20.83
2025-08-17 19:16,34.4,54,23.7,2.50,20.69
2025-08-17 20:16,33.0,59,23.9,2.06,21.00
2025-08-17 21:16,30.0,66,23.0,1.44,20.01
2025-08-17 22:16,28.9,73,23.6,1.08,20.85
2025-08-17 23:16,28.6,77,24.2,0.90,21.64
2025-08-18 00:16,27.8,78,23.6,0.82,20.98
2025-08-18 01:16,27.2,78,23.0,0.79,20.30
2025-08-18 02:16,26.9,77,22.5,0.82,19.71
2025-08-18 03:16,26.9,76,22.3,0.85,19.45
2025-08-18 04:16,26.7,75,21.9,0.88,18.98
2025-08-18 05:16,26.4,76,21.8,0.83,18.92
2025-08-18 06:16,26.4,78,22.3,0.76,19.42
2025-08-18 07:16,27.4,79,23.4,0.77,20.79
2025-08-18 08:16,29.1,78,24.9,0.89,22.53
2025-08-18 09:16,31.5,67,24.6,1.53,22.02
2025-08-18 10:16,34.5,58,25.0,2.30,22.34
2025-08-18 11:16,37.2,50,25.0,3.17,22.14
2025-08-18 12:16,38.4,45,24.4,3.72,21.18
2025-08-18 13:16,39.2,42,23.9,4.10,20.59
2025-08-18 14:16,41.3,38,24.1,4.90,20.69
2025-08-18 15:16,41.3,38,24.1,4.90,20.69
2025-08-18 16:16,40.2,42,24.8,4.32,21.65
2025-08-18 17:16,32.5,50,20.7,2.45,17.33
2025-08-18 18:16,30.2,61,21.8,1.67,18.70
2025-08-18 19:16,29.1,65,21.8,1.41,18.77
2025-08-18 20:16,28.6,70,22.6,1.17,19.67
2025-08-18 21:16,28.3,72,22.8,1.08,19.90
2025-08-18 22:16,28.1,73,22.8,1.03,19.96
2025-08-18 23:16,27.8,74,22.7,0.97,19.90
2025-08-19 00:16,27.3,75,22.5,0.91,19.62
2025-08-19 01:16,27.0,75,22.2,0.89,19.30
2025-08-19 02:16,26.6,76,22.0,0.84,19.13
2025-08-19 03:16,26.6,77,22.2,0.80,19.38
2025-08-19 04:16,26.8,78,22.6,0.78,19.85
2025-08-19 05:16,26.4,79,22.5,0.72,19.67
2025-08-19 06:16,26.4,80,22.7,0.69,19.91
2025-08-19 07:16,27.4,80,23.6,0.73,21.05
2025-08-19 08:16,28.8,77,24.4,0.91,21.88
2025-08-19 09:16,30.8,72,25.2,1.24,22.80
2025-08-19 10:16,33.2,64,25.5,1.83,23.02
2025-08-19 11:16,35.8,58,26.2,2.47,23.90
2025-08-19 12:16,38.0,51,26.1,3.25,23.53
2025-08-19 13:16,39.9,44,25.3,4.11,22.34
2025-08-19 14:16,41.3,40,25.0,4.74,21.78
2025-08-19 15:16,41.9,36,23.8,5.22,20.19
2025-08-19 16:16,41.6,32,21.6,5.46,17.68
2025-08-19 17:16,39.3,40,23.2,4.26,19.71
2025-08-19 18:16,36.0,45,22.2,3.27,18.74
2025-08-19 19:16,33.9,51,22.3,2.59,19.04
2025-08-19 20:16,32.5,56,22.6,2.15,19.41
2025-08-19 21:16,31.2,62,23.1,1.73,20.06
2025-08-19 22:16,30.0,66,23.0,1.44,20.01
2025-08-19 23:16,29.3,69,23.0,1.26,20.14
2025-08-20 00:16,28.5,70,22.5,1.17,19.56
2025-08-20 01:16,27.9,71,22.2,1.09,19.20
2025-08-20 02:16,27.5,72,22.0,1.03,19.05
2025-08-20 03:16,27.0,73,21.7,0.96,18.79
2025-08-20 04:16,26.6,74,21.6,0.91,18.63
2025-08-20 05:16,26.2,75,21.4,0.85,18.46
2025-08-20 06:16,26.3,77,21.9,0.79,19.06
2025-08-20 07:16,27.3,78,23.1,0.80,20.41
2025-08-20 08:16,28.7,77,24.3,0.91,21.76
2025-08-20 09:16,31.1,71,25.2,1.31,22.84
2025-08-20 10:16,33.7,64,25.9,1.88,23.64
2025-08-20 11:16,36.9,56,26.7,2.75,24.42
2025-08-20 12:16,39.1,49,26.4,3.58,23.90
2025-08-20 13:16,41.3,43,26.2,4.50,23.41
2025-08-20 14:16,39.9,41,24.2,4.33,20.82
2025-08-20 15:16,38.0,45,24.0,3.64,20.76
2025-08-20 16:16,36.9,49,24.4,3.18,21.37
2025-08-20 17:16,36.1,48,23.4,3.11,20.09
2025-08-20 18:16,34.0,50,22.1,2.66,18.76
2025-08-20 19:16,32.0,54,21.5,2.19,18.23
2025-08-20 20:16,30.6,58,21.4,1.84,18.17
2025-08-20 21:16,30.0,60,21.4,1.70,18.19
2025-08-20 22:16,29.8,63,22.0,1.55,18.90
2025-08-20 23:16,29.2,65,21.9,1.42,18.87
2025-08-21 00:16,28.9,66,21.9,1.35,18.85
2025-08-21 01:16,28.4,68,21.9,1.24,18.90
2025-08-21 02:16,28.2,70,22.2,1.15,19.25
2025-08-21 03:16,28.0,70,22.0,1.13,19.04
2025-08-21 04:16,27.6,71,21.9,1.07,18.89
2025-08-21 05:16,27.2,70,21.2,1.08,18.22
2025-08-21 06:16,26.9,71,21.2,1.03,18.17
2025-08-21 07:16,27.9,74,22.8,0.98,20.01
2025-08-21 08:16,29.5,73,24.1,1.11,21.55
2025-08-21 09:16,32.1,67,25.2,1.58,22.74
2025-08-21 10:16,35.1,54,24.4,2.60,21.46
2025-08-21 11:16,38.1,45,24.1,3.66,20.86
2025-08-21 12:16,40.4,41,24.6,4.45,21.34
2025-08-21 13:16,42.3,37,24.6,5.25,21.17
2025-08-21 14:16,42.9,34,23.7,5.67,20.03
2025-08-21 15:16,42.1,32,22.0,5.60,18.13
2025-08-21 16:16,40.7,35,22.2,4.98,18.50
2025-08-21 17:16,38.0,40,22.1,3.97,18.45
2025-08-21 18:16,35.3,44,21.2,3.20,17.67
2025-08-21 19:16,33.5,50,21.6,2.59,18.27
2025-08-21 20:16,32.2,52,21.1,2.31,17.74
2025-08-21 21:16,31.4,58,22.1,1.93,18.96
2025-08-21 22:16,30.5,63,22.7,1.62,19.63
2025-08-21 23:16,29.5,66,22.5,1.40,19.48
2025-08-22 00:16,28.9,67,22.2,1.31,19.14
2025-08-22 01:16,28.3,69,22.1,1.19,19.08
2025-08-22 02:16,27.7,70,21.7,1.11,18.72
2025-08-22 03:16,27.4,71,21.7,1.06,18.68
2025-08-22 04:16,27.1,72,21.6,1.00,18.63
2025-08-22 05:16,26.7,73,21.5,0.95,18.48
2025-08-22 06:16,26.7,75,21.9,0.88,18.98
2025-08-22 07:16,27.7,76,23.1,0.89,20.33
2025-08-22 08:16,29.6,73,24.2,1.12,21.66
2025-08-22 09:16,31.5,67,24.6,1.53,22.02
2025-08-22 10:16,33.4,61,24.8,2.01,22.18
2025-08-22 11:16,35.6,54,24.9,2.67,22.02
2025-08-22 12:16,37.9,51,26.0,3.23,23.41
2025-08-22 13:16,39.5,46,25.7,3.88,22.89
2025-08-22 14:16,40.7,43,25.7,4.36,22.72
2025-08-22 15:16,40.7,39,24.0,4.67,20.61
2025-08-22 16:16,39.7,40,23.6,4.35,20.11
2025-08-22 17:16,37.1,47,23.9,3.34,20.71
2025-08-22 18:16,35.1,51,23.4,2.77,20.27
2025-08-22 19:16,33.6,54,23.0,2.39,19.84
2025-08-22 20:16,32.4,61,23.9,1.90,21.04
2025-08-22 21:16,31.2,65,23.8,1.59,21.03
2025-08-22 22:16,30.4,67,23.6,1.43,20.76
2025-08-22 23:16,29.9,70,23.8,1.27,21.11
2025-08-23 00:16,29.3,72,23.7,1.14,21.02
2025-08-23 01:16,28.7,75,23.8,0.98,21.19
2025-08-23 02:16,28.5,77,24.1,0.89,21.52
2025-08-23 03:16,28.2,78,24.0,0.84,21.45
2025-08-23 04:16,27.8,78,23.6,0.82,20.98
2025-08-23 05:16,27.5,79,23.5,0.77,20.90
2025-08-23 06:16,27.6,81,24.0,0.70,21.55
2025-08-23 07:16,28.6,82,25.2,0.70,23.04
2025-08-23 08:16,30.1,81,26.5,0.81,24.70
2025-08-23 09:16,32.4,76,27.6,1.17,26.21
2025-08-23 10:16,34.8,68,28.0,1.78,26.60
2025-08-23 11:16,37.1,61,28.3,2.46,26.88
2025-08-23 12:16,39.3,53,28.0,3.34,26.11
2025-08-23 13:16,41.1,48,27.9,4.07,25.88
2025-08-23 14:16,41.7,43,26.6,4.60,23.88
2025-08-23 15:16,42.0,40,25.6,4.92,22.55
2025-08-23 16:16,40.6,40,24.4,4.57,21.03
2025-08-23 17:16,38.7,43,23.9,3.92,20.55
2025-08-23 18:16,36.3,46,22.8,3.26,19.45
2025-08-23 19:16,34.2,51,22.6,2.64,19.34
2025-08-23 20:16,32.8,56,22.9,2.19,19.72
2025-08-23 21:16,31.6,59,22.6,1.91,19.50
2025-08-23 22:16,30.8,62,22.7,1.69,19.63
2025-08-23 23:16,30.2,65,22.9,1.50,19.93
2025-08-24 00:16,29.6,68,23.1,1.33,20.18
2025-08-24 01:16,29.2,70,23.2,1.22,20.33
2025-08-24 02:16,28.7,73,23.4,1.06,20.63
2025-08-24 03:16,28.4,74,23.3,1.01,20.57
2025-08-24 04:16,28.0,75,23.2,0.94,20.40
2025-08-24 05:16,27.5,76,22.9,0.88,20.11
2025-08-24 06:16,27.6,78,23.4,0.81,20.75
2025-08-24 07:16,28.6,78,24.4,0.86,21.92
2025-08-24 08:16,30.5,75,25.6,1.09,23.37
2025-08-24 09:16,33.2,68,26.5,1.63,24.46
2025-08-24 10:16,35.9,60,26.9,2.36,24.85
2025-08-24 11:16,38.2,53,26.9,3.15,24.70
2025-08-24 12:16,40.4,45,26.2,4.14,23.43
2025-08-24 13:16,41.9,40,25.5,4.89,22.43
2025-08-24 14:16,43.1,37,25.3,5.47,22.01
2025-08-24 15:16,43.4,36,25.1,5.65,21.74
2025-08-24 16:16,42.7,36,24.5,5.44,21.00
2025-08-24 17:16,38.5,43,23.7,3.88,20.34
2025-08-24 18:16,36.2,47,23.1,3.18,19.77
2025-08-24 19:16,34.6,52,23.3,2.64,20.13
2025-08-24 20:16,33.2,56,23.2,2.24,20.15
2025-08-24 21:16,32.0,60,23.3,1.90,20.26
2025-08-24 22:16,31.0,62,22.9,1.71,19.84
2025-08-24 23:16,30.4,64,22.8,1.56,19.83
2025-08-25 00:16,29.8,65,22.5,1.47,19.50
2025-08-25 01:16,29.2,66,22.2,1.38,19.16
2025-08-25 02:16,28.9,68,22.4,1.27,19.43
2025-08-25 03:16,28.5,68,22.0,1.25,19.01
2025-08-25 04:16,28.1,70,22.1,1.14,19.14
2025-08-25 05:16,27.8,72,22.3,1.05,19.37
2025-08-25 06:16,27.5,73,22.2,0.99,19.31
2025-08-25 07:16,28.1,75,23.2,0.95,20.51
2025-08-25 08:16,29.1,74,24.0,1.05,21.37
2025-08-25 09:16,30.5,73,25.1,1.18,22.74
2025-08-25 10:16,34.0,66,26.7,1.81,24.76
2025-08-25 11:16,36.4,57,26.5,2.61,24.23
2025-08-25 12:16,38.6,51,26.7,3.35,24.25
2025-08-25 13:16,39.9,46,26.1,3.96,23.36
2025-08-25 14:16,41.3,42,25.8,4.58,22.87
2025-08-25 15:16,41.4,39,24.7,4.85,21.34
2025-08-25 16:16,40.9,40,24.6,4.64,21.35
2025-08-25 17:16,38.0,45,24.0,3.64,20.76
2025-08-25 18:16,34.7,51,23.1,2.71,19.85
2025-08-25 19:16,32.4,58,23.1,2.04,20.00
2025-08-25 20:16,31.1,63,23.2,1.67,20.27
2025-08-25 21:16,30.5,66,23.4,1.48,20.56
2025-08-25 22:16,29.7,70,23.6,1.25,20.89
2025-08-25 23:16,29.3,72,23.7,1.14,21.02
2025-08-26 00:16,28.7,74,23.6,1.02,20.91
2025-08-26 01:16,28.6,76,24.0,0.94,21.36
2025-08-26 02:16,28.3,77,23.9,0.88,21.29
2025-08-26 03:16,27.9,78,23.7,0.83,21.10
2025-08-26 04:16,27.8,79,23.8,0.78,21.25
2025-08-26 05:16,27.5,79,23.5,0.77,20.90
2025-08-26 06:16,27.4,80,23.6,0.73,21.05
2025-08-26 07:16,28.4,82,25.0,0.70,22.79
2025-08-26 08:16,29.7,81,26.1,0.79,24.17
2025-08-26 09:16,31.7,76,26.9,1.12,25.25
2025-08-26 10:16,33.4,70,27.2,1.54,25.45
2025-08-26 11:16,36.0,59,26.7,2.44,24.56
2025-08-26 12:16,38.3,51,26.4,3.30,23.89
2025-08-26 13:16,40.2,44,25.6,4.17,22.68
2025-08-26 14:16,38.9,44,24.4,3.89,21.24
2025-08-26 15:16,38.8,45,24.7,3.80,21.62
2025-08-26 16:16,38.2,45,24.2,3.68,20.97
2025-08-26 17:16,36.9,46,23.4,3.37,20.06
2025-08-26 18:16,34.2,50,22.3,2.69,18.96
2025-08-26 19:16,32.7,56,22.8,2.18,19.62
2025-08-26 20:16,31.4,60,22.7,1.84,19.62
2025-08-26 21:16,30.6,62,22.5,1.67,19.42
2025-08-26 22:16,29.8,64,22.3,1.51,19.20
2025-08-26 23:16,29.2,66,22.2,1.38,19.16
2025-08-27 00:16,28.7,68,22.2,1.26,19.21
2025-08-27 01:16,28.5,71,22.7,1.13,19.84
2025-08-27 02:16,28.0,74,22.9,0.98,20.12
2025-08-27 03:16,27.5,76,22.9,0.88,20.11
2025-08-27 04:16,27.2,77,22.8,0.83,20.04
2025-08-27 05:16,27.0,78,22.8,0.78,20.07
2025-08-27 06:16,27.0,80,23.3,0.71,20.59
2025-08-27 07:16,27.8,81,24.2,0.71,21.79
2025-08-27 08:16,29.5,79,25.5,0.87,23.32
2025-08-27 09:16,31.4,72,25.7,1.29,23.54
2025-08-27 10:16,34.0,63,26.0,1.97,23.64
2025-08-27 11:16,37.0,53,25.8,2.95,23.23
2025-08-27 12:16,39.5,47,26.1,3.81,23.39
2025-08-27 13:16,41.6,42,26.1,4.66,23.21
2025-08-27 14:16,41.8,39,25.0,4.95,21.77
2025-08-27 15:16,40.3,40,24.1,4.50,20.72
2025-08-27 16:16,39.9,41,24.2,4.33,20.82
2025-08-27 17:16,37.0,45,23.1,3.45,19.72
2025-08-27 18:16,31.0,54,20.6,2.07,17.28
2025-08-27 19:16,28.4,67,21.7,1.28,18.62
2025-08-27 20:16,27.8,72,22.3,1.05,19.37
2025-08-27 21:16,27.3,74,22.3,0.94,19.36
2025-08-27 22:16,27.2,76,22.6,0.87,19.78
2025-08-27 23:16,27.0,77,22.6,0.82,19.82
2025-08-28 00:16,26.8,77,22.4,0.81,19.60
2025-08-28 01:16,26.4,78,22.3,0.76,19.42
2025-08-28 02:16,26.1,79,22.2,0.71,19.34
2025-08-28 03:16,25.9,80,22.2,0.67,19.37
2025-08-28 04:16,25.8,81,22.3,0.63,19.50
2025-08-28 05:16,25.3,82,22.0,0.58,19.20
2025-08-28 06:16,25.5,83,22.4,0.55,19.65
2025-08-28 07:16,26.1,83,23.0,0.57,20.32
2025-08-28 08:16,27.1,80,23.3,0.72,20.70
2025-08-28 09:16,28.9,74,23.8,1.04,21.14
2025-08-28 10:16,29.4,69,23.1,1.27,20.25
2025-08-28 11:16,32.6,65,25.2,1.72,22.65
2025-08-28 12:16,35.2,54,24.5,2.62,21.57
2025-08-28 13:16,34.8,50,22.8,2.78,19.56
2025-08-28 14:16,34.6,50,22.7,2.75,19.36
2025-08-28 15:16,33.3,51,21.8,2.51,18.44
2025-08-28 16:16,31.9,53,21.1,2.22,17.80
2025-08-28 17:16,31.0,52,20.0,2.16,16.64
2025-08-28 18:16,30.0,54,19.7,1.95,16.38
2025-08-28 19:16,28.8,56,19.1,1.74,15.91
2025-08-28 20:16,28.0,59,19.2,1.55,16.04
2025-08-28 21:16,27.5,62,19.6,1.40,16.40
2025-08-28 22:16,26.7,64,19.3,1.26,16.20
2025-08-28 23:16,26.1,66,19.2,1.15,16.16
2025-08-29 00:16,25.4,70,19.5,0.97,16.48
2025-08-29 01:16,25.3,72,19.9,0.90,16.86
2025-08-29 02:16,25.0,74,20.0,0.82,17.03
2025-08-29 03:16,24.5,75,19.8,0.77,16.79
2025-08-29 04:16,24.1,76,19.6,0.72,16.63
2025-08-29 05:16,23.7,77,19.4,0.67,16.47
2025-08-29 06:16,23.5,78,19.4,0.64,16.50
2025-08-29 07:16,24.7,79,20.8,0.65,17.88
2025-08-29 08:16,26.7,79,22.8,0.74,20.00
2025-08-29 09:16,29.0,72,23.4,1.12,20.68
2025-08-29 10:16,31.7,63,23.8,1.73,20.93
2025-08-29 11:16,34.4,57,24.6,2.34,21.84
2025-08-29 12:16,36.4,53,25.3,2.85,22.53
2025-08-29 13:16,38.5,48,25.5,3.54,22.71
2025-08-29 14:16,39.8,44,25.2,4.09,22.23
2025-08-29 15:16,40.6,41,24.8,4.49,21.56
2025-08-29 16:16,38.8,39,22.3,4.22,18.73
2025-08-29 17:16,36.5,45,22.6,3.36,19.22
2025-08-29 18:16,33.5,52,22.3,2.48,19.01
2025-08-29 19:16,31.9,58,22.6,1.99,19.48
2025-08-29 20:16,30.7,63,22.8,1.63,19.84
2025-08-29 21:16,29.7,66,22.7,1.42,19.69
2025-08-29 22:16,28.9,69,22.6,1.23,19.71
2025-08-29 23:16,28.5,71,22.7,1.13,19.84
2025-08-30 00:16,28.0,74,22.9,0.98,20.12
2025-08-30 01:16,27.6,75,22.8,0.92,19.95
2025-08-30 02:16,27.1,76,22.5,0.86,19.67
2025-08-30 03:16,26.8,77,22.4,0.81,19.60
2025-08-30 04:16,26.5,77,22.1,0.80,19.27
2025-08-30 05:16,26.1,78,22.0,0.74,19.10
2025-08-30 06:16,26.1,79,22.2,0.71,19.34
2025-08-30 07:16,26.9,79,22.9,0.74,20.22
2025-08-30 08:16,28.8,78,24.6,0.87,22.16
2025-08-30 09:16,31.5,72,25.8,1.29,23.67
2025-08-30 10:16,34.8,60,25.9,2.22,23.47
2025-08-30 11:16,37.8,45,23.8,3.60,20.55
2025-08-30 12:16,40.2,38,23.2,4.62,19.59
2025-08-30 13:16,42.4,34,23.2,5.53,19.55
2025-08-30 14:16,43.8,32,23.5,6.12,19.70
2025-08-30 15:16,44.6,31,23.6,6.48,19.84
2025-08-30 16:16,43.8,32,23.5,6.12,19.70
2025-08-30 17:16,40.2,33,20.8,4.99,17.01
2025-08-30 18:16,37.2,41,21.7,3.74,18.16
2025-08-30 19:16,35.1,44,21.0,3.17,17.48
2025-08-30 20:16,33.5,46,20.3,2.79,16.81
2025-08-30 21:16,32.5,51,21.1,2.40,17.68
2025-08-30 22:16,31.3,55,21.2,2.06,17.89
2025-08-30 23:16,30.5,58,21.3,1.83,18.07
2025-08-31 00:16,29.7,60,21.1,1.67,17.90
2025-08-31 01:16,29.1,63,21.3,1.49,18.19
2025-08-31 02:16,28.7,65,21.5,1.38,18.37
2025-08-31 03:16,28.2,66,21.2,1.30,18.15
2025-08-31 04:16,27.8,68,21.3,1.20,18.29
2025-08-31 05:16,27.8,71,22.1,1.08,19.10
2025-08-31 06:16,27.7,71,22.0,1.08,18.99
2025-08-31 07:16,28.6,72,23.1,1.10,20.23
2025-08-31 08:16,30.3,70,24.2,1.29,21.57
2025-08-31 09:16,32.7,65,25.3,1.73,22.77
2025-08-31 10:16,35.1,59,25.9,2.32,23.45
2025-08-31 11:16,37.4,53,26.2,3.01,23.71
2025-08-31 12:16,38.9,47,25.5,3.69,22.69
2025-08-31 13:16,40.9,43,25.8,4.41,22.95
2025-08-31 14:16,41.4,36,23.3,5.08,19.70
2025-08-31 15:16,40.7,35,22.2,4.98,18.50
2025-08-31 16:16,38.7,40,22.7,4.13,19.12
2025-08-31 17:16,37.0,39,20.8,3.83,17.09
2025-08-31 18:16,34.6,45,20.9,3.02,17.42
2025-08-31 19:16,33.0,50,21.2,2.51,17.80
2025-08-31 20:16,31.9,55,21.7,2.13,18.47
2025-08-31 21:16,31.0,61,22.6,1.75,19.52
2025-08-31 22:16,30.2,65,22.9,1.50,19.93
2025-08-31 23:16,29.6,68,23.1,1.33,20.18
2025-09-01 00:16,29.1,71,23.3,1.17,20.50
2025-09-01 01:16,28.7,72,23.1,1.10,20.34
2025-09-01 02:16,28.3,75,23.4,0.96,20.73
2025-09-01 03:16,27.7,75,22.9,0.93,20.06
2025-09-01 04:16,27.3,76,22.7,0.87,19.89
2025-09-01 05:16,27.1,77,22.7,0.82,19.93
2025-09-01 06:16,27.1,79,23.1,0.75,20.44
2025-09-01 07:16,27.9,79,23.9,0.79,21.37
2025-09-01 08:16,29.7,79,25.7,0.88,23.57
2025-09-01 09:16,31.5,72,25.8,1.29,23.67
2025-09-01 10:16,33.7,68,27.0,1.67,25.12
2025-09-01 11:16,37.0,57,27.1,2.70,24.98
2025-09-01 12:16,39.0,50,26.7,3.50,24.26
2025-09-01 13:16,40.8,45,26.5,4.23,23.90
2025-09-01 14:16,42.3,41,26.3,4.91,23.45
2025-09-01 15:16,42.1,38,24.8,5.11,21.52
2025-09-01 16:16,41.0,38,23.9,4.82,20.38
2025-09-01 17:16,38.4,41,22.8,3.99,19.30
2025-09-01 18:16,34.8,49,22.5,2.84,19.17
2025-09-01 19:16,32.9,56,23.0,2.20,19.83
2025-09-01 20:16,31.5,60,22.8,1.85,19.72
2025-09-01 21:16,30.7,63,22.8,1.63,19.84
2025-09-01 22:16,29.9,66,22.9,1.43,19.91
2025-09-01 23:16,29.3,68,22.8,1.30,19.85
2025-09-02 00:16,28.8,71,23.0,1.15,20.17
2025-09-02 01:16,28.5,73,23.2,1.05,20.40
2025-09-02 02:16,28.0,75,23.2,0.94,20.40
2025-09-02 03:16,27.8,77,23.4,0.86,20.71
2025-09-02 04:16,27.5,78,23.3,0.81,20.64
2025-09-02 05:16,27.2,79,23.2,0.76,20.56
2025-09-02 06:16,27.1,80,23.3,0.72,20.70
2025-09-02 07:16,27.9,81,24.3,0.71,21.91
2025-09-02 08:16,29.6,80,25.8,0.83,23.74
2025-09-02 09:16,31.7,73,26.3,1.26,24.25
2025-09-02 10:16,34.4,65,26.9,1.90,24.90
2025-09-02 11:16,37.3,56,27.0,2.81,24.93
2025-09-02 12:16,39.7,48,26.6,3.77,24.13
2025-09-02 13:16,42.1,41,26.1,4.86,23.22
2025-09-02 14:16,42.4,36,24.2,5.36,20.70
2025-09-02 15:16,42.2,35,23.6,5.39,19.92
2025-09-02 16:16,39.7,40,23.6,4.35,20.11
2025-09-02 17:16,37.4,44,23.1,3.59,19.69
2025-09-02 18:16,34.7,50,22.7,2.76,19.46
2025-09-02 19:16,33.2,54,22.6,2.34,19.43
2025-09-02 20:16,32.4,56,22.5,2.14,19.31
2025-09-02 21:16,31.8,59,22.8,1.93,19.71
2025-09-02 22:16,29.8,63,22.0,1.55,18.90
2025-09-02 23:16,28.3,66,21.3,1.31,18.25
2025-09-03 00:16,27.5,69,21.3,1.14,18.25
2025-09-03 01:16,26.9,71,21.2,1.03,18.17
2025-09-03 02:16,26.5,72,21.0,0.97,18.02
2025-09-03 03:16,26.0,74,21.0,0.87,18.02
2025-09-03 04:16,25.7,75,20.9,0.83,17.96
2025-09-03 05:16,25.4,76,20.9,0.78,17.89
2025-09-03 06:16,25.5,78,21.4,0.72,18.47
2025-09-03 07:16,26.7,78,22.5,0.77,19.74
2025-09-03 08:16,28.7,76,24.0,0.94,21.48
2025-09-03 09:16,31.7,68,25.1,1.50,22.59
2025-09-03 10:16,34.7,61,26.1,2.16,23.74
2025-09-03 11:16,37.1,53,25.9,2.97,23.35
2025-09-03 12:16,39.8,44,25.2,4.09,22.23
2025-09-03 13:16,41.4,40,25.1,4.77,21.89
2025-09-03 14:16,40.9,36,22.9,4.95,19.21
2025-09-03 15:16,39.9,36,22.0,4.70,18.28
2025-09-03 16:16,36.9,44,22.6,3.49,19.19
2025-09-03 17:16,34.9,49,22.6,2.85,19.27
2025-09-03 18:16,33.6,52,22.4,2.50,19.11
2025-09-03 19:16,30.7,54,20.3,2.03,17.01
2025-09-03 20:16,29.4,58,20.3,1.72,17.03
2025-09-03 21:16,28.9,60,20.4,1.59,17.14
2025-09-03 22:16,28.4,62,20.4,1.47,17.23
2025-09-03 23:16,28.3,64,20.8,1.38,17.69
2025-09-04 00:16,28.2,66,21.2,1.30,18.15
2025-09-04 01:16,27.9,68,21.4,1.20,18.39
2025-09-04 02:16,27.3,73,22.0,0.98,19.10
2025-09-04 03:16,26.5,75,21.7,0.87,18.77
2025-09-04 04:16,26.2,77,21.8,0.78,18.96
2025-09-04 05:16,25.8,80,22.1,0.66,19.26
2025-09-04 06:16,25.8,82,22.5,0.60,19.74
2025-09-04 07:16,25.8,83,22.7,0.56,19.98
2025-09-04 08:16,26.2,84,23.3,0.54,20.68
2025-09-04 09:16,26.0,84,23.1,0.54,20.45
2025-09-04 10:16,26.1,83,23.0,0.57,20.32
2025-09-04 11:16,26.0,83,22.9,0.57,20.21
2025-09-04 12:16,26.5,84,23.6,0.55,21.03
2025-09-04 13:16,27.9,83,24.7,0.64,22.45
2025-09-04 14:16,28.3,81,24.7,0.73,22.39
2025-09-04 15:16,28.4,79,24.4,0.81,21.96
2025-09-04 16:16,28.0,79,24.0,0.79,21.48
2025-09-04 17:16,27.2,79,23.2,0.76,20.56
2025-09-04 18:16,26.4,81,22.9,0.65,20.16
2025-09-04 19:16,26.0,82,22.7,0.61,19.96
2025-09-04 20:16,25.6,84,22.7,0.53,20.00
2025-09-04 21:16,25.5,85,22.8,0.49,20.12
2025-09-04 22:16,25.2,86,22.7,0.45,20.02
2025-09-04 23:16,25.2,86,22.7,0.45,20.02
2025-09-05 00:16,25.2,87,22.9,0.42,20.25
2025-09-05 01:16,25.0,88,22.9,0.38,20.26
2025-09-05 02:16,25.1,88,23.0,0.38,20.37
2025-09-05 03:16,25.0,88,22.9,0.38,20.26
2025-09-05 04:16,24.9,89,23.0,0.35,20.37
2025-09-05 05:16,24.8,89,22.9,0.34,20.26
2025-09-05 06:16,24.7,89,22.8,0.34,20.14
2025-09-05 07:16,24.7,90,22.9,0.31,20.37
2025-09-05 08:16,25.0,90,23.2,0.32,20.72
2025-09-05 09:16,25.0,90,23.2,0.32,20.72
2025-09-05 10:16,24.7,90,22.9,0.31,20.37
2025-09-05 11:16,24.6,91,23.0,0.28,20.48
2025-09-05 12:16,24.4,91,22.8,0.28,20.25
2025-09-05 13:16,24.5,91,22.9,0.28,20.37
2025-09-05 14:16,24.6,91,23.0,0.28,20.48
2025-09-05 15:16,24.3,91,22.7,0.27,20.14
2025-09-05 16:16,24.6,92,23.2,0.25,20.71
2025-09-05 17:16,26.4,92,25.0,0.28,22.90
2025-09-05 18:16,26.0,90,24.2,0.34,21.91
2025-09-05 19:16,25.2,89,23.3,0.35,20.72
2025-09-05 20:16,24.8,89,22.9,0.34,20.26
2025-09-05 21:16,24.4,89,22.5,0.34,19.81
2025-09-05 22:16,23.9,90,22.2,0.30,19.47
2025-09-05 23:16,23.6,90,21.9,0.29,19.14
2025-09-06 00:16,23.5,91,21.9,0.26,19.24
2025-09-06 01:16,23.0,91,21.4,0.25,18.70
2025-09-06 02:16,22.9,90,21.2,0.28,18.39
2025-09-06 03:16,22.3,88,20.2,0.32,17.38
2025-09-06 04:16,21.7,88,19.6,0.31,16.79
2025-09-06 05:16,21.3,87,19.0,0.33,16.22
2025-09-06 06:16,21.1,88,19.0,0.30,16.21
2025-09-06 07:16,22.0,90,20.3,0.26,17.47
2025-09-06 08:16,23.9,90,22.2,0.30,19.47
2025-09-06 09:16,26.3,86,23.8,0.48,21.29
2025-09-06 10:16,29.6,76,24.9,1.00,22.55
2025-09-06 11:16,32.6,60,23.8,1.97,20.91
2025-09-06 12:16,35.3,51,23.6,2.80,20.48
2025-09-06 13:16,37.4,45,23.5,3.53,20.13
2025-09-06 14:16,38.7,41,23.1,4.06,19.60
2025-09-06 15:16,39.9,40,23.7,4.40,20.31
2025-09-06 16:16,37.6,41,22.1,3.82,18.53
2025-09-06 17:16,34.9,45,21.2,3.08,17.70
2025-09-06 18:16,31.0,51,19.7,2.20,16.32
2025-09-06 19:16,29.3,57,19.9,1.75,16.64
2025-09-06 20:16,28.1,64,20.6,1.37,17.50
2025-09-06 21:16,27.0,66,20.1,1.21,16.99
2025-09-06 22:16,26.4,67,19.8,1.14,16.68
2025-09-06 23:16,26.0,69,19.9,1.04,16.80
2025-09-07 00:16,25.2,72,19.8,0.90,16.76
2025-09-07 01:16,24.6,74,19.7,0.80,16.66
2025-09-07 02:16,24.2,76,19.7,0.72,16.72
2025-09-07 03:16,23.7,77,19.4,0.67,16.47
2025-09-07 04:16,23.3,78,19.2,0.63,16.31
2025-09-07 05:16,23.0,79,19.2,0.59,16.24
2025-09-07 06:16,23.0,81,19.6,0.53,16.65
2025-09-07 07:16,24.0,83,20.9,0.51,18.06
2025-09-07 08:16,25.9,81,22.4,0.63,19.61
2025-09-07 09:16,28.6,77,24.2,0.90,21.64
2025-09-07 10:16,31.6,68,25.0,1.49,22.47
2025-09-07 11:16,34.2,58,24.8,2.26,21.99
2025-09-07 12:16,36.3,50,24.2,3.02,21.14
2025-09-07 13:16,38.0,44,23.6,3.71,20.30
2025-09-07 14:16,39.7,41,24.0,4.28,20.61
2025-09-07 15:16,40.1,40,23.9,4.45,20.51
2025-09-07 16:16,40.2,41,24.4,4.40,21.13
2025-09-07 17:16,37.8,41,22.3,3.87,18.72
2025-09-07 18:16,33.2,50,21.4,2.54,17.99
2025-09-07 19:16,31.1,57,21.6,1.94,18.34
2025-09-07 20:16,29.8,62,21.7,1.59,18.60
2025-09-07 21:16,28.8,66,21.8,1.35,18.75
2025-09-07 22:16,28.0,69,21.8,1.17,18.76
2025-09-07 23:16,27.2,71,21.5,1.05,18.48
2025-09-08 00:16,26.7,74,21.7,0.91,18.73
2025-09-08 01:16,26.3,75,21.5,0.86,18.57
2025-09-08 02:16,25.8,77,21.5,0.76,18.54
2025-09-08 03:16,25.4,78,21.3,0.71,18.36
2025-09-08 04:16,25.1,79,21.2,0.67,18.29
2025-09-08 05:16,24.8,79,20.9,0.66,17.98
2025-09-08 06:16,24.6,81,21.1,0.59,18.23
2025-09-08 07:16,25.6,82,22.3,0.59,19.52
2025-09-08 08:16,27.5,81,23.9,0.70,21.43
2025-09-08 09:16,30.2,76,25.5,1.03,23.30
2025-09-08 10:16,33.2,68,26.5,1.63,24.46
2025-09-08 11:16,35.9,59,26.6,2.42,24.44
2025-09-08 12:16,37.9,54,27.0,3.03,24.78
2025-09-08 13:16,39.9,49,27.2,3.74,24.88
2025-09-08 14:16,41.3,43,26.2,4.50,23.41
2025-09-08 15:16,41.9,43,26.7,4.65,24.12
2025-09-08 16:16,38.1,46,24.5,3.60,21.33
2025-09-08 17:16,36.5,48,23.7,3.17,20.51
2025-09-08 18:16,33.8,53,22.9,2.47,19.68
2025-09-08 19:16,30.8,63,22.9,1.64,19.95
2025-09-08 20:16,29.3,71,23.5,1.18,20.73
2025-09-08 21:16,28.5,75,23.6,0.97,20.96
2025-09-08 22:16,27.9,76,23.3,0.90,20.55
2025-09-08 23:16,27.6,77,23.2,0.85,20.48
2025-09-09 00:16,27.7,78,23.5,0.82,20.86
2025-09-09 01:16,27.6,78,23.4,0.81,20.75
2025-09-09 02:16,27.4,78,23.2,0.80,20.52
2025-09-09 03:16,27.2,78,23.0,0.79,20.30
2025-09-09 04:16,26.9,78,22.7,0.78,19.96
2025-09-09 05:16,26.7,78,22.5,0.77,19.74
2025-09-09 06:16,26.8,78,22.6,0.78,19.85
2025-09-09 07:16,27.4,80,23.6,0.73,21.05
2025-09-09 08:16,28.3,80,24.5,0.77,22.12
2025-09-09 09:16,29.6,77,25.1,0.95,22.85
2025-09-09 10:16,32.1,71,26.2,1.39,24.10
2025-09-09 11:16,35.0,61,26.4,2.19,24.11
2025-09-09 12:16,36.8,57,26.9,2.67,24.73
2025-09-09 13:16,37.6,54,26.7,2.98,24.41
2025-09-09 14:16,38.2,52,26.6,3.21,24.23
2025-09-09 15:16,37.8,49,25.2,3.34,22.37
2025-09-09 16:16,35.4,54,24.7,2.64,21.80
2025-09-09 17:16,34.5,57,24.7,2.35,21.95
2025-09-09 18:16,32.9,59,23.8,2.05,20.89
2025-09-09 19:16,31.6,63,23.7,1.72,20.82
2025-09-09 20:16,30.4,65,23.1,1.52,20.14
2025-09-09 21:16,29.4,68,22.9,1.31,19.96
2025-09-09 22:16,28.6,70,22.6,1.17,19.67
2025-09-09 23:16,28.3,75,23.4,0.96,20.73
2025-09-10 00:16,28.0,77,23.6,0.87,20.94
2025-09-10 01:16,27.7,78,23.5,0.82,20.86
2025-09-10 02:16,27.4,79,23.4,0.77,20.79
2025-09-10 03:16,27.1,80,23.3,0.72,20.70
2025-09-10 04:16,27.0,81,23.5,0.68,20.85
2025-09-10 05:16,26.9,81,23.4,0.67,20.73
2025-09-10 06:16,26.9,82,23.6,0.64,20.99
2025-09-10 07:16,27.6,83,24.4,0.63,22.08
2025-09-10 08:16,28.6,82,25.2,0.70,23.04
2025-09-10 09:16,29.7,80,25.9,0.83,23.87
2025-09-10 10:16,31.1,76,26.4,1.08,24.45
2025-09-10 11:16,33.2,74,27.9,1.32,26.62
2025-09-10 12:16,36.8,64,28.9,2.23,27.77
2025-09-10 13:16,38.0,57,28.0,2.85,26.29
2025-09-10 14:16,35.5,56,25.4,2.54,22.72
2025-09-10 15:16,32.2,62,24.0,1.83,21.15
2025-09-10 16:16,30.5,68,23.9,1.40,21.18
2025-09-10 17:16,28.9,75,24.0,1.00,21.43
2025-09-10 18:16,27.9,78,23.7,0.83,21.10
2025-09-10 19:16,27.3,80,23.5,0.73,20.93
2025-09-10 20:16,26.7,81,23.2,0.67,20.50
2025-09-10 21:16,26.5,83,23.4,0.59,20.78
2025-09-10 22:16,26.3,84,23.4,0.55,20.79
2025-09-10 23:16,26.1,85,23.4,0.51,20.81
2025-09-11 00:16,25.8,85,23.1,0.50,20.46
2025-09-11 01:16,25.7,86,23.2,0.46,20.59
2025-09-11 02:16,25.7,87,23.4,0.43,20.83
2025-09-11 03:16,25.7,88,23.6,0.40,21.07
2025-09-11 04:16,25.6,88,23.5,0.39,20.95
2025-09-11 05:16,25.4,88,23.3,0.39,20.72
2025-09-11 06:16,25.3,89,23.4,0.35,20.84
2025-09-11 07:16,26.0,90,24.2,0.34,21.91
2025-09-11 08:16,27.0,90,25.2,0.36,23.16
2025-09-11 09:16,28.4,90,26.6,0.39,25.02
2025-09-11 10:16,30.3,87,27.9,0.56,26.81
2025-09-11 11:16,32.1,80,28.2,0.96,27.15
2025-09-11 12:16,34.9,69,28.4,1.73,27.14
2025-09-11 13:16,36.2,58,26.6,2.52,24.40
2025-09-11 14:16,33.0,60,24.2,2.01,21.36
2025-09-11 15:16,30.1,69,23.8,1.32,21.04
2025-09-11 16:16,27.9,71,22.2,1.09,19.20
2025-09-11 17:16,27.7,73,22.4,1.00,19.53
2025-09-11 18:16,27.2,76,22.6,0.87,19.78
2025-09-11 19:16,26.8,78,22.6,0.78,19.85
2025-09-11 20:16,26.2,79,22.3,0.71,19.45
2025-09-11 21:16,25.9,80,22.2,0.67,19.37
2025-09-11 22:16,24.9,81,21.4,0.60,18.54
2025-09-11 23:16,24.3,83,21.2,0.52,18.37
2025-09-12 00:16,24.0,84,21.1,0.48,18.28
2025-09-12 01:16,24.0,85,21.3,0.45,18.49
2025-09-12 02:16,23.9,86,21.4,0.42,18.60
2025-09-12 03:16,23.6,87,21.3,0.38,18.50
2025-09-12 04:16,23.5,88,21.4,0.35,18.61
2025-09-12 05:16,23.6,88,21.5,0.35,18.72
2025-09-12 06:16,23.4,88,21.3,0.35,18.50
2025-09-12 07:16,23.9,90,22.2,0.30,19.47
2025-09-12 08:16,24.5,90,22.7,0.31,20.14
2025-09-12 09:16,25.0,89,23.1,0.35,20.49
2025-09-12 10:16,25.5,88,23.4,0.39,20.83
2025-09-12 11:16,26.9,85,24.2,0.53,21.75
2025-09-12 12:16,27.2,82,23.9,0.65,21.34
2025-09-12 13:16,27.2,79,23.2,0.76,20.56
2025-09-12 14:16,26.8,81,23.3,0.67,20.62
2025-09-12 15:16,26.7,82,23.4,0.63,20.76
2025-09-12 16:16,26.1,82,22.8,0.61,20.07
2025-09-12 17:16,25.8,84,22.9,0.53,20.22
2025-09-12 18:16,25.4,85,22.7,0.49,20.01
2025-09-12 19:16,25.1,85,22.4,0.48,19.68
2025-09-12 20:16,24.5,86,22.0,0.43,19.25
2025-09-12 21:16,24.2,87,21.9,0.39,19.14
2025-09-12 22:16,24.0,87,21.7,0.39,18.93
2025-09-12 23:16,23.8,88,21.7,0.35,18.93
2025-09-13 00:16,23.8,89,21.9,0.32,19.14
2025-09-13 01:16,23.7,89,21.8,0.32,19.04
2025-09-13 02:16,23.6,90,21.9,0.29,19.14
2025-09-13 03:16,23.5,90,21.8,0.29,19.03
2025-09-13 04:16,23.4,91,21.8,0.26,19.14
2025-09-13 05:16,23.3,91,21.7,0.26,19.03
2025-09-13 06:16,23.2,91,21.6,0.26,18.92
2025-09-13 07:16,23.3,91,21.7,0.26,19.03
2025-09-13 08:16,23.5,92,22.1,0.23,19.46
2025-09-13 09:16,24.0,92,22.6,0.24,20.02
2025-09-13 10:16,24.6,92,23.2,0.25,20.71
2025-09-13 11:16,25.5,93,24.3,0.23,22.02
2025-09-13 12:16,27.4,93,26.2,0.26,24.47
2025-09-13 13:16,28.1,88,25.9,0.46,24.06
2025-09-13 14:16,27.3,85,24.6,0.54,22.24
2025-09-13 15:16,26.5,85,23.8,0.52,21.28
2025-09-13 16:16,26.2,86,23.7,0.48,21.17
2025-09-13 17:16,25.7,86,23.2,0.46,20.59
2025-09-13 18:16,25.2,87,22.9,0.42,20.25
2025-09-13 19:16,24.9,87,22.6,0.41,19.91
2025-09-13 20:16,24.7,88,22.6,0.37,19.92
2025-09-13 21:16,24.6,89,22.7,0.34,20.03
2025-09-13 22:16,24.4,89,22.5,0.34,19.81
2025-09-13 23:16,24.1,90,22.4,0.30,19.69
2025-09-14 00:16,23.8,90,22.1,0.29,19.36
2025-09-14 01:16,23.9,91,22.3,0.27,19.69
2025-09-14 02:16,23.7,91,22.1,0.26,19.46
2025-09-14 03:16,23.7,91,22.1,0.26,19.46
2025-09-14 04:16,23.5,92,22.1,0.23,19.46
2025-09-14 05:16,23.5,92,22.1,0.23,19.46
2025-09-14 06:16,23.5,92,22.1,0.23,19.46
2025-09-14 07:16,24.2,93,23.0,0.21,20.46
2025-09-14 08:16,24.6,93,23.4,0.22,20.93
2025-09-14 09:16,25.7,94,24.7,0.20,22.50
2025-09-14 10:16,27.2,92,25.8,0.29,23.94
2025-09-14 11:16,28.6,89,26.6,0.43,25.01
2025-09-14 12:16,30.0,83,26.8,0.72,25.17
2025-09-14 13:16,30.7,78,26.4,0.97,24.56
2025-09-14 14:16,31.2,75,26.2,1.14,24.26
2025-09-14 15:16,31.7,74,26.5,1.22,24.59
2025-09-14 16:16,37.6,60,28.5,2.59,27.12
2025-09-14 17:16,33.5,59,24.4,2.12,21.56
2025-09-14 18:16,30.5,66,23.4,1.48,20.56
2025-09-14 19:16,29.1,72,23.5,1.13,20.79
2025-09-14 20:16,28.1,76,23.5,0.91,20.78
2025-09-14 21:16,27.5,78,23.3,0.81,20.64
2025-09-14 22:16,27.0,81,23.5,0.68,20.85
2025-09-14 23:16,26.8,82,23.5,0.63,20.87
2025-09-15 00:16,26.5,81,23.0,0.66,20.28
2025-09-15 01:16,26.3,80,22.6,0.68,19.80
2025-09-15 02:16,26.0,80,22.3,0.67,19.48
2025-09-15 03:16,25.7,80,22.0,0.66,19.15
2025-09-15 04:16,25.3,81,21.8,0.61,18.96
2025-09-15 05:16,25.1,81,21.6,0.61,18.75
2025-09-15 06:16,25.0,82,21.7,0.57,18.88
2025-09-15 07:16,25.4,83,22.3,0.55,19.54
2025-09-15 08:16,26.2,83,23.1,0.58,20.43
2025-09-15 09:16,27.5,81,23.9,0.70,21.43
2025-09-15 10:16,29.5,76,24.8,0.99,22.43
2025-09-15 11:16,31.9,67,25.0,1.56,22.50
2025-09-15 12:16,33.5,59,24.4,2.12,21.56
2025-09-15 13:16,34.3,54,23.7,2.49,20.58
2025-09-15 14:16,33.3,58,23.9,2.15,20.98
2025-09-15 15:16,36.4,50,24.3,3.04,21.25
2025-09-15 16:16,33.7,54,23.1,2.41,19.94
2025-09-15 17:16,31.8,59,22.8,1.93,19.71
2025-09-15 18:16,30.4,63,22.6,1.61,19.52
2025-09-15 19:16,29.5,68,23.0,1.32,20.07
2025-09-15 20:16,28.7,70,22.7,1.18,19.78
2025-09-15 21:16,27.9,74,22.8,0.98,20.01
2025-09-15 22:16,27.3,76,22.7,0.87,19.89
2025-09-15 23:16,26.5,78,22.3,0.76,19.53
2025-09-16 00:16,26.1,79,22.2,0.71,19.34
2025-09-16 01:16,25.8,81,22.3,0.63,19.50
2025-09-16 02:16,25.5,82,22.2,0.59,19.41
2025-09-16 03:16,25.3,83,22.2,0.55,19.43
2025-09-16 04:16,25.2,83,22.1,0.54,19.32
2025-09-16 05:16,25.0,84,22.1,0.51,19.34
2025-09-16 06:16,24.8,84,21.9,0.50,19.12
2025-09-16 07:16,25.7,86,23.2,0.46,20.59
2025-09-16 08:16,26.7,86,24.2,0.49,21.77
2025-09-16 09:16,28.3,86,25.7,0.54,23.77
2025-09-16 10:16,31.3,79,27.2,0.96,25.69
2025-09-16 11:16,34.3,68,27.5,1.73,25.92
2025-09-16 12:16,36.1,59,26.8,2.45,24.69
2025-09-16 13:16,36.2,57,26.3,2.58,23.98
2025-09-16 14:16,37.0,55,26.5,2.82,24.11
2025-09-16 15:16,39.3,47,25.9,3.77,23.15
2025-09-16 16:16,40.0,44,25.4,4.13,22.45
2025-09-16 17:16,36.8,46,23.3,3.35,19.96
2025-09-16 18:16,32.2,57,22.6,2.07,19.45
2025-09-16 19:16,30.3,65,23.0,1.51,20.03
2025-09-16 20:16,29.3,69,23.0,1.26,20.14
2025-09-16 21:16,28.6,74,23.5,1.02,20.80
2025-09-16 22:16,28.3,76,23.7,0.92,21.01
2025-09-16 23:16,28.0,77,23.6,0.87,20.94
2025-09-17 00:16,27.5,79,23.5,0.77,20.90
2025-09-17 01:16,27.3,80,23.5,0.73,20.93
2025-09-17 02:16,26.9,80,23.2,0.71,20.48
2025-09-17 03:16,26.3,81,22.8,0.65,20.05
2025-09-17 04:16,26.1,82,22.8,0.61,20.07
2025-09-17 05:16,25.7,82,22.4,0.59,19.63
2025-09-17 06:16,25.5,83,22.4,0.55,19.65
2025-09-17 07:16,26.1,85,23.4,0.51,20.81
2025-09-17 08:16,27.9,84,24.9,0.60,22.72
2025-09-17 09:16,30.0,78,25.7,0.93,23.65
2025-09-17 10:16,33.0,68,26.3,1.61,24.21
2025-09-17 11:16,35.7,60,26.7,2.34,24.60
2025-09-17 12:16,38.1,53,26.8,3.13,24.57
2025-09-17 13:16,40.2,45,26.0,4.10,23.19
2025-09-17 14:16,41.8,41,25.8,4.79,22.88
2025-09-17 15:16,45.1,39,27.9,5.88,25.57
2025-09-17 16:16,44.3,36,25.9,5.92,22.71
2025-09-17 17:16,39.8,42,24.5,4.23,21.22
2025-09-17 18:16,34.9,52,23.6,2.68,20.45
2025-09-17 19:16,32.8,58,23.4,2.09,20.43
2025-09-17 20:16,31.5,63,23.6,1.71,20.71
2025-09-17 21:16,30.5,67,23.7,1.44,20.87
2025-09-17 22:16,29.6,69,23.3,1.29,20.48
2025-09-17 23:16,28.4,68,21.9,1.24,18.90
2025-09-18 00:16,27.6,68,21.2,1.18,18.09
2025-09-18 01:16,26.8,70,20.9,1.06,17.82
2025-09-18 02:16,26.4,72,20.9,0.96,17.92
2025-09-18 03:16,25.9,74,20.9,0.87,17.92
2025-09-18 04:16,25.6,75,20.8,0.82,17.86
2025-09-18 05:16,25.5,77,21.2,0.75,18.23
2025-09-18 06:16,25.4,79,21.5,0.68,18.60
2025-09-18 07:16,26.5,81,23.0,0.66,20.28
2025-09-18 08:16,28.6,80,24.8,0.78,22.48
2025-09-18 09:16,30.5,75,25.6,1.09,23.37
2025-09-18 10:16,32.8,69,26.4,1.54,24.30
2025-09-18 11:16,34.6,64,26.8,1.98,24.78
2025-09-18 12:16,35.9,57,26.0,2.54,23.61
2025-09-18 13:16,38.3,50,26.0,3.37,23.42
2025-09-18 14:16,35.3,45,21.6,3.14,18.07
2025-09-18 15:16,31.1,66,24.0,1.54,21.24
2025-09-18 16:16,32.5,71,26.6,1.42,24.61
2025-09-18 17:16,30.5,59,21.6,1.79,18.38
2025-09-18 18:16,28.6,66,21.6,1.33,18.55
2025-09-18 19:16,27.2,71,21.5,1.05,18.48
2025-09-18 20:16,26.6,73,21.4,0.94,18.38
2025-09-18 21:16,25.8,76,21.2,0.80,18.30
2025-09-18 22:16,24.6,78,20.5,0.68,17.56
2025-09-18 23:16,24.2,80,20.5,0.60,17.60
2025-09-19 00:16,23.9,81,20.4,0.56,17.52
2025-09-19 01:16,23.6,82,20.3,0.52,17.44
2025-09-19 02:16,22.8,82,19.6,0.50,16.66
2025-09-19 03:16,21.8,83,18.8,0.44,15.92
2025-09-19 04:16,21.0,83,18.0,0.42,15.20
2025-09-19 05:16,20.6,83,17.6,0.41,14.85
2025-09-19 06:16,20.4,84,17.6,0.38,14.86
2025-09-19 07:16,20.1,85,17.5,0.35,14.78
2025-09-19 08:16,20.9,86,18.5,0.35,15.66
2025-09-19 09:16,21.5,85,18.9,0.38,16.03
2025-09-19 10:16,23.6,84,20.7,0.47,17.87
2025-09-19 11:16,24.6,79,20.7,0.65,17.78
2025-09-19 12:16,26.1,70,20.2,1.01,17.14
2025-09-19 13:16,29.0,60,20.4,1.60,17.23
2025-09-19 14:16,27.6,57,18.3,1.59,15.16
2025-09-19 15:16,26.6,60,18.2,1.39,15.10
2025-09-19 16:16,25.0,63,17.5,1.17,14.50
2025-09-19 17:16,24.3,66,17.5,1.03,14.61
2025-09-19 18:16,23.7,70,17.9,0.88,14.97
2025-09-19 19:16,22.7,73,17.6,0.74,14.75
2025-09-19 20:16,22.4,75,17.7,0.68,14.89
2025-09-19 21:16,22.2,77,18.0,0.62,15.12
2025-09-19 22:16,22.0,79,18.2,0.56,15.33
2025-09-19 23:16,21.8,80,18.2,0.52,15.35
2025-09-20 00:16,21.8,81,18.4,0.50,15.54
2025-09-20 01:16,21.8,81,18.4,0.50,15.54
2025-09-20 02:16,21.9,81,18.5,0.50,15.63
2025-09-20 03:16,21.8,82,18.6,0.47,15.73
2025-09-20 04:16,21.6,82,18.4,0.46,15.55
2025-09-20 05:16,21.1,83,18.1,0.43,15.29
2025-09-20 06:16,20.8,84,18.0,0.39,15.21
2025-09-20 07:16,20.6,85,18.0,0.36,15.21
2025-09-20 08:16,20.8,86,18.4,0.34,15.57
2025-09-20 09:16,21.4,87,19.1,0.33,16.31
2025-09-20 10:16,22.7,87,20.4,0.36,17.58
2025-09-20 11:16,24.1,84,21.2,0.48,18.38
2025-09-20 12:16,24.0,80,20.3,0.60,17.41
2025-09-20 13:16,24.2,80,20.5,0.60,17.60
2025-09-20 14:16,24.4,78,20.3,0.67,17.36
2025-09-20 15:16,23.6,79,19.7,0.61,16.80
2025-09-20 16:16,23.3,81,19.9,0.54,16.94
2025-09-20 17:16,23.0,82,19.8,0.51,16.85
2025-09-20 18:16,22.5,84,19.7,0.44,16.78
2025-09-20 19:16,22.2,85,19.6,0.40,16.69
2025-09-20 20:16,21.9,86,19.5,0.37,16.60
2025-09-20 21:16,21.7,87,19.4,0.34,16.60
2025-09-20 22:16,21.5,87,19.2,0.33,16.41
2025-09-20 23:16,21.5,88,19.4,0.31,16.59
2025-09-21 00:16,21.5,88,19.4,0.31,16.59
2025-09-21 01:16,21.5,89,19.6,0.28,16.78
2025-09-21 02:16,21.6,89,19.7,0.28,16.88
2025-09-21 03:16,21.6,89,19.7,0.28,16.88
2025-09-21 04:16,21.6,90,19.9,0.26,17.07
2025-09-21 05:16,21.5,90,19.8,0.26,16.97
2025-09-21 06:16,21.4,90,19.7,0.25,16.87
2025-09-21 07:16,22.0,92,20.6,0.21,17.86
2025-09-21 08:16,24.6,92,23.2,0.25,20.71
2025-09-21 09:16,27.2,82,23.9,0.65,21.34
2025-09-21 10:16,30.5,64,22.9,1.57,19.94
2025-09-21 11:16,31.3,53,20.6,2.15,17.24
2025-09-21 12:16,33.6,45,20.0,2.86,16.53
2025-09-21 13:16,34.0,40,18.5,3.19,15.01
2025-09-21 14:16,33.4,37,16.7,3.24,13.45
2025-09-21 15:16,29.8,41,15.1,2.47,12.30
2025-09-21 16:16,29.9,44,16.3,2.36,13.27
2025-09-21 17:16,28.8,42,14.6,2.30,11.93
2025-09-21 18:16,26.2,47,14.0,1.80,11.57
2025-09-21 19:16,25.1,49,13.6,1.63,11.34
2025-09-21 20:16,24.3,51,13.5,1.49,11.29
2025-09-21 21:16,23.7,53,13.6,1.38,11.34
2025-09-21 22:16,23.4,58,14.7,1.21,12.20
2025-09-21 23:16,22.6,61,14.7,1.07,12.25
2025-09-22 00:16,21.8,63,14.4,0.97,12.09
2025-09-22 01:16,21.0,66,14.4,0.85,12.09
2025-09-22 02:16,20.5,69,14.6,0.75,12.28
2025-09-22 03:16,20.2,71,14.8,0.69,12.41
2025-09-22 04:16,19.7,73,14.7,0.62,12.40
2025-09-22 05:16,18.9,73,14.0,0.59,11.83
2025-09-22 06:16,18.5,73,13.6,0.58,11.55
2025-09-22 07:16,18.8,74,14.1,0.56,11.92
2025-09-22 08:16,21.2,72,15.9,0.70,13.34
2025-09-22 09:16,23.7,63,16.2,1.08,13.48
2025-09-22 10:16,26.3,57,17.1,1.47,14.11
2025-09-22 11:16,28.6,50,17.2,1.96,14.05
2025-09-22 12:16,31.2,44,17.5,2.54,14.23
2025-09-22 13:16,31.6,40,16.4,2.79,13.22
2025-09-22 14:16,34.2,37,17.4,3.39,14.03
2025-09-22 15:16,37.7,33,18.7,4.37,14.99
2025-09-22 16:16,33.6,31,14.1,3.59,11.39
2025-09-22 17:16,27.8,40,13.0,2.24,10.76
2025-09-22 18:16,24.8,46,12.4,1.69,10.47
2025-09-22 19:16,23.3,51,12.6,1.40,10.66
2025-09-22 20:16,22.7,54,12.9,1.27,10.91
2025-09-22 21:16,22.1,57,13.2,1.14,11.13
2025-09-22 22:16,21.6,59,13.2,1.06,11.19
2025-09-22 23:16,20.9,61,13.1,0.96,11.11
2025-09-23 00:16,20.2,64,13.2,0.85,11.19
2025-09-23 01:16,20.0,67,13.7,0.77,11.58
2025-09-23 02:16,19.9,69,14.0,0.72,11.85
2025-09-23 03:16,19.8,70,14.2,0.69,11.96
2025-09-23 04:16,19.5,72,14.3,0.63,12.08
2025-09-23 05:16,19.1,73,14.1,0.60,11.97
2025-09-23 06:16,18.9,74,14.2,0.57,11.99
2025-09-23 07:16,19.8,75,15.2,0.58,12.81
2025-09-23 08:16,22.0,72,16.7,0.74,13.97
2025-09-23 09:16,25.3,63,17.7,1.19,14.75
2025-09-23 10:16,26.3,55,16.5,1.54,13.62
2025-09-23 11:16,26.9,52,16.2,1.70,13.31
2025-09-23 12:16,27.8,49,16.1,1.91,13.18
2025-09-23 13:16,27.9,47,15.5,1.99,12.71
2025-09-23 14:16,29.8,42,15.5,2.43,12.60
2025-09-23 15:16,28.6,40,13.7,2.35,11.24
2025-09-23 16:16,33.7,34,15.7,3.45,12.56
2025-09-23 17:16,27.8,38,12.2,2.32,10.22
2025-09-23 18:16,23.9,47,11.9,1.57,10.17
2025-09-23 19:16,22.5,53,12.4,1.28,10.59
2025-09-23 20:16,21.5,57,12.6,1.10,10.75
2025-09-23 21:16,20.4,62,12.9,0.91,10.97
2025-09-23 22:16,19.4,67,13.1,0.74,11.18
2025-09-23 23:16,19.1,69,13.3,0.69,11.31
2025-09-24 00:16,18.9,70,13.3,0.66,11.34
2025-09-24 01:16,18.6,71,13.2,0.62,11.30
2025-09-24 02:16,18.5,72,13.4,0.60,11.39
2025-09-24 03:16,17.6,74,12.9,0.52,11.10
2025-09-24 04:16,17.0,75,12.5,0.48,10.85
2025-09-24 05:16,16.6,77,12.5,0.43,10.88
2025-09-24 06:16,16.4,78,12.6,0.41,10.89
2025-09-24 07:16,17.5,80,14.0,0.40,11.93
2025-09-24 08:16,20.2,80,16.6,0.47,13.99
2025-09-24 09:16,23.5,72,18.2,0.81,15.23
2025-09-24 10:16,26.5,62,18.6,1.32,15.52
2025-09-24 11:16,28.3,54,18.1,1.77,14.93
2025-09-24 12:16,30.9,48,18.6,2.32,15.28
2025-09-24 13:16,33.5,39,17.6,3.16,14.25
2025-09-24 14:16,36.9,36,19.4,3.99,15.70
2025-09-24 15:16,40.3,27,17.7,5.47,13.99
2025-09-24 16:16,38.0,28,16.3,4.77,12.92
2025-09-24 17:16,31.0,33,12.8,3.01,10.56
2025-09-24 18:16,26.5,42,12.5,2.01,10.51
2025-09-24 19:16,24.1,48,12.4,1.56,10.50
2025-09-24 20:16,23.0,53,12.9,1.32,10.89
2025-09-24 21:16,22.8,56,13.6,1.22,11.38
2025-09-24 22:16,22.6,59,14.2,1.12,11.85
2025-09-24 23:16,22.4,61,14.5,1.06,12.11
2025-09-25 00:16,21.8,64,14.7,0.94,12.28
2025-09-25 01:16,21.5,66,14.9,0.87,12.45
2025-09-25 02:16,20.7,67,14.3,0.81,12.06
2025-09-25 03:16,20.1,69,14.2,0.73,11.99
2025-09-25 04:16,19.6,71,14.2,0.66,11.99
2025-09-25 05:16,19.3,72,14.1,0.63,11.94
2025-09-25 06:16,19.2,73,14.2,0.60,12.04
2025-09-25 07:16,20.2,74,15.4,0.62,12.94
2025-09-25 08:16,22.5,72,17.2,0.76,14.38
2025-09-25 09:16,25.5,66,18.7,1.11,15.63
2025-09-25 10:16,28.2,57,18.9,1.64,15.67
2025-09-25 11:16,30.5,51,19.2,2.14,15.89
2025-09-25 12:16,32.3,45,18.9,2.66,15.44
2025-09-25 13:16,35.6,42,20.7,3.37,17.13
2025-09-25 14:16,35.1,40,19.5,3.39,15.90
2025-09-25 15:16,33.3,40,17.9,3.07,14.47
2025-09-25 16:16,30.6,46,17.7,2.37,14.41
2025-09-25 17:16,28.6,52,17.8,1.88,14.61
2025-09-25 18:16,27.2,55,17.4,1.62,14.31
2025-09-25 19:16,26.0,58,17.1,1.41,14.12
2025-09-25 20:16,25.3,62,17.5,1.23,14.51
2025-09-25 21:16,24.6,66,17.8,1.05,14.85
2025-09-25 22:16,23.6,69,17.6,0.90,14.68
2025-09-25 23:16,23.0,72,17.7,0.79,14.80
2025-09-26 00:16,22.4,74,17.5,0.70,14.70
2025-09-26 01:16,22.1,75,17.5,0.67,14.64
2025-09-26 02:16,21.7,75,17.1,0.65,14.31
2025-09-26 03:16,21.3,76,16.9,0.61,14.17
2025-09-26 04:16,20.8,77,16.6,0.57,13.94
2025-09-26 05:16,20.5,78,16.5,0.53,13.88
2025-09-26 06:16,20.4,79,16.6,0.50,13.98
2025-09-26 07:16,21.4,81,18.0,0.48,15.19
2025-09-26 08:16,24.0,81,20.5,0.57,17.62
2025-09-26 09:16,27.0,75,22.2,0.89,19.30
2025-09-26 10:16,30.0,65,22.7,1.49,19.71
2025-09-26 11:16,33.3,55,23.0,2.30,19.89
2025-09-26 12:16,35.7,49,23.3,2.98,20.09
2025-09-26 13:16,38.0,43,23.2,3.78,19.84
2025-09-26 14:16,42.1,37,24.4,5.19,20.96
2025-09-26 15:16,39.1,35,20.8,4.57,17.07
2025-09-26 16:16,34.1,43,19.7,3.05,16.22
2025-09-26 17:16,31.8,48,19.4,2.44,16.03
2025-09-26 18:16,30.4,52,19.4,2.08,16.11
2025-09-26 19:16,29.1,55,19.1,1.81,15.88
2025-09-26 20:16,28.3,57,19.0,1.65,15.76
2025-09-26 21:16,27.1,58,18.1,1.51,15.01
2025-09-26 22:16,26.1,60,17.7,1.35,14.69
2025-09-26 23:16,25.9,66,19.1,1.14,15.98
2025-09-27 00:16,25.5,70,19.6,0.98,16.57
2025-09-27 01:16,25.0,72,19.6,0.89,16.57
2025-09-27 02:16,24.4,75,19.7,0.76,16.69
2025-09-27 03:16,24.0,76,19.5,0.72,16.53
2025-09-27 04:16,23.4,77,19.1,0.66,16.19
2025-09-27 05:16,23.1,79,19.3,0.59,16.33
2025-09-27 06:16,23.1,80,19.5,0.57,16.54
2025-09-27 07:16,23.4,80,19.8,0.58,16.82
2025-09-27 08:16,24.2,77,19.9,0.69,16.94
2025-09-27 09:16,27.1,63,19.4,1.33,16.30
2025-09-27 10:16,30.0,49,18.1,2.16,14.86
2025-09-27 11:16,32.6,42,18.0,2.85,14.64
2025-09-27 12:16,32.8,37,16.2,3.13,13.03
2025-09-27 13:16,34.1,39,18.2,3.26,14.71
2025-09-27 14:16,33.3,43,19.0,2.92,15.55
2025-09-27 15:16,37.1,36,19.5,4.04,15.86
2025-09-27 16:16,39.7,29,18.3,5.15,14.58
2025-09-27 17:16,31.3,39,15.7,2.79,12.68
2025-09-27 18:16,27.7,45,14.7,2.04,12.04
2025-09-27 19:16,25.7,50,14.5,1.65,11.97
2025-09-27 20:16,24.4,54,14.5,1.41,12.02
2025-09-27 21:16,23.2,58,14.5,1.19,12.06
2025-09-27 22:16,22.4,62,14.8,1.03,12.31
2025-09-27 23:16,21.6,65,14.7,0.90,12.33
2025-09-28 00:16,21.2,67,14.8,0.83,12.42
2025-09-28 01:16,20.9,69,15.0,0.77,12.57
2025-09-28 02:16,20.8,71,15.3,0.71,12.86
2025-09-28 03:16,20.8,73,15.8,0.66,13.22
2025-09-28 04:16,20.8,74,16.0,0.64,13.40
2025-09-28 05:16,20.7,75,16.1,0.61,13.50
2025-09-28 06:16,20.6,76,16.2,0.58,13.60
2025-09-28 07:16,21.4,77,17.2,0.59,14.44
2025-09-28 08:16,23.2,74,18.3,0.74,15.38
2025-09-28 09:16,25.8,66,19.0,1.13,15.89
2025-09-28 10:16,28.2,59,19.4,1.57,16.22
2025-09-28 11:16,30.3,53,19.7,2.03,16.33
2025-09-28 12:16,30.3,52,19.3,2.07,16.03
2025-09-28 13:16,31.6,47,18.9,2.46,15.53
2025-09-28 14:16,34.8,44,20.7,3.11,17.21
2025-09-28 15:16,33.4,43,19.1,2.93,15.63
2025-09-28 16:16,31.3,44,17.6,2.56,14.31
2025-09-28 17:16,28.3,55,18.4,1.73,15.20
2025-09-28 18:16,26.8,62,18.9,1.34,15.78
2025-09-28 19:16,25.8,67,19.2,1.10,16.13
2025-09-28 20:16,25.2,70,19.3,0.96,16.30
2025-09-28 21:16,24.9,73,19.7,0.85,16.71
2025-09-28 22:16,24.9,74,19.9,0.82,16.94
2025-09-28 23:16,24.9,76,20.4,0.76,17.40
2025-09-29 00:16,24.9,77,20.6,0.72,17.63
2025-09-29 01:16,24.7,77,20.4,0.72,17.43
2025-09-29 02:16,23.9,77,19.6,0.68,16.66
2025-09-29 03:16,23.3,77,19.0,0.66,16.10
2025-09-29 04:16,23.0,77,18.7,0.65,15.83
2025-09-29 05:16,22.6,77,18.4,0.63,15.47
2025-09-29 06:16,22.4,78,18.4,0.60,15.49
2025-09-29 07:16,22.9,79,19.1,0.59,16.14
2025-09-29 08:16,24.2,80,20.5,0.60,17.60
2025-09-29 09:16,27.3,73,22.0,0.98,19.10
2025-09-29 10:16,30.3,62,22.2,1.64,19.11
2025-09-29 11:16,32.1,55,21.9,2.15,18.67
2025-09-29 12:16,33.8,49,21.6,2.68,18.19
2025-09-29 13:16,36.9,43,22.3,3.56,18.75
2025-09-29 14:16,38.6,42,23.4,3.97,19.97
2025-09-29 15:16,40.1,38,23.1,4.60,19.49
2025-09-29 16:16,40.5,26,17.3,5.60,13.60
2025-09-29 17:16,33.2,34,15.2,3.36,12.23
2025-09-29 18:16,29.9,40,14.8,2.53,12.06
2025-09-29 19:16,28.1,44,14.7,2.13,12.03
2025-09-29 20:16,26.7,48,14.8,1.82,12.15
2025-09-29 21:16,25.5,51,14.6,1.60,12.07
2025-09-29 22:16,24.9,52,14.4,1.51,11.90
2025-09-29 23:16,24.8,53,14.6,1.47,12.06
2025-09-30 00:16,24.4,54,14.5,1.41,12.02
2025-09-30 01:16,23.8,54,13.9,1.36,11.62
2025-09-30 02:16,23.0,57,14.0,1.21,11.72
2025-09-30 03:16,22.2,63,14.8,0.99,12.37
2025-09-30 04:16,22.0,67,15.6,0.87,13.00
2025-09-30 05:16,21.6,71,16.1,0.75,13.47
2025-09-30 06:16,21.3,71,15.8,0.73,13.23
2025-09-30 07:16,22.1,73,17.0,0.72,14.25
2025-09-30 08:16,22.9,71,17.4,0.81,14.51
2025-09-30 09:16,24.6,65,17.6,1.08,14.63
2025-09-30 10:16,27.6,61,19.4,1.44,16.23
2025-09-30 11:16,31.2,50,19.5,2.27,16.17
2025-09-30 12:16,32.6,40,17.2,2.95,13.94
2025-09-30 13:16,37.1,39,20.8,3.85,17.18
2025-09-30 14:16,37.9,31,17.8,4.55,14.23
2025-09-30 15:16,35.2,30,15.0,3.98,11.98
2025-09-30 16:16,30.6,39,15.1,2.68,12.22
2025-09-30 17:16,27.8,46,15.1,2.02,12.37
2025-09-30 18:16,25.9,51,15.0,1.64,12.35
2025-09-30 19:16,25.3,59,16.7,1.32,13.81
2025-09-30 20:16,24.1,65,17.1,1.05,14.22
2025-09-30 21:16,23.7,66,17.0,1.00,14.12
2025-09-30 22:16,23.2,69,17.2,0.88,14.34
2025-09-30 23:16,23.0,72,17.7,0.79,14.80
2025-10-01 00:16,22.6,74,17.7,0.71,14.87
2025-10-01 01:16,22.2,77,18.0,0.62,15.12
2025-10-01 02:16,21.9,78,17.9,0.58,15.05
2025-10-01 03:16,21.7,79,17.9,0.55,15.07
2025-10-01 04:16,21.5,79,17.7,0.54,14.90
2025-10-01 05:16,21.3,80,17.7,0.51,14.91
2025-10-01 06:16,21.2,81,17.8,0.48,15.01
2025-10-01 07:16,21.2,82,18.0,0.45,15.20
2025-10-01 08:16,21.7,83,18.7,0.44,15.83
2025-10-01 09:16,22.2,84,19.4,0.43,16.49
2025-10-01 10:16,22.1,83,19.1,0.45,16.20
2025-10-01 11:16,22.0,84,19.2,0.42,16.30
2025-10-01 12:16,22.8,84,20.0,0.44,17.07
2025-10-01 13:16,22.3,80,18.7,0.54,15.80
2025-10-01 14:16,21.7,81,18.3,0.49,15.45
2025-10-01 15:16,22.1,83,19.1,0.45,16.20
2025-10-01 16:16,21.8,83,18.8,0.44,15.92
2025-10-01 17:16,21.3,83,18.3,0.43,15.47
2025-10-01 18:16,20.7,84,17.9,0.39,15.12
2025-10-01 19:16,20.5,85,17.9,0.36,15.12
2025-10-01 20:16,19.9,85,17.3,0.35,14.60
2025-10-01 21:16,19.7,86,17.3,0.32,14.60
2025-10-01 22:16,19.2,87,17.0,0.29,14.35
2025-10-01 23:16,18.8,87,16.6,0.28,14.01
2025-10-02 00:16,18.5,87,16.3,0.28,13.76
2025-10-02 01:16,17.9,87,15.7,0.27,13.28
2025-10-02 02:16,17.6,88,15.6,0.24,13.20
2025-10-02 03:16,17.0,88,15.0,0.23,12.73
2025-10-02 04:16,16.6,88,14.6,0.23,12.43
2025-10-02 05:16,16.0,88,14.0,0.22,11.99
2025-10-02 06:16,15.9,89,14.1,0.20,12.05
2025-10-02 07:16,17.5,92,16.2,0.16,13.72
2025-10-02 08:16,19.1,91,17.6,0.20,14.92
2025-10-02 09:16,21.4,90,19.7,0.25,16.87
2025-10-02 10:16,25.3,85,22.6,0.48,19.90
2025-10-02 11:16,29.2,68,22.7,1.30,19.75
2025-10-02 12:16,32.5,50,20.7,2.45,17.33
2025-10-02 13:16,34.5,44,20.5,3.06,16.95
2025-10-02 14:16,40.5,32,20.6,5.15,16.74
2025-10-02 15:16,41.3,31,20.8,5.45,16.88
2025-10-02 16:16,42.6,25,18.4,6.35,14.51
2025-10-02 17:16,31.9,32,13.2,3.21,10.75
2025-10-02 18:16,26.5,40,11.8,2.08,10.01
2025-10-02 19:16,24.1,48,12.4,1.56,10.50
2025-10-02 20:16,22.4,55,12.9,1.22,10.92
2025-10-02 21:16,21.8,58,13.2,1.10,11.13
2025-10-02 22:16,21.3,62,13.7,0.96,11.56
2025-10-02 23:16,20.7,64,13.6,0.88,11.52
2025-10-03 00:16,20.4,66,13.8,0.81,11.68
2025-10-03 01:16,20.1,67,13.8,0.78,11.65
2025-10-03 02:16,19.6,69,13.8,0.71,11.65
2025-10-03 03:16,19.2,70,13.6,0.67,11.54
2025-10-03 04:16,18.8,71,13.4,0.63,11.43
2025-10-03 05:16,18.4,72,13.3,0.59,11.32
2025-10-03 06:16,18.0,72,12.9,0.58,11.06
2025-10-03 07:16,18.6,74,13.9,0.56,11.78
2025-10-03 08:16,21.2,75,16.6,0.63,13.90
2025-10-03 09:16,23.3,71,17.7,0.83,14.84
2025-10-03 10:16,24.9,64,17.6,1.13,14.65
2025-10-03 11:16,24.9,62,17.1,1.20,14.19
2025-10-03 12:16,26.5,60,18.1,1.38,15.02
2025-10-03 13:16,27.3,57,18.0,1.56,14.91
2025-10-03 14:16,27.6,53,17.2,1.74,14.10
2025-10-03 15:16,27.4,54,17.3,1.68,14.21
2025-10-03 16:16,26.1,56,16.6,1.49,13.71
2025-10-03 17:16,24.6,56,15.2,1.36,12.60
2025-10-03 18:16,23.1,60,14.9,1.13,12.40
2025-10-03 19:16,22.3,63,14.9,1.00,12.44
2025-10-03 20:16,21.5,66,14.9,0.87,12.45
2025-10-03 21:16,20.9,69,15.0,0.77,12.57
2025-10-03 22:16,20.6,71,15.2,0.70,12.71
2025-10-03 23:16,20.3,72,15.1,0.67,12.66
2025-10-04 00:16,20.1,73,15.1,0.64,12.69
2025-10-04 01:16,20.1,74,15.3,0.61,12.86
2025-10-04 02:16,19.9,75,15.3,0.58,12.89
2025-10-04 03:16,19.7,76,15.3,0.55,12.91
2025-10-04 04:16,19.6,76,15.3,0.55,12.83
2025-10-04 05:16,19.5,77,15.4,0.52,12.92
2025-10-04 06:16,19.5,78,15.6,0.50,13.09
2025-10-04 07:16,20.1,79,16.3,0.49,13.73
2025-10-04 08:16,21.5,80,17.9,0.51,15.09
2025-10-04 09:16,23.3,77,19.0,0.66,16.10
2025-10-04 10:16,24.8,72,19.4,0.88,16.39
2025-10-04 11:16,24.4,68,18.1,0.98,15.13
2025-10-04 12:16,23.9,69,17.9,0.92,14.93
2025-10-04 13:16,24.3,71,18.7,0.88,15.71
2025-10-04 14:16,24.9,70,19.0,0.94,16.02
2025-10-04 15:16,24.0,69,18.0,0.92,15.01
2025-10-04 16:16,23.0,72,17.7,0.79,14.80
2025-10-04 17:16,22.4,74,17.5,0.70,14.70
2025-10-04 18:16,21.8,76,17.4,0.63,14.58
2025-10-04 19:16,21.3,78,17.3,0.56,14.54
2025-10-04 20:16,21.1,80,17.5,0.50,14.74
2025-10-04 21:16,21.0,81,17.6,0.47,14.84
2025-10-04 22:16,21.0,82,17.8,0.45,15.02
2025-10-04 23:16,21.0,83,18.0,0.42,15.20
2025-10-05 00:16,20.9,83,17.9,0.42,15.12
2025-10-05 01:16,20.7,84,17.9,0.39,15.12
2025-10-05 02:16,20.5,84,17.7,0.39,14.95
2025-10-05 03:16,20.3,85,17.7,0.36,14.95
2025-10-05 04:16,20.1,85,17.5,0.35,14.78
2025-10-05 05:16,20.1,85,17.5,0.35,14.78
2025-10-05 06:16,20.2,86,17.8,0.33,15.04
2025-10-05 07:16,20.8,87,18.6,0.32,15.75
2025-10-05 08:16,22.4,87,20.1,0.35,17.28
2025-10-05 09:16,25.4,86,22.9,0.45,20.25
2025-10-05 10:16,27.4,77,23.0,0.84,20.26
2025-10-05 11:16,29.8,67,23.0,1.38,20.10
2025-10-05 12:16,33.0,58,23.6,2.11,20.65
2025-10-05 13:16,31.6,54,21.2,2.14,17.85
2025-10-05 14:16,30.0,56,20.3,1.87,16.98
2025-10-05 15:16,29.0,60,20.4,1.60,17.23
2025-10-05 16:16,27.8,62,19.8,1.42,16.68
2025-10-05 17:16,26.8,64,19.4,1.27,16.29
2025-10-05 18:16,25.8,66,19.0,1.13,15.89
2025-10-05 19:16,25.4,68,19.1,1.04,16.01
2025-10-05 20:16,24.8,71,19.2,0.91,16.16
2025-10-05 21:16,24.5,73,19.3,0.83,16.34
2025-10-05 22:16,24.2,74,19.3,0.79,16.28
2025-10-05 23:16,23.8,76,19.3,0.71,16.35
2025-10-06 00:16,23.5,78,19.4,0.64,16.50
2025-10-06 01:16,23.2,79,19.4,0.60,16.42
2025-10-06 02:16,22.9,80,19.3,0.56,16.35
2025-10-06 03:16,22.7,81,19.3,0.52,16.37
2025-10-06 04:16,22.4,82,19.2,0.49,16.28
2025-10-06 05:16,22.2,83,19.2,0.45,16.30
2025-10-06 06:16,22.0,84,19.2,0.42,16.30
2025-10-06 07:16,22.4,85,19.8,0.41,16.88
2025-10-06 08:16,23.6,86,21.1,0.41,18.29
2025-10-06 09:16,26.2,87,23.9,0.44,21.42
2025-10-06 10:16,28.9,82,25.5,0.72,23.42
2025-10-06 11:16,30.3,63,22.5,1.60,19.42
2025-10-06 12:16,29.2,53,18.6,1.90,15.39
2025-10-06 13:16,29.8,51,18.6,2.06,15.30
2025-10-06 14:16,29.2,49,17.4,2.07,14.23
2025-10-06 15:16,29.7,59,20.8,1.71,17.60
2025-10-06 16:16,32.1,49,20.0,2.44,16.63
2025-10-06 17:16,26.6,58,17.7,1.46,14.60
2025-10-06 18:16,24.4,62,16.6,1.16,13.80
2025-10-06 19:16,23.6,65,16.6,1.02,13.82
2025-10-06 20:16,22.8,67,16.3,0.92,13.61
2025-10-06 21:16,22.5,68,16.3,0.87,13.58
2025-10-06 22:16,22.2,69,16.2,0.83,13.55
2025-10-06 23:16,22.0,70,16.3,0.79,13.59
2025-10-07 00:16,21.5,72,16.2,0.72,13.58
2025-10-07 01:16,20.9,74,16.1,0.64,13.48
2025-10-07 02:16,20.6,74,15.8,0.63,13.24
2025-10-07 03:16,20.5,74,15.7,0.63,13.17
2025-10-07 04:16,20.2,74,15.4,0.62,12.94
2025-10-07 05:16,20.0,74,15.2,0.61,12.79
2025-10-07 06:16,20.0,74,15.2,0.61,12.79
2025-10-07 07:16,20.0,75,15.4,0.58,12.96
2025-10-07 08:16,20.5,74,15.7,0.63,13.17
2025-10-07 09:16,20.9,74,16.1,0.64,13.48
2025-10-07 10:16,21.3,72,16.0,0.71,13.42
2025-10-07 11:16,22.4,71,16.9,0.79,14.10
2025-10-07 12:16,24.8,67,18.3,1.03,15.25
2025-10-07 13:16,27.2,58,18.2,1.52,15.09
2025-10-07 14:16,26.4,56,16.9,1.51,13.94
2025-10-07 15:16,25.2,57,16.1,1.38,13.27
2025-10-07 16:16,24.2,58,15.4,1.27,12.76
2025-10-07 17:16,23.2,61,15.3,1.11,12.68
2025-10-07 18:16,22.6,62,14.9,1.04,12.45
2025-10-07 19:16,22.0,64,14.9,0.95,12.42
2025-10-07 20:16,21.7,65,14.8,0.91,12.40
2025-10-07 21:16,21.2,67,14.8,0.83,12.42
2025-10-07 22:16,20.9,68,14.8,0.79,12.38
2025-10-07 23:16,20.6,70,14.9,0.73,12.53
2025-10-08 00:16,20.4,71,15.0,0.70,12.56
2025-10-08 01:16,20.2,72,15.0,0.66,12.59
2025-10-08 02:16,20.0,74,15.2,0.61,12.79
2025-10-08 03:16,19.9,75,15.3,0.58,12.89
2025-10-08 04:16,19.6,76,15.3,0.55,12.83
2025-10-08 05:16,19.3,76,15.0,0.54,12.61
2025-10-08 06:16,19.3,76,15.0,0.54,12.61
2025-10-08 07:16,19.9,78,15.9,0.51,13.40
2025-10-08 08:16,22.1,76,17.7,0.64,14.84
2025-10-08 09:16,25.4,71,19.8,0.94,16.71
2025-10-08 10:16,28.4,62,20.4,1.47,17.23
2025-10-08 11:16,31.1,54,20.7,2.08,17.37
2025-10-08 12:16,34.8,49,22.5,2.84,19.17
2025-10-08 13:16,41.8,38,24.6,5.03,21.21
2025-10-08 14:16,45.6,28,22.8,7.11,18.81
2025-10-08 15:16,41.3,30,20.2,5.53,16.33
2025-10-08 16:16,34.1,36,16.9,3.42,13.58
2025-10-08 17:16,29.9,42,15.6,2.45,12.67
2025-10-08 18:16,27.6,47,15.3,1.96,12.50
2025-10-08 19:16,26.1,52,15.5,1.62,12.73
2025-10-08 20:16,24.9,57,15.8,1.35,13.05
2025-10-08 21:16,24.1,60,15.8,1.20,13.13
2025-10-08 22:16,23.8,63,16.3,1.09,13.55
2025-10-08 23:16,23.3,66,16.6,0.97,13.80
2025-10-09 00:16,23.1,68,16.9,0.90,14.06
2025-10-09 01:16,23.0,69,17.0,0.87,14.18
2025-10-09 02:16,22.9,70,17.1,0.84,14.31
2025-10-09 03:16,22.9,71,17.4,0.81,14.51
2025-10-09 04:16,22.7,71,17.2,0.80,14.34
2025-10-09 05:16,22.5,71,17.0,0.79,14.18
2025-10-09 06:16,22.2,70,16.5,0.80,13.74
2025-10-09 07:16,21.9,69,16.0,0.81,13.31
2025-10-09 08:16,21.5,70,15.8,0.77,13.20
2025-10-09 09:16,21.5,69,15.6,0.79,13.01
2025-10-09 10:16,22.7,64,15.5,0.99,12.93
2025-10-09 11:16,22.2,61,14.3,1.04,11.98
2025-10-09 12:16,22.5,61,14.6,1.06,12.18
2025-10-09 13:16,22.4,60,14.3,1.08,11.92
2025-10-09 14:16,21.9,58,13.3,1.10,11.19
2025-10-09 15:16,23.3,57,14.3,1.23,11.92
2025-10-09 16:16,23.3,54,13.5,1.32,11.29
2025-10-09 17:16,22.3,55,12.8,1.21,10.86
2025-10-09 18:16,21.0,57,12.2,1.07,10.44
2025-10-09 19:16,19.7,59,11.5,0.94,10.02
2025-10-09 20:16,18.7,62,11.3,0.82,9.93
2025-10-09 21:16,18.3,64,11.4,0.76,10.01
2025-10-09 22:16,18.0,64,11.1,0.74,9.83
2025-10-09 23:16,18.0,64,11.1,0.74,9.83
2025-10-10 00:16,17.9,64,11.0,0.74,9.77
2025-10-10 01:16,17.7,65,11.0,0.71,9.81
2025-10-10 02:16,17.5,66,11.1,0.68,9.84
2025-10-10 03:16,17.4,67,11.2,0.66,9.93
2025-10-10 04:16,17.4,68,11.4,0.64,10.08
2025-10-10 05:16,17.3,69,11.6,0.61,10.16
2025-10-10 06:16,17.3,70,11.8,0.59,10.31
2025-10-10 07:16,17.5,71,12.2,0.58,10.59
2025-10-10 08:16,18.2,72,13.1,0.59,11.19
2025-10-10 09:16,20.3,69,14.4,0.74,12.14
2025-10-10 10:16,23.3,62,15.6,1.09,12.96
2025-10-10 11:16,26.9,52,16.2,1.70,13.31
2025-10-10 12:16,32.0,46,18.9,2.57,15.53
2025-10-10 13:16,38.5,33,19.4,4.56,15.61
2025-10-10 14:16,38.8,27,16.4,5.05,12.97
2025-10-10 15:16,30.2,30,10.7,3.00,9.20
2025-10-10 16:16,26.9,36,10.6,2.27,9.21
2025-10-10 17:16,25.1,41,10.9,1.88,9.49
2025-10-10 18:16,23.3,46,11.0,1.54,9.62
2025-10-10 19:16,22.3,50,11.4,1.35,9.87
2025-10-10 20:16,21.7,53,11.7,1.22,10.11
2025-10-10 21:16,21.3,55,11.9,1.14,10.25
2025-10-10 22:16,20.9,58,12.3,1.04,10.56
2025-10-10 23:16,20.5,60,12.5,0.96,10.68
2025-10-11 00:16,20.3,62,12.8,0.91,10.90
2025-10-11 01:16,19.8,63,12.5,0.85,10.76
2025-10-11 02:16,19.6,64,12.6,0.82,10.80
2025-10-11 03:16,19.3,65,12.6,0.78,10.78
2025-10-11 04:16,19.2,65,12.5,0.78,10.72
2025-10-11 05:16,19.1,66,12.6,0.75,10.82
2025-10-11 06:16,19.0,67,12.7,0.73,10.92
2025-10-11 07:16,18.9,68,12.9,0.70,11.02
2025-10-11 08:16,18.7,70,13.1,0.65,11.21
2025-10-11 09:16,18.4,73,13.5,0.57,11.48
2025-10-11 10:16,18.2,75,13.7,0.52,11.66
2025-10-11 11:16,18.1,76,13.8,0.50,11.74
2025-10-11 12:16,18.2,77,14.1,0.48,11.97
2025-10-11 13:16,18.4,78,14.5,0.47,12.27
2025-10-11 14:16,18.4,79,14.7,0.44,12.43
2025-10-11 15:16,18.3,80,14.8,0.42,12.51
2025-10-11 16:16,17.8,80,14.3,0.41,12.14
2025-10-11 17:16,17.4,80,13.9,0.40,11.86
2025-10-11 18:16,17.1,81,13.8,0.37,11.79
2025-10-11 19:16,16.9,82,13.8,0.35,11.79
2025-10-11 20:16,16.8,82,13.7,0.34,11.72
2025-10-11 21:16,16.8,83,13.9,0.33,11.87
2025-10-11 22:16,16.8,83,13.9,0.33,11.87
2025-10-11 23:16,16.7,83,13.8,0.32,11.80
2025-10-12 00:16,16.7,84,14.0,0.30,11.94
2025-10-12 01:16,16.7,84,14.0,0.30,11.94
2025-10-12 02:16,16.7,84,14.0,0.30,11.94
2025-10-12 03:16,16.7,84,14.0,0.30,11.94
2025-10-12 04:16,16.4,84,13.7,0.30,11.72
2025-10-12 05:16,16.3,85,13.8,0.28,11.79
2025-10-12 06:16,16.0,85,13.5,0.27,11.58
2025-10-12 07:16,16.5,86,14.1,0.26,12.08
2025-10-12 08:16,17.9,86,15.5,0.29,13.13
2025-10-12 09:16,20.1,85,17.5,0.35,14.78
2025-10-12 10:16,23.0,81,19.6,0.53,16.65
2025-10-12 11:16,25.0,74,20.0,0.82,17.03
2025-10-12 12:16,28.0,62,20.0,1.44,16.86
2025-10-12 13:16,28.4,58,19.3,1.62,16.12
2025-10-12 14:16,29.5,54,19.2,1.90,15.94
2025-10-12 15:16,28.3,52,17.5,1.85,14.38
2025-10-12 16:16,25.6,57,16.4,1.41,13.57
2025-10-12 17:16,23.9,61,15.9,1.16,13.20
2025-10-12 18:16,22.3,64,15.2,0.97,12.64
2025-10-12 19:16,21.3,67,14.9,0.84,12.49
2025-10-12 20:16,20.7,69,14.8,0.76,12.42
2025-10-12 21:16,20.3,71,14.9,0.69,12.49
2025-10-12 22:16,19.9,74,15.1,0.60,12.71
2025-10-12 23:16,19.6,75,15.0,0.57,12.66
2025-10-13 00:16,19.4,77,15.3,0.52,12.85
2025-10-13 01:16,19.1,78,15.2,0.49,12.79
2025-10-13 02:16,18.9,79,15.2,0.46,12.80
2025-10-13 03:16,18.7,80,15.2,0.43,12.81
2025-10-13 04:16,18.5,80,15.0,0.43,12.66
2025-10-13 05:16,18.4,81,15.1,0.40,12.74
2025-10-13 06:16,18.4,81,15.1,0.40,12.74
2025-10-13 07:16,18.6,83,15.7,0.36,13.21
2025-10-13 08:16,19.6,84,16.8,0.36,14.18
2025-10-13 09:16,21.4,85,18.8,0.38,15.94
2025-10-13 10:16,23.8,83,20.7,0.50,17.85
2025-10-13 11:16,25.8,77,21.5,0.76,18.54
2025-10-13 12:16,28.7,73,23.4,1.06,20.63
2025-10-13 13:16,30.3,60,21.7,1.73,18.49
2025-10-13 14:16,35.3,59,26.1,2.34,23.69
2025-10-13 15:16,36.2,45,22.4,3.30,18.93
2025-10-13 16:16,33.4,43,19.1,2.93,15.63
2025-10-13 17:16,28.1,52,17.3,1.82,14.22
2025-10-13 18:16,25.4,58,16.5,1.36,13.65
2025-10-13 19:16,24.0,63,16.5,1.10,13.71
2025-10-13 20:16,22.8,66,16.1,0.94,13.41
2025-10-13 21:16,22.2,68,16.0,0.86,13.35
2025-10-13 22:16,21.4,70,15.7,0.76,13.12
2025-10-13 23:16,20.4,70,14.7,0.72,12.38
2025-10-14 00:16,19.6,71,14.2,0.66,11.99
2025-10-14 01:16,19.0,73,14.0,0.59,11.90
2025-10-14 02:16,18.7,74,14.0,0.56,11.85
2025-10-14 03:16,18.0,76,13.7,0.50,11.67
2025-10-14 04:16,17.6,77,13.5,0.46,11.55
2025-10-14 05:16,17.3,78,13.4,0.43,11.49
2025-10-14 06:16,17.1,79,13.4,0.41,11.50
2025-10-14 07:16,17.9,80,14.4,0.41,12.21
2025-10-14 08:16,18.7,79,15.0,0.45,12.65
2025-10-14 09:16,19.5,77,15.4,0.52,12.92
2025-10-14 10:16,20.8,73,15.8,0.66,13.22
2025-10-14 11:16,21.5,68,15.3,0.82,12.82
2025-10-14 12:16,21.6,66,15.0,0.88,12.52
2025-10-14 13:16,21.5,64,14.4,0.92,12.07
2025-10-14 14:16,21.4,63,14.1,0.94,11.81
2025-10-14 15:16,21.2,63,13.9,0.93,11.68
2025-10-14 16:16,20.4,65,13.6,0.84,11.50
2025-10-14 17:16,19.8,65,13.0,0.81,11.10
2025-10-14 18:16,19.3,66,12.8,0.76,10.95
2025-10-14 19:16,18.1,71,12.8,0.60,10.97
2025-10-14 20:16,17.6,74,12.9,0.52,11.10
2025-10-14 21:16,17.2,76,12.9,0.47,11.13
2025-10-14 22:16,16.9,77,12.8,0.44,11.07
2025-10-14 23:16,16.8,78,12.9,0.42,11.15
2025-10-15 00:16,16.7,78,12.8,0.42,11.08
2025-10-15 01:16,16.6,79,12.9,0.40,11.16
2025-10-15 02:16,16.6,79,12.9,0.40,11.16
2025-10-15 03:16,16.5,80,13.0,0.38,11.23
2025-10-15 04:16,16.3,81,13.0,0.35,11.24
2025-10-15 05:16,16.0,81,12.7,0.35,11.04
2025-10-15 06:16,16.0,82,12.9,0.33,11.17
2025-10-15 07:16,16.3,84,13.6,0.30,11.65
2025-10-15 08:16,17.3,85,14.8,0.30,12.52
2025-10-15 09:16,18.3,85,15.7,0.32,13.29
2025-10-15 10:16,20.0,85,17.4,0.35,14.69
2025-10-15 11:16,22.3,80,18.7,0.54,15.80
2025-10-15 12:16,29.3,68,22.8,1.30,19.85
2025-10-15 13:16,28.4,49,16.7,1.97,13.62
2025-10-15 14:16,25.5,55,15.8,1.47,13.02
2025-10-15 15:16,23.7,59,15.2,1.20,12.62
2025-10-15 16:16,22.4,63,15.0,1.00,12.51
2025-10-15 17:16,21.4,66,14.8,0.87,12.37
2025-10-15 18:16,20.6,69,14.7,0.75,12.35
2025-10-15 19:16,20.2,71,14.8,0.69,12.41
2025-10-15 20:16,19.9,73,14.9,0.63,12.54
2025-10-15 21:16,19.7,75,15.1,0.57,12.74
2025-10-15 22:16,19.3,75,14.8,0.56,12.44
2025-10-15 23:16,18.8,75,14.3,0.54,12.08
2025-10-16 00:16,18.6,77,14.5,0.49,12.26
2025-10-16 01:16,18.6,78,14.7,0.47,12.41
2025-10-16 02:16,18.5,78,14.6,0.47,12.34
2025-10-16 03:16,18.4,79,14.7,0.44,12.43
2025-10-16 04:16,18.3,79,14.6,0.44,12.35
2025-10-16 05:16,17.9,79,14.2,0.43,12.06
2025-10-16 06:16,17.6,80,14.1,0.40,12.00
2025-10-16 07:16,17.5,82,14.4,0.36,12.23
2025-10-16 08:16,18.0,83,15.1,0.35,12.75
2025-10-16 09:16,18.3,83,15.4,0.36,12.98
2025-10-16 10:16,19.7,84,16.9,0.37,14.26
2025-10-16 11:16,21.4,83,18.4,0.43,15.56
2025-10-16 12:16,21.4,80,17.8,0.51,15.00
2025-10-16 13:16,21.1,79,17.3,0.53,14.56
2025-10-16 14:16,21.0,78,17.0,0.55,14.29
2025-10-16 15:16,20.2,79,16.4,0.50,13.81
2025-10-16 16:16,19.4,79,15.7,0.47,13.18
2025-10-16 17:16,19.0,81,15.7,0.42,13.20
2025-10-16 18:16,18.8,82,15.7,0.39,13.21
2025-10-16 19:16,18.7,83,15.8,0.37,13.29
2025-10-16 20:16,18.3,84,15.5,0.34,13.13
2025-10-16 21:16,18.3,84,15.5,0.34,13.13
2025-10-16 22:16,18.3,85,15.7,0.32,13.29
2025-10-16 23:16,18.4,86,16.0,0.30,13.53
2025-10-17 00:16,18.3,86,15.9,0.29,13.45
2025-10-17 01:16,17.9,86,15.5,0.29,13.13
2025-10-17 02:16,17.5,86,15.1,0.28,12.82
2025-10-17 03:16,17.2,87,15.0,0.26,12.74
2025-10-17 04:16,17.0,87,14.8,0.25,12.59
2025-10-17 05:16,17.1,88,15.1,0.23,12.81
2025-10-17 06:16,17.3,87,15.1,0.26,12.82
2025-10-17 07:16,17.8,84,15.1,0.33,12.75
2025-10-17 08:16,20.0,79,16.2,0.49,13.65
2025-10-17 09:16,23.6,68,17.3,0.93,14.46
2025-10-17 10:16,26.9,57,17.7,1.52,14.59
2025-10-17 11:16,31.0,49,19.0,2.29,15.68
2025-10-17 12:16,39.1,35,20.8,4.57,17.07
2025-10-17 13:16,43.2,27,20.2,6.37,16.14
2025-10-17 14:16,46.3,23,20.2,7.89,15.98
2025-10-17 15:16,44.5,23,18.7,7.19,14.65
2025-10-17 16:16,35.2,26,12.8,4.21,10.39
2025-10-17 17:16,26.5,37,10.6,2.18,9.26
2025-10-17 18:16,23.2,45,10.6,1.56,9.36
2025-10-17 19:16,21.3,52,11.0,1.22,9.69
2025-10-17 20:16,19.9,55,10.6,1.05,9.45
2025-10-17 21:16,18.6,60,10.7,0.86,9.55
2025-10-17 22:16,17.8,63,10.7,0.75,9.56
2025-10-17 23:16,17.2,66,10.8,0.67,9.66
2025-10-18 00:16,16.6,68,10.7,0.60,9.61
2025-10-18 01:16,16.0,70,10.5,0.55,9.54
2025-10-18 02:16,15.4,71,10.2,0.51,9.33
2025-10-18 03:16,14.8,72,9.8,0.47,9.12
2025-10-18 04:16,14.4,73,9.6,0.44,9.02
2025-10-18 05:16,13.9,74,9.3,0.41,8.87
2025-10-18 06:16,14.0,75,9.6,0.40,9.05
2025-10-18 07:16,14.8,77,10.8,0.39,9.75
2025-10-18 08:16,17.3,80,13.8,0.39,11.79
2025-10-18 09:16,21.5,79,17.7,0.54,14.90
2025-10-18 10:16,24.5,69,18.4,0.95,15.44
2025-10-18 11:16,28.4,58,19.3,1.62,16.12
2025-10-18 12:16,37.3,39,21.0,3.89,17.36
2025-10-18 13:16,40.7,33,21.3,5.13,17.44
2025-10-18 14:16,34.7,33,16.1,3.71,12.84
2025-10-18 15:16,29.8,43,15.9,2.39,12.90
2025-10-18 16:16,27.2,51,16.2,1.77,13.27
2025-10-18 17:16,25.3,55,15.6,1.45,12.88
2025-10-18 18:16,23.9,57,14.9,1.28,12.33
2025-10-18 19:16,22.9,60,14.7,1.12,12.26
2025-10-18 20:16,22.1,61,14.2,1.04,11.91
2025-10-18 21:16,21.3,62,13.7,0.96,11.56
2025-10-18 22:16,20.7,64,13.6,0.88,11.52
2025-10-18 23:16,20.1,66,13.5,0.80,11.47
2025-10-19 00:16,19.5,68,13.4,0.73,11.41
2025-10-19 01:16,19.1,70,13.5,0.66,11.47
2025-10-19 02:16,18.5,72,13.4,0.60,11.39
2025-10-19 03:16,18.4,73,13.5,0.57,11.48
2025-10-19 04:16,19.4,74,14.6,0.59,12.35
2025-10-19 05:16,20.4,73,15.4,0.65,12.91
2025-10-19 06:16,20.6,71,15.2,0.70,12.71
2025-10-19 07:16,20.9,69,15.0,0.77,12.57
2025-10-19 08:16,22.2,66,15.5,0.91,12.96
2025-10-19 09:16,23.8,61,15.8,1.15,13.12
2025-10-19 10:16,24.2,58,15.4,1.27,12.76
2025-10-19 11:16,24.7,57,15.6,1.34,12.90
2025-10-19 12:16,24.7,55,15.1,1.40,12.45
2025-10-19 13:16,24.3,56,15.0,1.34,12.39
2025-10-19 14:16,22.7,61,14.8,1.08,12.32
2025-10-19 15:16,20.4,67,14.1,0.79,11.85
2025-10-19 16:16,19.0,71,13.6,0.64,11.57
2025-10-19 17:16,18.4,73,13.5,0.57,11.48
2025-10-19 18:16,17.8,74,13.1,0.53,11.23
2025-10-19 19:16,17.4,76,13.1,0.48,11.26
2025-10-19 20:16,17.4,76,13.1,0.48,11.26
2025-10-19 21:16,17.3,76,13.0,0.47,11.20
2025-10-19 22:16,17.3,76,13.0,0.47,11.20
2025-10-19 23:16,17.0,75,12.5,0.48,10.85
2025-10-20 00:16,16.7,76,12.4,0.46,10.80
2025-10-20 01:16,16.4,78,12.6,0.41,10.89
2025-10-20 02:16,16.2,79,12.6,0.39,10.89
2025-10-20 03:16,16.2,80,12.7,0.37,11.03
2025-10-20 04:16,16.2,80,12.7,0.37,11.03
2025-10-20 05:16,16.2,81,12.9,0.35,11.17
2025-10-20 06:16,16.3,82,13.2,0.33,11.38
2025-10-20 07:16,16.4,82,13.3,0.34,11.45
2025-10-20 08:16,16.6,83,13.7,0.32,11.72
2025-10-20 09:16,17.6,84,14.9,0.32,12.60
2025-10-20 10:16,19.6,84,16.8,0.36,14.18
2025-10-20 11:16,22.9,84,20.1,0.45,17.17
2025-10-20 12:16,27.4,65,20.2,1.28,17.10
2025-10-20 13:16,29.2,49,17.4,2.07,14.23
2025-10-20 14:16,34.9,39,18.9,3.41,15.34
2025-10-20 15:16,31.3,43,17.2,2.60,13.98
2025-10-20 16:16,26.5,48,14.6,1.80,12.02
2025-10-20 17:16,23.2,55,13.7,1.28,11.43
2025-10-20 18:16,21.3,62,13.7,0.96,11.56
2025-10-20 19:16,20.8,66,14.2,0.84,11.95
2025-10-20 20:16,20.0,70,14.4,0.70,12.10
2025-10-20 21:16,18.7,73,13.8,0.58,11.69
2025-10-20 22:16,17.9,74,13.2,0.53,11.30
2025-10-20 23:16,17.3,76,13.0,0.47,11.20
2025-10-21 00:16,16.9,77,12.8,0.44,11.07
2025-10-21 01:16,16.4,78,12.6,0.41,10.89
2025-10-21 02:16,15.6,78,11.8,0.39,10.37
2025-10-21 03:16,14.8,79,11.2,0.35,10.01
2025-10-21 04:16,14.4,80,11.0,0.33,9.89
2025-10-21 05:16,14.4,81,11.2,0.31,10.01
2025-10-21 06:16,14.4,81,11.2,0.31,10.01
2025-10-21 07:16,14.3,81,11.1,0.31,9.95
2025-10-21 08:16,15.0,81,11.8,0.32,10.39
2025-10-21 09:16,16.0,80,12.5,0.36,10.90
2025-10-21 10:16,16.9,76,12.6,0.46,10.93
2025-10-21 11:16,17.2,73,12.3,0.53,10.69
2025-10-21 12:16,17.4,68,11.4,0.64,10.08
2025-10-21 13:16,17.0,64,10.1,0.70,9.26
2025-10-21 14:16,16.8,62,9.5,0.73,8.86
2025-10-21 15:16,16.7,62,9.4,0.72,8.81
2025-10-21 16:16,16.5,64,9.7,0.68,8.99
2025-10-21 17:16,16.0,65,9.4,0.64,8.86
2025-10-21 18:16,15.6,65,9.0,0.62,8.64
2025-10-21 19:16,15.0,67,8.9,0.56,8.59
2025-10-21 20:16,14.7,68,8.9,0.54,8.56
2025-10-21 21:16,14.5,69,8.9,0.51,8.58
2025-10-21 22:16,14.4,71,9.2,0.48,8.78
2025-10-21 23:16,14.3,72,9.3,0.46,8.85
2025-10-22 00:16,14.3,73,9.5,0.44,8.97
2025-10-22 01:16,14.2,74,9.6,0.42,9.04
2025-10-22 02:16,14.2,75,9.8,0.40,9.16
2025-10-22 03:16,14.0,76,9.8,0.38,9.17
2025-10-22 04:16,13.9,77,9.9,0.37,9.23
2025-10-22 05:16,13.6,77,9.6,0.36,9.06
2025-10-22 06:16,13.4,77,9.4,0.35,8.95
2025-10-22 07:16,13.5,78,9.7,0.34,9.12
2025-10-22 08:16,13.4,77,9.4,0.35,8.95
2025-10-22 09:16,14.2,74,9.6,0.42,9.04
2025-10-22 10:16,14.6,72,9.6,0.47,9.01
2025-10-22 11:16,15.2,69,9.5,0.54,8.96
2025-10-22 12:16,15.5,68,9.6,0.56,8.99
2025-10-22 13:16,15.0,69,9.4,0.53,8.85
2025-10-22 14:16,14.9,72,9.9,0.47,9.18
2025-10-22 15:16,14.6,72,9.6,0.47,9.01
2025-10-22 16:16,14.1,73,9.3,0.43,8.86
2025-10-22 17:16,13.5,73,8.8,0.42,8.54
2025-10-22 18:16,13.1,74,8.6,0.39,8.44
2025-10-22 19:16,13.1,76,9.0,0.36,8.67
2025-10-22 20:16,12.9,77,9.0,0.34,8.68
2025-10-22 21:16,12.7,78,9.0,0.32,8.68
2025-10-22 22:16,12.5,78,8.8,0.32,8.58
2025-10-22 23:16,12.2,78,8.5,0.31,8.42
2025-10-23 00:16,12.0,78,8.3,0.31,8.31
2025-10-23 01:16,11.9,78,8.2,0.31,8.26
2025-10-23 02:16,11.7,79,8.2,0.29,8.26
2025-10-23 03:16,11.4,79,7.9,0.28,8.11
2025-10-23 04:16,11.3,79,7.8,0.28,8.06
2025-10-23 05:16,11.1,79,7.6,0.28,7.96
2025-10-23 06:16,10.9,79,7.4,0.27,7.86
2025-10-23 07:16,11.0,81,7.9,0.25,8.11
2025-10-23 08:16,12.6,82,9.6,0.26,9.07
2025-10-23 09:16,14.5,80,11.1,0.33,9.95
2025-10-23 10:16,16.2,73,11.4,0.50,10.07
2025-10-23 11:16,18.9,67,12.6,0.72,10.85
2025-10-23 12:16,29.4,47,16.9,2.17,13.80
2025-10-23 13:16,36.4,30,16.0,4.25,12.75
2025-10-23 14:16,39.6,23,14.6,5.56,11.50
2025-10-23 15:16,38.7,20,11.7,5.50,9.56
2025-10-23 16:16,27.4,23,4.4,2.81,6.05
2025-10-23 17:16,20.4,33,3.6,1.61,5.84
2025-10-23 18:16,17.1,41,3.7,1.15,5.97
2025-10-23 19:16,15.3,47,4.0,0.92,6.14
2025-10-23 20:16,14.1,53,4.7,0.76,6.43
2025-10-23 21:16,13.1,57,4.8,0.65,6.50
2025-10-23 22:16,12.1,60,4.6,0.56,6.43
2025-10-23 23:16,11.3,63,4.5,0.50,6.43
2025-10-24 00:16,11.1,66,5.0,0.45,6.65
2025-10-24 01:16,11.1,67,5.2,0.44,6.75
2025-10-24 02:16,10.8,69,5.3,0.40,6.82
2025-10-24 03:16,11.1,70,5.8,0.40,7.05
2025-10-24 04:16,11.0,71,5.9,0.38,7.11
2025-10-24 05:16,11.0,72,6.1,0.37,7.21
2025-10-24 06:16,10.8,73,6.2,0.35,7.22
2025-10-24 07:16,11.0,75,6.7,0.33,7.51
2025-10-24 08:16,12.9,77,9.0,0.34,8.68
2025-10-24 09:16,16.2,73,11.4,0.50,10.07
2025-10-24 10:16,19.8,62,12.3,0.88,10.59
2025-10-24 11:16,23.7,54,13.8,1.35,11.55
2025-10-24 12:16,29.4,32,11.0,2.79,9.39
2025-10-24 13:16,22.8,33,5.7,1.86,6.71
2025-10-24 14:16,22.0,39,7.4,1.61,7.57
2025-10-24 15:16,20.3,40,6.2,1.43,7.03
2025-10-24 16:16,17.9,48,6.7,1.07,7.33
2025-10-24 17:16,16.4,54,7.1,0.86,7.54
2025-10-24 18:16,15.6,60,7.9,0.71,7.98
2025-10-24 19:16,15.3,63,8.3,0.64,8.23
2025-10-24 20:16,14.7,66,8.4,0.57,8.31
2025-10-24 21:16,14.3,68,8.5,0.52,8.35
2025-10-24 22:16,14.0,70,8.6,0.48,8.44
2025-10-24 23:16,13.7,71,8.5,0.45,8.41
2025-10-25 00:16,13.5,73,8.8,0.42,8.54
2025-10-25 01:16,13.3,74,8.8,0.40,8.55
2025-10-25 02:16,13.1,75,8.8,0.38,8.56
2025-10-25 03:16,13.0,76,8.9,0.36,8.62
2025-10-25 04:16,12.9,77,9.0,0.34,8.68
2025-10-25 05:16,12.9,78,9.2,0.33,8.79
2025-10-25 06:16,12.9,79,9.3,0.31,8.90
2025-10-25 07:16,12.9,79,9.3,0.31,8.90
2025-10-25 08:16,13.7,81,10.5,0.30,9.59
2025-10-25 09:16,14.0,81,10.8,0.30,9.77
2025-10-25 10:16,14.1,81,10.9,0.31,9.83
2025-10-25 11:16,14.6,82,11.6,0.30,10.26
2025-10-25 12:16,15.3,82,12.2,0.31,10.71
2025-10-25 13:16,15.2,81,12.0,0.33,10.51
2025-10-25 14:16,15.0,81,11.8,0.32,10.39
2025-10-25 15:16,15.1,81,11.9,0.33,10.45
2025-10-25 16:16,14.6,81,11.4,0.32,10.14
2025-10-25 17:16,14.3,82,11.3,0.29,10.07
2025-10-25 18:16,14.1,83,11.3,0.27,10.07
2025-10-25 19:16,14.1,83,11.3,0.27,10.07
2025-10-25 20:16,14.1,84,11.4,0.26,10.19
2025-10-25 21:16,14.1,84,11.4,0.26,10.19
2025-10-25 22:16,14.1,85,11.6,0.24,10.32
2025-10-25 23:16,14.1,85,11.6,0.24,10.32
2025-10-26 00:16,14.1,85,11.6,0.24,10.32
2025-10-26 01:16,14.1,85,11.6,0.24,10.32
2025-10-26 02:16,14.1,85,11.6,0.24,10.32
2025-10-26 03:16,14.2,86,11.9,0.23,10.50
2025-10-26 04:16,14.1,86,11.8,0.23,10.44
2025-10-26 05:16,14.0,86,11.7,0.22,10.37
2025-10-26 06:16,14.1,87,12.0,0.21,10.56
2025-10-26 07:16,14.2,87,12.1,0.21,10.62
2025-10-26 08:16,14.7,88,12.7,0.20,11.08
2025-10-26 09:16,15.1,88,13.1,0.21,11.35
2025-10-26 10:16,15.7,88,13.7,0.21,11.77
2025-10-26 11:16,16.3,89,14.5,0.20,12.35
2025-10-26 12:16,16.8,88,14.8,0.23,12.58
2025-10-26 13:16,17.0,88,15.0,0.23,12.73
2025-10-26 14:16,17.2,88,15.2,0.24,12.89
2025-10-26 15:16,17.4,88,15.4,0.24,13.04
2025-10-26 16:16,17.2,88,15.2,0.24,12.89
2025-10-26 17:16,16.8,88,14.8,0.23,12.58
2025-10-26 18:16,16.7,88,14.7,0.23,12.51
2025-10-26 19:16,16.7,89,14.9,0.21,12.65
2025-10-26 20:16,16.7,89,14.9,0.21,12.65
2025-10-26 21:16,16.7,89,14.9,0.21,12.65
2025-10-26 22:16,16.7,89,14.9,0.21,12.65
2025-10-26 23:16,16.4,89,14.6,0.21,12.42
2025-10-27 00:16,15.6,89,13.8,0.19,11.84
2025-10-27 01:16,15.0,89,13.2,0.19,11.41
2025-10-27 02:16,14.6,89,12.8,0.18,11.14
2025-10-27 03:16,14.6,90,13.0,0.17,11.26
2025-10-27 04:16,14.4,90,12.8,0.16,11.13
2025-10-27 05:16,14.5,90,12.9,0.17,11.19
2025-10-27 06:16,14.8,90,13.2,0.17,11.40
2025-10-27 07:16,15.0,90,13.4,0.17,11.54
2025-10-27 08:16,17.7,90,16.0,0.20,13.58
2025-10-27 09:16,20.4,82,17.2,0.43,14.51
2025-10-27 10:16,23.4,65,16.4,1.01,13.67
2025-10-27 11:16,28.0,55,18.1,1.70,14.96
2025-10-27 12:16,37.7,37,20.5,4.11,16.81
2025-10-27 13:16,34.9,26,12.5,4.14,10.22
2025-10-27 14:16,38.3,30,17.7,4.71,14.05
2025-10-27 15:16,39.7,22,14.0,5.66,11.06
2025-10-27 16:16,29.2,27,8.3,2.96,7.84
2025-10-27 17:16,23.9,35,7.5,1.93,7.57
2025-10-27 18:16,21.6,40,7.4,1.55,7.59
2025-10-27 19:16,20.1,42,6.8,1.36,7.30
2025-10-27 20:16,19.1,45,6.9,1.22,7.38
2025-10-27 21:16,18.1,48,6.9,1.08,7.42
2025-10-27 22:16,17.5,50,7.0,1.00,7.45
2025-10-27 23:16,16.9,51,6.7,0.94,7.34
2025-10-28 00:16,16.1,53,6.5,0.86,7.26
2025-10-28 01:16,15.3,55,6.3,0.78,7.18
2025-10-28 02:16,14.9,54,5.7,0.78,6.88
2025-10-28 03:16,14.5,54,5.3,0.76,6.72
2025-10-28 04:16,13.9,55,5.0,0.71,6.59
2025-10-28 05:16,13.4,57,5.0,0.66,6.63
2025-10-28 06:16,13.2,58,5.1,0.64,6.66
2025-10-28 07:16,13.2,59,5.4,0.62,6.77
2025-10-28 08:16,15.5,57,7.0,0.76,7.53
2025-10-28 09:16,18.2,51,7.9,1.02,7.93
2025-10-28 10:16,21.5,45,9.1,1.41,8.49
2025-10-28 11:16,25.9,41,11.6,1.97,9.93
2025-10-28 12:16,35.1,27,13.3,4.13,10.73
2025-10-28 13:16,39.5,20,12.4,5.74,9.95
2025-10-28 14:16,40.4,16,9.7,6.33,8.33
2025-10-28 15:16,33.2,19,6.5,4.12,6.84
2025-10-28 16:16,24.2,23,1.7,2.33,5.06
2025-10-28 17:16,20.0,28,0.9,1.68,4.84
2025-10-28 18:16,17.9,32,1.0,1.39,4.89
2025-10-28 19:16,16.1,35,0.6,1.19,4.80
2025-10-28 20:16,14.7,38,0.5,1.04,4.78
2025-10-28 21:16,14.0,41,0.9,0.94,4.95
2025-10-28 22:16,13.7,42,1.0,0.91,4.97
2025-10-28 23:16,13.1,43,0.8,0.86,4.91
2025-10-29 00:16,12.5,45,0.9,0.80,4.95
2025-10-29 01:16,12.3,46,1.0,0.77,4.99
2025-10-29 02:16,11.7,48,1.0,0.72,5.02
2025-10-29 03:16,10.9,49,0.6,0.67,4.87
2025-10-29 04:16,10.3,51,0.6,0.61,4.88
2025-10-29 05:16,10.0,52,0.6,0.59,4.89
2025-10-29 06:16,10.1,52,0.7,0.59,4.92
2025-10-29 07:16,10.8,52,1.3,0.62,5.14
2025-10-29 08:16,12.7,52,3.1,0.70,5.79
2025-10-29 09:16,16.3,48,5.3,0.96,6.66
2025-10-29 10:16,18.6,43,5.8,1.22,6.84
2025-10-29 11:16,24.3,44,11.3,1.70,9.74
2025-10-29 12:16,30.9,31,11.8,3.08,9.87
2025-10-29 13:16,32.5,25,9.9,3.67,8.67
2025-10-29 14:16,29.0,24,6.4,3.04,6.89
2025-10-29 15:16,26.9,26,5.8,2.62,6.65
2025-10-29 16:16,21.0,29,2.3,1.77,5.31
2025-10-29 17:16,17.1,35,1.5,1.27,5.09
2025-10-29 18:16,15.2,41,2.0,1.02,5.32
2025-10-29 19:16,13.7,45,2.0,0.86,5.33
2025-10-29 20:16,12.7,50,2.5,0.73,5.57
2025-10-29 21:16,12.1,53,2.8,0.66,5.68
2025-10-29 22:16,11.3,57,3.1,0.58,5.81
2025-10-29 23:16,11.2,60,3.7,0.53,6.08
2025-10-30 00:16,11.4,62,4.4,0.51,6.36
2025-10-30 01:16,11.2,63,4.4,0.49,6.39
2025-10-30 02:16,11.2,64,4.6,0.48,6.49
2025-10-30 03:16,11.3,64,4.7,0.48,6.53
2025-10-30 04:16,11.1,65,4.8,0.46,6.55
2025-10-30 05:16,10.1,65,3.8,0.43,6.15
2025-10-30 06:16,9.8,66,3.7,0.41,6.12
2025-10-30 07:16,10.3,69,4.9,0.39,6.61
2025-10-30 08:16,12.5,70,7.2,0.43,7.70
2025-10-30 09:16,16.1,64,9.3,0.66,8.77
2025-10-30 10:16,19.4,56,10.4,0.99,9.34
2025-10-30 11:16,23.3,51,12.6,1.40,10.66
2025-10-30 12:16,32.9,34,15.0,3.30,12.04
2025-10-30 13:16,37.7,24,13.7,4.95,10.90
2025-10-30 14:16,39.6,21,13.2,5.70,10.50
2025-10-30 15:16,37.9,19,10.3,5.34,8.72
2025-10-30 16:16,25.7,24,3.6,2.51,5.75
2025-10-30 17:16,19.9,31,2.3,1.60,5.33
2025-10-30 18:16,16.9,39,2.8,1.17,5.61
2025-10-30 19:16,14.9,46,3.4,0.91,5.86
2025-10-30 20:16,13.4,51,3.5,0.75,5.93
2025-10-30 21:16,12.2,55,3.4,0.64,5.93
2025-10-30 22:16,12.0,59,4.2,0.58,6.29
2025-10-30 23:16,11.9,61,4.6,0.54,6.46
2025-10-31 00:16,11.7,63,4.9,0.51,6.59
2025-10-31 01:16,11.9,65,5.5,0.49,6.88
2025-10-31 02:16,12.0,66,5.8,0.48,7.03
2025-10-31 03:16,12.1,67,6.2,0.47,7.18
2025-10-31 04:16,11.9,67,6.0,0.46,7.10
2025-10-31 05:16,12.0,68,6.3,0.45,7.25
2025-10-31 06:16,12.0,68,6.3,0.45,7.25
2025-10-31 07:16,12.5,69,7.0,0.45,7.59
2025-10-31 08:16,14.1,70,8.7,0.48,8.50
2025-10-31 09:16,15.1,69,9.5,0.53,8.90
2025-10-31 10:16,16.5,67,10.3,0.62,9.41
2025-10-31 11:16,17.8,62,10.4,0.77,9.41
2025-10-31 12:16,18.1,61,10.5,0.81,9.43
2025-10-31 13:16,17.9,57,9.3,0.88,8.70
2025-10-31 14:16,17.7,58,9.3,0.85,8.75
2025-10-31 15:16,17.4,58,9.0,0.83,8.60
2025-10-31 16:16,17.0,59,8.9,0.79,8.54
2025-10-31 17:16,16.1,65,9.5,0.64,8.91
2025-10-31 18:16,15.5,70,10.0,0.53,9.25
2025-10-31 19:16,15.2,72,10.2,0.48,9.35
2025-10-31 20:16,14.9,74,10.3,0.44,9.43
2025-10-31 21:16,14.4,77,10.4,0.38,9.52
2025-10-31 22:16,13.8,78,10.0,0.35,9.29
2025-10-31 23:16,13.6,80,10.2,0.31,9.42
2025-11-01 00:16,13.7,81,10.5,0.30,9.59
2025-11-01 01:16,13.6,82,10.6,0.28,9.65
2025-11-01 02:16,13.8,83,11.0,0.27,9.89
2025-11-01 03:16,13.7,83,10.9,0.27,9.83
2025-11-01 04:16,12.9,82,9.9,0.27,9.24
2025-11-01 05:16,12.3,82,9.3,0.26,8.90
2025-11-01 06:16,12.0,83,9.2,0.24,8.85
2025-11-01 07:16,12.9,83,10.1,0.25,9.35
2025-11-01 08:16,15.7,85,13.2,0.27,11.37
2025-11-01 09:16,18.2,81,14.9,0.40,12.59
2025-11-01 10:16,19.2,77,15.1,0.51,12.70
2025-11-01 11:16,20.8,70,15.1,0.74,12.67
2025-11-01 12:16,22.8,62,15.1,1.05,12.60
2025-11-01 13:16,24.0,58,15.2,1.25,12.62
2025-11-01 14:16,26.1,49,14.5,1.72,12.00
2025-11-01 15:16,34.1,38,17.8,3.32,14.33
2025-11-01 16:16,25.5,36,9.3,2.09,8.52
2025-11-01 17:16,21.2,45,8.8,1.38,8.34
2025-11-01 18:16,18.5,50,7.9,1.06,7.91
2025-11-01 19:16,16.7,56,7.9,0.84,7.96
2025-11-01 20:16,15.4,61,7.9,0.68,8.01
2025-11-01 21:16,14.3,65,7.8,0.57,7.99
2025-11-01 22:16,13.3,67,7.3,0.50,7.74
2025-11-01 23:16,12.8,70,7.5,0.44,7.84
2025-11-02 00:16,12.5,71,7.4,0.42,7.81
2025-11-02 01:16,12.1,72,7.2,0.40,7.72
2025-11-02 02:16,11.6,74,7.1,0.36,7.69
2025-11-02 03:16,11.2,74,6.7,0.35,7.50
2025-11-02 04:16,10.9,75,6.6,0.33,7.46
2025-11-02 05:16,10.6,76,6.5,0.31,7.42
2025-11-02 06:16,10.3,77,6.4,0.29,7.37
2025-11-02 07:16,10.5,78,6.8,0.28,7.57
2025-11-02 08:16,11.9,80,8.6,0.28,8.47
2025-11-02 09:16,15.2,82,12.1,0.31,10.64
2025-11-02 10:16,17.6,78,13.7,0.44,11.70
2025-11-02 11:16,20.6,69,14.7,0.75,12.35
2025-11-02 12:16,24.5,57,15.4,1.32,12.76
2025-11-02 13:16,24.9,47,12.8,1.67,10.76
2025-11-02 14:16,24.5,44,11.4,1.72,9.85
2025-11-02 15:16,31.9,34,14.1,3.12,11.42
2025-11-02 16:16,24.3,36,8.3,1.94,7.97
2025-11-02 17:16,19.8,44,7.2,1.29,7.52
2025-11-02 18:16,17.1,51,6.9,0.96,7.42
2025-11-02 19:16,15.4,57,6.9,0.75,7.49
2025-11-02 20:16,14.1,62,6.9,0.61,7.52
2025-11-02 21:16,13.3,65,6.9,0.53,7.51
2025-11-02 22:16,12.7,67,6.7,0.48,7.46
2025-11-02 23:16,12.1,69,6.6,0.44,7.40
2025-11-03 00:16,11.3,71,6.2,0.39,7.24
2025-11-03 01:16,10.7,72,5.9,0.36,7.07
2025-11-03 02:16,10.1,73,5.5,0.33,6.90
2025-11-03 03:16,9.8,74,5.4,0.32,6.87
2025-11-03 04:16,9.3,75,5.1,0.29,6.74
2025-11-03 05:16,9.0,76,5.0,0.28,6.70
2025-11-03 06:16,8.8,77,5.0,0.26,6.70
2025-11-03 07:16,9.0,78,5.4,0.25,6.88
2025-11-03 08:16,10.3,80,7.0,0.25,7.66
2025-11-03 09:16,11.7,81,8.5,0.26,8.47
2025-11-03 10:16,14.3,80,10.9,0.33,9.83
2025-11-03 11:16,20.6,66,14.0,0.83,11.81
2025-11-03 12:16,32.2,31,12.9,3.32,10.58
2025-11-03 13:16,32.0,21,6.9,3.76,7.09
2025-11-03 14:16,32.2,22,7.8,3.75,7.51
2025-11-03 15:16,30.6,20,5.1,3.51,6.26
2025-11-03 16:16,18.9,28,0.0,1.57,4.54
2025-11-03 17:16,15.3,36,0.3,1.11,4.70
2025-11-03 18:16,13.6,42,0.9,0.90,4.94
2025-11-03 19:16,13.1,46,1.7,0.81,5.25
2025-11-03 20:16,12.5,48,1.8,0.75,5.28
2025-11-03 21:16,12.0,50,1.9,0.70,5.33
2025-11-03 22:16,11.2,51,1.4,0.65,5.17
2025-11-03 23:16,10.2,53,1.0,0.58,5.04
2025-11-04 00:16,10.4,54,1.5,0.58,5.20
2025-11-04 01:16,10.4,53,1.2,0.59,5.11
2025-11-04 02:16,9.4,54,0.5,0.54,4.88
2025-11-04 03:16,8.2,56,-0.1,0.48,4.69
2025-11-04 04:16,7.6,59,0.1,0.43,4.75
2025-11-04 05:16,7.0,60,-0.2,0.40,4.65
2025-11-04 06:16,6.5,62,-0.3,0.37,4.65
2025-11-04 07:16,6.5,65,0.4,0.34,4.87
2025-11-04 08:16,9.7,68,4.1,0.39,6.27
2025-11-04 09:16,13.9,65,7.4,0.56,7.79
2025-11-04 10:16,17.8,57,9.2,0.88,8.65
2025-11-04 11:16,23.1,52,12.7,1.36,10.75
2025-11-04 12:16,34.0,30,14.0,3.72,11.26
2025-11-04 13:16,37.3,21,11.3,5.04,9.35
2025-11-04 14:16,39.0,17,9.5,5.80,8.25
2025-11-04 15:16,29.9,17,2.2,3.50,5.13
2025-11-04 16:16,21.0,24,-0.4,1.89,4.40
2025-11-04 17:16,16.5,31,-0.7,1.30,4.35
2025-11-04 18:16,14.2,38,0.1,1.00,4.64
2025-11-04 19:16,12.7,43,0.4,0.84,4.79
2025-11-04 20:16,11.4,49,1.1,0.69,5.03
2025-11-04 21:16,10.6,52,1.1,0.61,5.08
2025-11-04 22:16,10.3,55,1.6,0.56,5.27
2025-11-04 23:16,9.7,58,1.8,0.51,5.35
2025-11-05 00:16,9.4,60,2.0,0.47,5.43
2025-11-05 01:16,9.1,61,2.0,0.45,5.41
2025-11-05 02:16,8.9,63,2.2,0.42,5.52
2025-11-05 03:16,8.7,64,2.3,0.40,5.53
2025-11-05 04:16,8.4,65,2.2,0.39,5.51
2025-11-05 05:16,7.8,66,1.8,0.36,5.39
2025-11-05 06:16,7.2,67,1.5,0.34,5.26
2025-11-05 07:16,7.5,69,2.2,0.32,5.52
2025-11-05 08:16,8.9,71,3.9,0.33,6.22
2025-11-05 09:16,11.3,71,6.2,0.39,7.24
2025-11-05 10:16,13.7,69,8.1,0.49,8.17
2025-11-05 11:16,16.4,64,9.6,0.67,8.93
2025-11-05 12:16,18.3,57,9.6,0.90,8.91
2025-11-05 13:16,18.7,50,8.1,1.08,8.01
2025-11-05 14:16,17.6,48,6.5,1.05,7.20
2025-11-05 15:16,16.6,50,6.1,0.94,7.06
2025-11-05 16:16,15.4,53,5.9,0.82,6.96
2025-11-05 17:16,14.3,54,5.1,0.75,6.63
2025-11-05 18:16,13.5,58,5.4,0.65,6.78
2025-11-05 19:16,13.2,61,5.8,0.59,7.00
2025-11-05 20:16,12.7,64,6.1,0.53,7.12
2025-11-05 21:16,12.7,66,6.5,0.50,7.35
2025-11-05 22:16,12.6,66,6.4,0.50,7.30
2025-11-05 23:16,12.3,66,6.1,0.49,7.17
2025-11-06 00:16,12.1,67,6.2,0.47,7.18
2025-11-06 01:16,12.2,68,6.5,0.45,7.34
2025-11-06 02:16,12.3,68,6.6,0.46,7.38
2025-11-06 03:16,12.4,69,6.9,0.45,7.54
2025-11-06 04:16,12.4,69,6.9,0.45,7.54
2025-11-06 05:16,12.4,69,6.9,0.45,7.54
2025-11-06 06:16,12.5,69,7.0,0.45,7.59
2025-11-06 07:16,12.7,70,7.4,0.44,7.79
2025-11-06 08:16,13.7,70,8.3,0.47,8.29
2025-11-06 09:16,15.1,69,9.5,0.53,8.90
2025-11-06 10:16,17.8,67,11.6,0.67,10.17
2025-11-06 11:16,19.6,60,11.6,0.91,10.13
2025-11-06 12:16,20.1,56,11.0,1.04,9.73
2025-11-06 13:16,23.8,57,14.8,1.27,12.26
2025-11-06 14:16,26.6,42,12.6,2.02,10.57
2025-11-06 15:16,24.7,42,10.9,1.80,9.51
2025-11-06 16:16,21.7,45,9.2,1.43,8.58
2025-11-06 17:16,18.7,51,8.4,1.06,8.17
2025-11-06 18:16,16.7,56,7.9,0.84,7.96
2025-11-06 19:16,15.6,61,8.1,0.69,8.11
2025-11-06 20:16,15.2,58,7.0,0.73,7.53
2025-11-06 21:16,14.9,54,5.7,0.78,6.88
2025-11-06 22:16,14.5,55,5.6,0.74,6.84
2025-11-06 23:16,14.0,56,5.4,0.70,6.75
2025-11-07 00:16,14.0,55,5.1,0.72,6.63
2025-11-07 01:16,13.5,56,4.9,0.68,6.55
2025-11-07 02:16,13.4,55,4.5,0.69,6.39
2025-11-07 03:16,13.4,55,4.5,0.69,6.39
2025-11-07 04:16,13.6,55,4.7,0.70,6.47
2025-11-07 05:16,13.9,53,4.5,0.75,6.35
2025-11-07 06:16,12.9,54,3.8,0.68,6.09
2025-11-07 07:16,12.4,57,4.1,0.62,6.23
2025-11-07 08:16,14.3,63,7.3,0.60,7.74
2025-11-07 09:16,18.9,57,10.2,0.94,9.23
2025-11-07 10:16,22.2,44,9.4,1.50,8.64
2025-11-07 11:16,26.5,40,11.8,2.08,10.01
2025-11-07 12:16,34.5,26,12.2,4.05,10.01
2025-11-07 13:16,35.8,18,7.8,4.82,7.42
2025-11-07 14:16,35.4,18,7.5,4.71,7.27
2025-11-07 15:16,27.8,16,-0.3,3.14,4.30
2025-11-07 16:16,20.2,23,-1.6,1.82,4.02
2025-11-07 17:16,17.5,26,-2.2,1.48,3.88
2025-11-07 18:16,15.9,30,-1.7,1.26,4.06
2025-11-07 19:16,15.1,32,-1.5,1.17,4.13
2025-11-07 20:16,13.9,35,-1.3,1.03,4.20
2025-11-07 21:16,13.1,37,-1.3,0.95,4.22
2025-11-07 22:16,12.3,40,-0.9,0.86,4.34
2025-11-07 23:16,11.7,42,-0.8,0.80,4.39
2025-11-08 00:16,11.1,44,-0.7,0.74,4.43
2025-11-08 01:16,10.6,47,-0.3,0.68,4.59
2025-11-08 02:16,10.2,49,-0.1,0.63,4.66
2025-11-08 03:16,9.8,51,0.1,0.59,4.73
2025-11-08 04:16,9.5,52,0.1,0.57,4.73
2025-11-08 05:16,9.6,55,1.0,0.54,5.04
2025-11-08 06:16,9.8,56,1.4,0.53,5.20
2025-11-08 07:16,10.0,57,1.9,0.53,5.36
2025-11-08 08:16,11.8,58,3.8,0.58,6.10
2025-11-08 09:16,14.0,58,5.9,0.67,7.00
2025-11-08 10:16,17.0,49,6.2,0.99,7.09
2025-11-08 11:16,22.7,46,10.5,1.49,9.29
2025-11-08 12:16,32.9,28,12.0,3.60,9.91
2025-11-08 13:16,35.8,20,9.3,4.70,8.24
2025-11-08 14:16,34.1,17,5.6,4.44,6.41
2025-11-08 15:16,25.2,20,0.6,2.56,4.66
2025-11-08 16:16,19.6,27,0.1,1.67,4.56
2025-11-08 17:16,16.6,34,0.7,1.25,4.80
2025-11-08 18:16,15.2,41,2.0,1.02,5.32
2025-11-08 19:16,14.4,45,2.6,0.90,5.56
2025-11-08 20:16,13.8,48,3.0,0.82,5.72
2025-11-08 21:16,13.3,50,3.1,0.76,5.78
2025-11-08 22:16,12.8,53,3.4,0.69,5.94
2025-11-08 23:16,12.6,55,3.8,0.66,6.08
2025-11-09 00:16,12.6,57,4.3,0.63,6.31
2025-11-09 01:16,12.5,59,4.7,0.59,6.49
2025-11-09 02:16,12.4,61,5.1,0.56,6.66
2025-11-09 03:16,12.3,62,5.2,0.54,6.73
2025-11-09 04:16,12.2,62,5.1,0.54,6.69
2025-11-09 05:16,12.2,63,5.4,0.53,6.80
2025-11-09 06:16,11.9,64,5.3,0.50,6.78
2025-11-09 07:16,11.7,66,5.6,0.47,6.90
2025-11-09 08:16,12.0,67,6.1,0.46,7.14
2025-11-09 09:16,12.4,68,6.7,0.46,7.43
2025-11-09 10:16,12.8,68,7.0,0.47,7.62
2025-11-09 11:16,13.3,71,8.1,0.44,8.20
2025-11-09 12:16,13.6,71,8.4,0.45,8.36
2025-11-09 13:16,13.6,71,8.4,0.45,8.36
2025-11-09 14:16,13.4,73,8.7,0.42,8.49
2025-11-09 15:16,13.5,74,9.0,0.40,8.66
2025-11-09 16:16,13.3,75,9.0,0.38,8.66
2025-11-09 17:16,12.8,75,8.5,0.37,8.40
2025-11-09 18:16,12.6,76,8.5,0.35,8.41
2025-11-09 19:16,12.7,77,8.8,0.34,8.57
2025-11-09 20:16,12.7,77,8.8,0.34,8.57
2025-11-09 21:16,12.7,78,9.0,0.32,8.68
2025-11-09 22:16,12.6,79,9.1,0.31,8.74
2025-11-09 23:16,12.0,79,8.5,0.29,8.42
2025-11-10 00:16,11.7,79,8.2,0.29,8.26
2025-11-10 01:16,11.2,80,7.9,0.27,8.11
2025-11-10 02:16,10.9,80,7.6,0.26,7.96
2025-11-10 03:16,10.9,81,7.8,0.25,8.06
2025-11-10 04:16,11.3,82,8.3,0.24,8.36
2025-11-10 05:16,12.1,82,9.1,0.25,8.79
2025-11-10 06:16,12.5,82,9.5,0.26,9.02
2025-11-10 07:16,12.6,79,9.1,0.31,8.74
2025-11-10 08:16,14.2,75,9.8,0.40,9.16
2025-11-10 09:16,18.4,72,13.3,0.59,11.32
2025-11-10 10:16,22.0,63,14.6,0.98,12.23
2025-11-10 11:16,27.4,54,17.3,1.68,14.21
2025-11-10 12:16,24.0,34,7.2,1.97,7.40
2025-11-10 13:16,27.3,39,12.1,2.21,10.20
2025-11-10 14:16,29.6,25,7.5,3.11,7.42
2025-11-10 15:16,24.1,24,2.3,2.28,5.25
2025-11-10 16:16,18.1,30,0.2,1.45,4.64
2025-11-10 17:16,15.4,36,0.4,1.12,4.73
2025-11-10 18:16,13.8,41,0.8,0.93,4.89
2025-11-10 19:16,12.5,44,0.6,0.81,4.84
2025-11-10 20:16,11.2,48,0.6,0.69,4.87
2025-11-10 21:16,10.7,51,1.0,0.63,5.01
2025-11-10 22:16,10.2,53,1.0,0.58,5.04
2025-11-10 23:16,9.6,56,1.2,0.53,5.13
2025-11-11 00:16,9.3,57,1.2,0.50,5.12
2025-11-11 01:16,9.0,59,1.4,0.47,5.20
2025-11-11 02:16,9.1,60,1.7,0.46,5.32
2025-11-11 03:16,9.2,60,1.8,0.47,5.36
2025-11-11 04:16,9.1,59,1.5,0.47,5.23
2025-11-11 05:16,8.5,60,1.2,0.44,5.12
2025-11-11 06:16,8.4,61,1.3,0.43,5.17
2025-11-11 07:16,8.4,61,1.3,0.43,5.17
2025-11-11 08:16,10.2,62,3.2,0.47,5.90
2025-11-11 09:16,11.8,60,4.3,0.55,6.31
2025-11-11 10:16,13.9,55,5.0,0.71,6.59
2025-11-11 11:16,15.9,48,4.9,0.94,6.50
2025-11-11 12:16,17.4,43,4.7,1.13,6.37
2025-11-11 13:16,22.9,37,7.4,1.76,7.56
2025-11-11 14:16,19.8,35,3.9,1.50,5.98
2025-11-11 15:16,18.2,32,1.2,1.42,4.97
2025-11-11 16:16,16.3,31,-0.9,1.28,4.30
2025-11-11 17:16,14.6,34,-1.1,1.10,4.25
2025-11-11 18:16,13.2,38,-0.8,0.94,4.36
2025-11-11 19:16,12.2,41,-0.7,0.84,4.42
2025-11-11 20:16,11.2,44,-0.6,0.74,4.46
2025-11-11 21:16,10.4,48,-0.2,0.66,4.63
2025-11-11 22:16,9.8,51,0.1,0.59,4.73
2025-11-11 23:16,9.8,53,0.7,0.57,4.92
2025-11-12 00:16,9.3,54,0.5,0.54,4.85
2025-11-12 01:16,8.7,55,0.2,0.51,4.76
2025-11-12 02:16,7.9,57,-0.1,0.46,4.68
2025-11-12 03:16,7.1,58,-0.6,0.42,4.52
2025-11-12 04:16,6.3,59,-1.1,0.39,4.37
2025-11-12 05:16,5.9,61,-1.1,0.36,4.40
2025-11-12 06:16,5.8,62,-0.9,0.35,4.44
2025-11-12 07:16,6.7,61,-0.3,0.38,4.63
2025-11-12 08:16,9.6,64,3.1,0.43,5.86
2025-11-12 09:16,13.5,60,5.9,0.62,7.02
2025-11-12 10:16,17.4,51,7.2,0.97,7.56
2025-11-12 11:16,22.0,44,9.2,1.48,8.54
2025-11-12 12:16,29.9,33,11.9,2.83,9.95
2025-11-12 13:16,31.8,22,7.5,3.67,7.35
2025-11-12 14:16,28.6,21,4.1,3.09,5.90
2025-11-12 15:16,23.0,21,-0.5,2.22,4.32
2025-11-12 16:16,17.8,28,-1.0,1.47,4.25
2025-11-12 17:16,14.5,32,-2.0,1.12,3.98
2025-11-12 18:16,12.1,37,-2.2,0.89,3.97
2025-11-12 19:16,10.7,42,-1.7,0.75,4.13
2025-11-12 20:16,9.7,46,-1.4,0.65,4.24
2025-11-12 21:16,8.7,51,-0.9,0.55,4.41
2025-11-12 22:16,8.6,54,-0.2,0.51,4.64
2025-11-12 23:16,8.7,57,0.6,0.48,4.93
2025-11-13 00:16,8.6,58,0.8,0.47,4.98
2025-11-13 01:16,8.4,60,1.1,0.44,5.09
2025-11-13 02:16,8.1,61,1.0,0.42,5.08
2025-11-13 03:16,7.9,62,1.1,0.40,5.09
2025-11-13 04:16,7.6,63,1.0,0.39,5.08
2025-11-13 05:16,7.4,64,1.0,0.37,5.09
2025-11-13 06:16,7.2,66,1.3,0.35,5.18
2025-11-13 07:16,7.3,68,1.8,0.33,5.37
2025-11-13 08:16,8.1,69,2.7,0.33,5.74
2025-11-13 09:16,9.1,69,3.7,0.36,6.12
2025-11-13 10:16,10.6,69,5.1,0.40,6.73
2025-11-13 11:16,12.5,67,6.5,0.48,7.37
2025-11-13 12:16,13.5,62,6.4,0.59,7.25
2025-11-13 13:16,14.0,59,6.1,0.66,7.12
2025-11-13 14:16,14.2,57,5.8,0.70,6.96
2025-11-13 15:16,13.8,57,5.4,0.68,6.79
2025-11-13 16:16,12.8,58,4.7,0.62,6.50
2025-11-13 17:16,12.0,60,4.5,0.56,6.39
2025-11-13 18:16,11.4,63,4.6,0.50,6.47
2025-11-13 19:16,10.8,66,4.7,0.44,6.52
2025-11-13 20:16,10.4,68,4.7,0.40,6.55
2025-11-13 21:16,10.1,69,4.7,0.38,6.52
2025-11-13 22:16,9.5,70,4.3,0.36,6.37
2025-11-13 23:16,8.9,71,3.9,0.33,6.22
2025-11-14 00:16,8.5,71,3.5,0.32,6.06
2025-11-14 01:16,7.7,72,3.0,0.29,5.84
2025-11-14 02:16,7.1,73,2.6,0.27,5.69
2025-11-14 03:16,6.7,74,2.4,0.26,5.62
2025-11-14 04:16,6.1,74,1.8,0.24,5.41
2025-11-14 05:16,5.5,75,1.4,0.23,5.27
2025-11-14 06:16,5.3,75,1.2,0.22,5.20
2025-11-14 07:16,5.5,76,1.6,0.22,5.34
2025-11-14 08:16,8.2,79,4.8,0.23,6.62
2025-11-14 09:16,12.7,80,9.3,0.29,8.91
2025-11-14 10:16,17.5,73,12.6,0.54,10.88
2025-11-14 11:16,24.3,65,17.3,1.06,14.38
2025-11-14 12:16,34.8,32,15.7,3.78,12.52
2025-11-14 13:16,38.8,23,13.9,5.33,11.05
2025-11-14 14:16,33.1,19,6.4,4.10,6.80
2025-11-14 15:16,24.1,26,3.4,2.22,5.69
2025-11-14 16:16,20.5,31,2.8,1.66,5.52
2025-11-14 17:16,18.4,34,2.2,1.40,5.35
2025-11-14 18:16,17.1,35,1.5,1.27,5.09
2025-11-14 19:16,16.1,37,1.4,1.15,5.07
2025-11-14 20:16,15.5,38,1.2,1.09,5.02
2025-11-14 21:16,14.7,40,1.2,1.00,5.04
2025-11-14 22:16,14.3,41,1.2,0.96,5.04
2025-11-14 23:16,14.0,43,1.6,0.91,5.19
2025-11-15 00:16,13.4,46,2.0,0.83,5.35
2025-11-15 01:16,13.1,47,2.0,0.80,5.36
2025-11-15 02:16,12.9,49,2.4,0.76,5.52
2025-11-15 03:16,12.4,50,2.3,0.72,5.46
2025-11-15 04:16,12.0,51,2.2,0.69,5.44
2025-11-15 05:16,11.3,54,2.3,0.62,5.51
2025-11-15 06:16,10.9,55,2.2,0.59,5.47
2025-11-15 07:16,10.8,57,2.6,0.56,5.63
2025-11-15 08:16,12.0,59,4.2,0.58,6.29
2025-11-15 09:16,15.3,56,6.6,0.76,7.31
2025-11-15 10:16,18.9,51,8.5,1.07,8.26
2025-11-15 11:16,24.0,47,12.0,1.58,10.23
2025-11-15 12:16,34.1,28,13.0,3.85,10.56
2025-11-15 13:16,38.0,20,11.1,5.30,9.23
2025-11-15 14:16,39.1,16,8.7,5.90,7.80
2025-11-15 15:16,29.0,15,-0.3,3.40,4.31
2025-11-15 16:16,21.2,23,-0.8,1.94,4.26
2025-11-15 17:16,17.3,30,-0.5,1.38,4.42
2025-11-15 18:16,14.9,37,0.3,1.07,4.72
2025-11-15 19:16,13.4,42,0.7,0.89,4.88
2025-11-15 20:16,12.1,46,0.8,0.76,4.93
2025-11-15 21:16,11.7,48,1.0,0.72,5.02
2025-11-15 22:16,11.1,50,1.1,0.66,5.04
2025-11-15 23:16,10.3,52,0.9,0.60,4.98
2025-11-16 00:16,9.9,52,0.5,0.59,4.86
2025-11-16 01:16,9.6,54,0.7,0.55,4.95
2025-11-16 02:16,9.5,56,1.1,0.52,5.10
2025-11-16 03:16,9.4,57,1.3,0.51,5.16
2025-11-16 04:16,9.3,57,1.2,0.50,5.12
2025-11-16 05:16,9.4,58,1.5,0.50,5.25
2025-11-16 06:16,9.1,59,1.5,0.47,5.23
2025-11-16 07:16,9.3,61,2.2,0.46,5.48
2025-11-16 08:16,10.1,62,3.1,0.47,5.86
2025-11-16 09:16,11.8,62,4.7,0.53,6.53
2025-11-16 10:16,16.1,60,8.3,0.73,8.22
2025-11-16 11:16,22.2,55,12.7,1.20,10.80
2025-11-16 12:16,32.8,34,14.9,3.28,11.98
2025-11-16 13:16,34.3,22,9.5,4.22,8.39
2025-11-16 14:16,25.9,26,4.9,2.47,6.29
2025-11-16 15:16,21.9,32,4.4,1.79,6.17
2025-11-16 16:16,19.2,38,4.5,1.38,6.27
2025-11-16 17:16,16.8,43,4.1,1.09,6.15
2025-11-16 18:16,15.7,47,4.4,0.95,6.29
2025-11-16 19:16,15.3,52,5.5,0.83,6.79
2025-11-16 20:16,15.0,54,5.8,0.78,6.92
2025-11-16 21:16,14.4,57,6.0,0.71,7.05
2025-11-16 22:16,13.8,59,5.9,0.65,7.03
2025-11-16 23:16,13.0,60,5.4,0.60,6.80
2025-11-17 00:16,12.2,62,5.1,0.54,6.69
2025-11-17 01:16,11.4,63,4.6,0.50,6.47
2025-11-17 02:16,10.4,64,3.9,0.45,6.17
2025-11-17 03:16,9.4,66,3.4,0.40,5.97
2025-11-17 04:16,8.6,67,2.8,0.37,5.76
2025-11-17 05:16,8.0,68,2.4,0.34,5.62
2025-11-17 06:16,7.4,69,2.1,0.32,5.49
2025-11-17 07:16,7.1,70,2.0,0.30,5.46
2025-11-17 08:16,9.3,74,4.9,0.30,6.65
2025-11-17 09:16,13.5,74,9.0,0.40,8.66
2025-11-17 10:16,18.4,68,12.4,0.68,10.70
2025-11-17 11:16,24.1,61,16.1,1.17,13.35
2025-11-17 12:16,35.6,32,16.4,3.95,13.05
2025-11-17 13:16,40.2,23,15.1,5.74,11.85
2025-11-17 14:16,41.8,19,13.5,6.57,10.60
2025-11-17 15:16,31.0,21,6.1,3.55,6.72
2025-11-17 16:16,23.6,30,5.0,2.04,6.38
2025-11-17 17:16,19.6,37,4.5,1.44,6.25
2025-11-17 18:16,17.2,43,4.5,1.12,6.30
2025-11-17 19:16,15.6,48,4.6,0.92,6.38
2025-11-17 20:16,15.6,50,5.2,0.89,6.65
2025-11-17 21:16,15.4,49,4.7,0.89,6.44
2025-11-17 22:16,14.8,48,3.9,0.88,6.08
2025-11-17 23:16,14.5,47,3.3,0.88,5.85
2025-11-18 00:16,14.2,47,3.0,0.86,5.74
2025-11-18 01:16,13.6,47,2.5,0.83,5.53
2025-11-18 02:16,13.0,47,1.9,0.79,5.33
2025-11-18 03:16,12.4,48,1.7,0.75,5.24
2025-11-18 04:16,12.1,48,1.4,0.73,5.15
2025-11-18 05:16,11.5,48,0.9,0.71,4.96
2025-11-18 06:16,11.2,48,0.6,0.69,4.87
2025-11-18 07:16,11.3,48,0.7,0.70,4.90
2025-11-18 08:16,11.6,48,0.9,0.71,4.99
2025-11-18 09:16,12.4,48,1.7,0.75,5.24
2025-11-18 10:16,12.8,46,1.5,0.80,5.15
2025-11-18 11:16,14.4,46,2.9,0.89,5.69
2025-11-18 12:16,15.9,41,2.7,1.07,5.55
2025-11-18 13:16,18.8,36,3.4,1.39,5.80
2025-11-18 14:16,19.4,34,3.1,1.49,5.67
2025-11-18 15:16,16.1,32,-0.6,1.24,4.39
2025-11-18 16:16,14.3,33,-1.8,1.09,4.05
2025-11-18 17:16,12.7,35,-2.4,0.95,3.90
2025-11-18 18:16,11.4,38,-2.4,0.84,3.90
2025-11-18 19:16,10.6,40,-2.5,0.77,3.90
2025-11-18 20:16,9.6,42,-2.7,0.69,3.85
2025-11-18 21:16,8.6,45,-2.7,0.61,3.87
2025-11-18 22:16,7.6,47,-3.0,0.55,3.79
2025-11-18 23:16,7.3,51,-2.2,0.50,4.03
2025-11-19 00:16,6.9,52,-2.3,0.48,4.00
2025-11-19 01:16,6.5,54,-2.2,0.45,4.05
2025-11-19 02:16,6.2,55,-2.2,0.43,4.04
2025-11-19 03:16,5.7,57,-2.2,0.39,4.06
2025-11-19 04:16,5.4,59,-2.0,0.37,4.12
2025-11-19 05:16,5.2,60,-1.9,0.35,4.13
2025-11-19 06:16,5.0,61,-1.9,0.34,4.14
2025-11-19 07:16,5.0,61,-1.9,0.34,4.14
2025-11-19 08:16,7.1,64,0.7,0.36,4.99
2025-11-19 09:16,9.8,60,2.4,0.48,5.57
2025-11-19 10:16,13.1,55,4.3,0.68,6.28
2025-11-19 11:16,19.9,48,8.6,1.21,8.25
2025-11-19 12:16,31.5,26,9.7,3.42,8.55
2025-11-19 13:16,34.3,17,5.7,4.49,6.48
2025-11-19 14:16,33.7,14,2.5,4.50,5.17
2025-11-19 15:16,22.2,16,-4.8,2.25,3.14
2025-11-19 16:16,16.3,21,-6.1,1.46,2.91
2025-11-19 17:16,12.7,26,-6.3,1.09,2.89
2025-11-19 18:16,10.3,31,-6.1,0.86,2.97
2025-11-19 19:16,8.8,35,-5.8,0.74,3.05
2025-11-19 20:16,7.4,39,-5.7,0.63,3.10
2025-11-19 21:16,6.3,43,-5.4,0.54,3.18
2025-11-19 22:16,6.4,45,-4.7,0.53,3.35
2025-11-19 23:16,5.6,46,-5.1,0.49,3.25
2025-11-20 00:16,4.6,48,-5.5,0.44,3.18
2025-11-20 01:16,4.0,50,-5.5,0.41,3.18
2025-11-20 02:16,3.7,52,-5.3,0.38,3.24
2025-11-20 03:16,3.8,54,-4.7,0.37,3.39
2025-11-20 04:16,3.8,55,-4.4,0.36,3.45
2025-11-20 05:16,3.4,57,-4.3,0.34,3.48
2025-11-20 06:16,2.8,58,-4.7,0.31,3.40
2025-11-20 07:16,2.3,60,-4.7,0.29,3.40
2025-11-20 08:16,4.2,63,-2.2,0.31,4.06
2025-11-20 09:16,8.7,63,2.0,0.42,5.45
2025-11-20 10:16,13.5,56,4.9,0.68,6.55
2025-11-20 11:16,19.6,50,8.9,1.14,8.44
2025-11-20 12:16,29.9,29,9.9,3.00,8.75
2025-11-20 13:16,33.9,20,7.8,4.23,7.46
2025-11-20 14:16,33.8,16,4.5,4.42,5.94
2025-11-20 15:16,22.4,18,-3.1,2.22,3.57
2025-11-20 16:16,16.5,25,-3.6,1.41,3.51
2025-11-20 17:16,13.2,30,-4.0,1.06,3.44
2025-11-20 18:16,11.1,35,-3.8,0.86,3.53
2025-11-20 19:16,9.4,40,-3.5,0.71,3.62
2025-11-20 20:16,8.2,44,-3.3,0.61,3.68
2025-11-20 21:16,7.2,47,-3.4,0.54,3.69
2025-11-20 22:16,6.2,51,-3.2,0.46,3.75
2025-11-20 23:16,5.4,54,-3.2,0.41,3.77
2025-11-21 00:16,4.8,56,-3.2,0.38,3.76
2025-11-21 01:16,4.3,58,-3.2,0.35,3.76
2025-11-21 02:16,3.8,60,-3.3,0.32,3.76
2025-11-21 03:16,3.5,61,-3.3,0.31,3.75
2025-11-21 04:16,2.9,62,-3.7,0.29,3.66
2025-11-21 05:16,2.5,63,-3.8,0.27,3.62
2025-11-21 06:16,2.3,65,-3.6,0.25,3.69
2025-11-21 07:16,2.1,66,-3.6,0.24,3.69
2025-11-21 08:16,4.4,70,-0.6,0.25,4.57
2025-11-21 09:16,8.9,70,3.7,0.34,6.13
2025-11-21 10:16,13.8,66,7.6,0.54,7.86
2025-11-21 11:16,20.3,60,12.3,0.95,10.55
2025-11-21 12:16,31.9,31,12.7,3.26,10.41
2025-11-21 13:16,37.2,20,10.5,5.07,8.86
2025-11-21 14:16,37.6,15,6.6,5.51,6.78
2025-11-21 15:16,25.4,17,-1.4,2.69,4.00
2025-11-21 16:16,19.5,24,-1.6,1.72,4.03
2025-11-21 17:16,15.9,30,-1.7,1.26,4.06
2025-11-21 18:16,13.2,36,-1.6,0.97,4.13
2025-11-21 19:16,11.6,40,-1.6,0.82,4.16
2025-11-21 20:16,11.0,44,-0.8,0.74,4.40
2025-11-21 21:16,11.1,47,0.2,0.70,4.73
2025-11-21 22:16,10.6,48,0.0,0.66,4.68
2025-11-21 23:16,9.4,50,-0.5,0.59,4.52
2025-11-22 00:16,8.4,53,-0.6,0.52,4.50
2025-11-22 01:16,7.9,55,-0.6,0.48,4.52
2025-11-22 02:16,7.5,55,-1.0,0.47,4.40
2025-11-22 03:16,7.8,57,-0.2,0.46,4.65
2025-11-22 04:16,7.8,57,-0.2,0.46,4.65
2025-11-22 05:16,7.7,59,0.2,0.43,4.78
2025-11-22 06:16,7.8,60,0.5,0.42,4.90
2025-11-22 07:16,8.2,61,1.1,0.42,5.11
2025-11-22 08:16,10.4,62,3.4,0.48,5.98
2025-11-22 09:16,14.3,56,5.6,0.72,6.88
2025-11-22 10:16,17.9,46,6.1,1.11,7.02
2025-11-22 11:16,23.1,42,9.5,1.64,8.68
2025-11-22 12:16,33.9,26,11.7,3.91,9.70
2025-11-22 13:16,36.4,19,9.1,4.92,8.08
2025-11-22 14:16,36.5,16,6.6,5.13,6.84
2025-11-22 15:16,25.1,18,-0.9,2.61,4.17
2025-11-22 16:16,19.3,24,-1.8,1.70,3.98
2025-11-22 17:16,16.6,29,-1.5,1.34,4.10
2025-11-22 18:16,15.2,34,-0.6,1.14,4.41
2025-11-22 19:16,13.9,38,-0.2,0.98,4.56
2025-11-22 20:16,13.1,42,0.5,0.87,4.79
2025-11-22 21:16,12.5,42,-0.1,0.84,4.62
2025-11-22 22:16,11.3,43,-0.8,0.76,4.39
2025-11-22 23:16,10.3,46,-0.8,0.68,4.41
2025-11-23 00:16,9.5,48,-1.0,0.62,4.37
2025-11-23 01:16,8.7,50,-1.2,0.56,4.32
2025-11-23 02:16,8.1,52,-1.2,0.52,4.33
2025-11-23 03:16,8.0,55,-0.5,0.48,4.55
2025-11-23 04:16,7.8,57,-0.2,0.46,4.65
2025-11-23 05:16,7.7,58,-0.1,0.44,4.70
2025-11-23 06:16,7.9,60,0.6,0.43,4.93
2025-11-23 07:16,8.3,60,1.0,0.44,5.06
2025-11-23 08:16,9.3,63,2.6,0.43,5.66
2025-11-23 09:16,12.9,62,5.8,0.57,6.99
2025-11-23 10:16,15.9,56,7.1,0.79,7.58
2025-11-23 11:16,18.9,53,9.1,1.03,8.59
2025-11-23 12:16,20.5,40,6.4,1.45,7.12
2025-11-23 13:16,19.8,43,6.9,1.32,7.34
2025-11-23 14:16,27.9,38,12.3,2.33,10.28
2025-11-23 15:16,22.1,34,5.5,1.76,6.64
2025-11-23 16:16,18.8,39,4.5,1.32,6.28
2025-11-23 17:16,15.8,45,3.9,0.99,6.06
2025-11-23 18:16,14.7,50,4.4,0.84,6.30
2025-11-23 19:16,13.7,53,4.3,0.74,6.28
2025-11-23 20:16,12.2,55,3.4,0.64,5.93
2025-11-23 21:16,10.8,58,2.9,0.54,5.73
2025-11-23 22:16,9.6,61,2.4,0.47,5.59
2025-11-23 23:16,8.6,63,1.9,0.41,5.41
2025-11-24 00:16,8.0,64,1.6,0.39,5.29
2025-11-24 01:16,7.4,66,1.5,0.35,5.25
2025-11-24 02:16,6.8,67,1.1,0.33,5.12
2025-11-24 03:16,6.5,68,1.0,0.31,5.10
2025-11-24 04:16,5.7,69,0.5,0.28,4.91
2025-11-24 05:16,5.1,69,-0.1,0.27,4.72
2025-11-24 06:16,4.8,70,-0.2,0.26,4.69
2025-11-24 07:16,4.6,71,-0.2,0.25,4.70
2025-11-24 08:16,6.7,74,2.4,0.26,5.62
2025-11-24 09:16,10.9,76,6.8,0.31,7.56
2025-11-24 10:16,15.4,71,10.2,0.51,9.33
2025-11-24 11:16,21.8,61,13.9,1.02,11.70
2025-11-24 12:16,33.1,33,14.7,3.39,11.81
2025-11-24 13:16,35.1,23,10.9,4.35,9.14
2025-11-24 14:16,37.2,17,8.1,5.26,7.53
2025-11-24 15:16,26.0,20,1.3,2.69,4.87
2025-11-24 16:16,20.7,25,-0.1,1.83,4.50
2025-11-24 17:16,17.1,30,-0.6,1.36,4.37
2025-11-24 18:16,14.8,36,-0.1,1.08,4.56
2025-11-24 19:16,13.3,40,0.0,0.92,4.62
2025-11-24 20:16,12.1,44,0.2,0.79,4.72
2025-11-24 21:16,11.4,48,0.8,0.70,4.93
2025-11-24 22:16,10.6,51,0.9,0.63,4.98
2025-11-24 23:16,9.8,54,0.9,0.56,5.01
2025-11-25 00:16,9.2,55,0.6,0.52,4.91
2025-11-25 01:16,8.2,57,0.2,0.47,4.77
2025-11-25 02:16,7.6,59,0.1,0.43,4.75
2025-11-25 03:16,7.2,60,-0.1,0.41,4.71
2025-11-25 04:16,6.9,62,0.1,0.38,4.77
2025-11-25 05:16,6.8,63,0.2,0.37,4.82
2025-11-25 06:16,7.0,65,0.9,0.35,5.04
2025-11-25 07:16,7.3,66,1.4,0.35,5.21
2025-11-25 08:16,7.9,67,2.1,0.35,5.50
2025-11-25 09:16,8.7,68,3.1,0.36,5.88
2025-11-25 10:16,9.5,69,4.1,0.37,6.28
2025-11-25 11:16,10.0,69,4.6,0.38,6.48
2025-11-25 12:16,10.7,71,5.7,0.37,6.97
2025-11-25 13:16,11.5,72,6.6,0.38,7.44
2025-11-25 14:16,11.8,73,7.1,0.37,7.68
2025-11-25 15:16,11.8,74,7.3,0.36,7.79
2025-11-25 16:16,11.4,74,6.9,0.35,7.60
2025-11-25 17:16,10.6,75,6.3,0.32,7.32
2025-11-25 18:16,9.6,75,5.4,0.30,6.87
2025-11-25 19:16,8.6,75,4.4,0.28,6.44
2025-11-25 20:16,7.8,76,3.8,0.25,6.20
2025-11-25 21:16,7.2,76,3.2,0.24,5.97
2025-11-25 22:16,6.6,77,2.9,0.22,5.81
2025-11-25 23:16,6.0,77,2.3,0.22,5.59
2025-11-26 00:16,5.4,77,1.7,0.21,5.37
2025-11-26 01:16,5.3,78,1.8,0.20,5.41
2025-11-26 02:16,4.8,78,1.3,0.19,5.23
2025-11-26 03:16,4.4,78,0.9,0.18,5.09
2025-11-26 04:16,3.8,78,0.3,0.18,4.89
2025-11-26 05:16,3.7,79,0.4,0.17,4.92
2025-11-26 06:16,3.8,79,0.5,0.17,4.96
2025-11-26 07:16,3.5,79,0.2,0.16,4.86
2025-11-26 08:16,5.2,82,2.4,0.16,5.65
2025-11-26 09:16,9.5,84,6.9,0.19,7.65
2025-11-26 10:16,15.2,82,12.1,0.31,10.64
2025-11-26 11:16,20.6,69,14.7,0.75,12.35
2025-11-26 12:16,29.4,35,12.3,2.66,10.27
2025-11-26 13:16,33.5,24,10.2,3.93,8.77
2025-11-26 14:16,32.1,20,6.3,3.83,6.79
2025-11-26 15:16,21.2,26,0.9,1.86,4.82
2025-11-26 16:16,17.6,33,1.1,1.35,4.95
2025-11-26 17:16,15.7,37,1.0,1.12,4.95
2025-11-26 18:16,14.7,40,1.2,1.00,5.04
2025-11-26 19:16,13.7,43,1.3,0.89,5.09
2025-11-26 20:16,12.7,46,1.4,0.79,5.12
2025-11-26 21:16,11.4,48,0.8,0.70,4.93
2025-11-26 22:16,10.4,50,0.4,0.63,4.82
2025-11-26 23:16,9.2,53,0.1,0.55,4.73
2025-11-27 00:16,8.0,55,-0.5,0.48,4.55
2025-11-27 01:16,7.0,58,-0.7,0.42,4.49
2025-11-27 02:16,6.2,60,-1.0,0.38,4.41
2025-11-27 03:16,5.4,62,-1.3,0.34,4.33
2025-11-27 04:16,5.1,64,-1.2,0.32,4.38
2025-11-27 05:16,4.6,65,-1.4,0.30,4.30
2025-11-27 06:16,4.2,66,-1.6,0.28,4.25
2025-11-27 07:16,4.2,68,-1.2,0.26,4.38
2025-11-27 08:16,5.7,70,0.6,0.27,4.98
2025-11-27 09:16,8.6,73,4.0,0.30,6.27
2025-11-27 10:16,13.1,71,8.0,0.44,8.10
2025-11-27 11:16,19.2,66,12.7,0.76,10.88
2025-11-27 12:16,24.7,46,12.3,1.68,10.41
2025-11-27 13:16,23.6,35,7.2,1.89,7.44
2025-11-27 14:16,25.6,30,6.7,2.30,7.14
2025-11-27 15:16,19.4,34,3.1,1.49,5.67
2025-11-27 16:16,17.0,40,3.3,1.16,5.79
2025-11-27 17:16,15.6,45,3.7,0.97,5.98
2025-11-27 18:16,14.7,50,4.4,0.84,6.30
2025-11-27 19:16,14.2,53,4.7,0.76,6.47
2025-11-27 20:16,12.9,56,4.3,0.65,6.31
2025-11-27 21:16,11.6,58,3.6,0.57,6.03
2025-11-27 22:16,10.6,60,3.1,0.51,5.86
2025-11-27 23:16,9.6,62,2.7,0.45,5.68
2025-11-28 00:16,9.0,64,2.5,0.41,5.64
2025-11-28 01:16,8.2,65,2.0,0.38,5.44
2025-11-28 02:16,7.4,67,1.7,0.34,5.33
2025-11-28 03:16,6.8,68,1.3,0.32,5.20
2025-11-28 04:16,6.3,70,1.2,0.29,5.18
2025-11-28 05:16,6.3,71,1.4,0.28,5.26
2025-11-28 06:16,5.9,72,1.2,0.26,5.19
2025-11-28 07:16,5.4,73,0.9,0.24,5.09
2025-11-28 08:16,7.9,77,4.1,0.25,6.32
2025-11-28 09:16,11.8,78,8.1,0.30,8.21
2025-11-28 10:16,16.9,74,12.2,0.50,10.64
2025-11-28 11:16,22.6,58,13.9,1.15,11.65
2025-11-28 12:16,32.9,29,12.5,3.55,10.27
2025-11-28 13:16,36.5,20,9.9,4.88,8.54
2025-11-28 14:16,35.3,16,5.7,4.80,6.42
2025-11-28 15:16,22.6,19,-2.2,2.22,3.82
2025-11-28 16:16,17.9,26,-1.9,1.52,3.97
2025-11-28 17:16,15.5,31,-1.6,1.22,4.10
2025-11-28 18:16,13.9,35,-1.3,1.03,4.20
2025-11-28 19:16,12.9,38,-1.1,0.92,4.28
2025-11-28 20:16,12.1,41,-0.8,0.83,4.40
2025-11-28 21:16,11.3,45,-0.2,0.74,4.59
2025-11-28 22:16,10.9,46,-0.3,0.70,4.58
2025-11-28 23:16,10.5,47,-0.4,0.67,4.56
2025-11-29 00:16,9.9,48,-0.6,0.63,4.48
2025-11-29 01:16,9.5,49,-0.7,0.61,4.46
2025-11-29 02:16,9.2,49,-1.0,0.59,4.38
2025-11-29 03:16,8.7,51,-0.9,0.55,4.41
2025-11-29 04:16,8.4,51,-1.2,0.54,4.33
2025-11-29 05:16,8.1,52,-1.2,0.52,4.33
2025-11-29 06:16,7.9,53,-1.1,0.50,4.35
2025-11-29 07:16,7.8,53,-1.2,0.50,4.33
2025-11-29 08:16,9.3,53,0.2,0.55,4.76
2025-11-29 09:16,12.0,48,1.3,0.73,5.12
2025-11-29 10:16,15.0,41,1.8,1.01,5.26
2025-11-29 11:16,20.4,38,5.6,1.49,6.72
2025-11-29 12:16,31.4,25,9.0,3.45,8.17
2025-11-29 13:16,34.4,18,6.7,4.46,6.90
2025-11-29 14:16,33.5,15,3.3,4.40,5.48
2025-11-29 15:16,23.1,17,-3.3,2.35,3.51
2025-11-29 16:16,17.4,22,-4.6,1.55,3.26
2025-11-29 17:16,14.1,27,-4.6,1.17,3.28
2025-11-29 18:16,12.3,32,-3.9,0.97,3.47
2025-11-29 19:16,11.6,37,-2.6,0.86,3.85
2025-11-29 20:16,11.0,39,-2.4,0.80,3.90
2025-11-29 21:16,10.0,42,-2.3,0.71,3.95
2025-11-29 22:16,8.7,45,-2.6,0.62,3.89
2025-11-29 23:16,8.1,47,-2.6,0.57,3.91
2025-11-30 00:16,7.3,49,-2.7,0.52,3.87
2025-11-30 01:16,6.7,51,-2.7,0.48,3.88
2025-11-30 02:16,6.1,53,-2.8,0.44,3.87
2025-11-30 03:16,5.6,55,-2.7,0.41,3.89
2025-11-30 04:16,5.0,56,-3.1,0.38,3.81
2025-11-30 05:16,4.2,58,-3.3,0.35,3.74
2025-11-30 06:16,3.6,59,-3.7,0.32,3.65
2025-11-30 07:16,3.3,60,-3.7,0.31,3.64
2025-11-30 08:16,4.7,64,-1.5,0.31,4.26
2025-11-30 09:16,8.6,65,2.4,0.39,5.59
2025-11-30 10:16,12.9,61,5.6,0.58,6.88
2025-11-30 11:16,18.6,56,9.6,0.94,8.91
2025-11-30 12:16,30.0,34,12.4,2.80,10.31
2025-11-30 13:16,34.4,23,10.3,4.19,8.81
2025-11-30 14:16,33.8,18,6.2,4.31,6.68
2025-11-30 15:16,23.5,21,-0.1,2.29,4.44
2025-11-30 16:16,18.0,28,-0.8,1.49,4.30
2025-11-30 17:16,14.7,33,-1.4,1.12,4.15
2025-11-30 18:16,12.3,38,-1.6,0.89,4.13
2025-11-30 19:16,10.3,43,-1.8,0.71,4.12
2025-11-30 20:16,8.9,47,-1.8,0.60,4.12
2025-11-30 21:16,7.9,51,-1.6,0.52,4.19
2025-11-30 22:16,7.3,54,-1.4,0.47,4.27
2025-11-30 23:16,6.7,57,-1.2,0.42,4.33
2025-12-01 00:16,6.1,59,-1.3,0.39,4.31
2025-12-01 01:16,5.7,61,-1.2,0.36,4.34
2025-12-01 02:16,5.1,62,-1.6,0.33,4.24
2025-12-01 03:16,4.5,63,-1.9,0.31,4.14
2025-12-01 04:16,3.9,64,-2.3,0.29,4.04
2025-12-01 05:16,3.3,66,-2.5,0.26,4.00
2025-12-01 06:16,2.9,66,-2.8,0.26,3.90
2025-12-01 07:16,3.0,68,-2.3,0.24,4.04
2025-12-01 08:16,4.1,70,-0.9,0.25,4.48
2025-12-01 09:16,8.0,73,3.5,0.29,6.04
2025-12-01 10:16,13.7,70,8.3,0.47,8.29
2025-12-01 11:16,19.7,61,12.0,0.90,10.36
2025-12-01 12:16,32.5,34,14.6,3.23,11.79
2025-12-01 13:16,37.6,21,11.6,5.12,9.49
2025-12-01 14:16,36.5,15,5.7,5.19,6.41
2025-12-01 15:16,26.6,17,-0.5,2.89,4.28
2025-12-01 16:16,20.8,22,-1.7,1.92,3.98
2025-12-01 17:16,17.5,28,-1.2,1.44,4.17
2025-12-01 18:16,15.9,33,-0.4,1.21,4.47
2025-12-01 19:16,14.7,37,0.1,1.05,4.66
2025-12-01 20:16,13.2,40,-0.1,0.91,4.59
2025-12-01 21:16,12.2,43,0.0,0.81,4.64
2025-12-01 22:16,11.2,47,0.3,0.71,4.76
2025-12-01 23:16,10.6,50,0.6,0.64,4.88
2025-12-02 00:16,9.6,52,0.2,0.57,4.76
2025-12-02 01:16,8.8,54,0.0,0.52,4.70
2025-12-02 02:16,8.0,57,0.0,0.46,4.71
2025-12-02 03:16,7.4,59,-0.1,0.42,4.69
2025-12-02 04:16,6.6,60,-0.6,0.39,4.53
2025-12-02 05:16,6.0,62,-0.7,0.36,4.50
2025-12-02 06:16,6.6,65,0.5,0.34,4.91
2025-12-02 07:16,7.6,67,1.9,0.34,5.40
2025-12-02 08:16,9.3,68,3.7,0.37,6.11
2025-12-02 09:16,11.0,68,5.3,0.42,6.81
2025-12-02 10:16,11.9,67,6.0,0.46,7.10
2025-12-02 11:16,13.2,66,7.0,0.52,7.58
2025-12-02 12:16,18.5,73,13.6,0.58,11.55
2025-12-02 13:16,21.1,49,10.0,1.28,9.03
2025-12-02 14:16,20.2,48,8.8,1.23,8.39
2025-12-02 15:16,18.2,50,7.6,1.05,7.77
2025-12-02 16:16,16.9,54,7.5,0.89,7.77
2025-12-02 17:16,16.1,57,7.6,0.79,7.81
2025-12-02 18:16,15.5,60,7.8,0.70,7.93
2025-12-02 19:16,15.0,63,8.0,0.63,8.08
2025-12-02 20:16,14.2,64,7.5,0.58,7.82
2025-12-02 21:16,13.4,66,7.2,0.52,7.67
2025-12-02 22:16,13.2,68,7.4,0.49,7.81
2025-12-02 23:16,12.6,68,6.8,0.47,7.52
2025-12-03 00:16,11.6,69,6.1,0.42,7.17
2025-12-03 01:16,10.6,70,5.4,0.38,6.83
2025-12-03 02:16,10.0,71,5.0,0.36,6.67
2025-12-03 03:16,9.4,72,4.6,0.33,6.51
2025-12-03 04:16,9.0,73,4.4,0.31,6.44
2025-12-03 05:16,8.7,73,4.1,0.30,6.31
2025-12-03 06:16,8.4,74,4.0,0.29,6.28
2025-12-03 07:16,8.3,75,4.1,0.27,6.32
2025-12-03 08:16,8.7,76,4.7,0.27,6.57
2025-12-03 09:16,9.3,77,5.5,0.27,6.92
2025-12-03 10:16,9.7,77,5.9,0.28,7.10
2025-12-03 11:16,10.3,77,6.4,0.29,7.37
2025-12-03 12:16,11.1,77,7.2,0.30,7.76
2025-12-03 13:16,11.9,77,8.0,0.32,8.15
2025-12-03 14:16,20.4,73,15.4,0.65,12.91
2025-12-03 15:16,17.9,54,8.5,0.94,8.24
2025-12-03 16:16,15.2,55,6.2,0.78,7.14
2025-12-03 17:16,12.5,59,4.7,0.59,6.49
2025-12-03 18:16,11.4,55,2.7,0.61,5.65
2025-12-03 19:16,10.6,54,1.7,0.59,5.27
2025-12-03 20:16,10.0,54,1.1,0.56,5.07
2025-12-03 21:16,9.2,52,-0.2,0.56,4.64
2025-12-03 22:16,8.4,45,-2.9,0.61,3.82
2025-12-03 23:16,7.8,42,-4.3,0.61,3.43
2025-12-04 00:16,7.0,40,-5.7,0.60,3.10
2025-12-04 01:16,6.0,40,-6.6,0.56,2.90
2025-12-04 02:16,5.4,41,-6.8,0.53,2.86
2025-12-04 03:16,4.9,42,-7.0,0.50,2.84
2025-12-04 04:16,4.5,42,-7.3,0.49,2.76
2025-12-04 05:16,3.9,45,-7.0,0.44,2.84
2025-12-04 06:16,4.0,45,-6.9,0.45,2.86
2025-12-04 07:16,3.3,48,-6.7,0.40,2.91
2025-12-04 08:16,4.6,51,-4.7,0.42,3.37
2025-12-04 09:16,8.2,47,-2.5,0.58,3.94
2025-12-04 10:16,9.5,39,-3.8,0.72,3.55
2025-12-04 11:16,14.5,40,1.0,0.99,4.97
2025-12-04 12:16,24.9,27,4.6,2.30,6.18
2025-12-04 13:16,27.9,17,0.6,3.12,4.60
2025-12-04 14:16,26.1,13,-4.5,2.94,3.18
2025-12-04 15:16,16.0,13,-12.5,1.58,1.77
2025-12-04 16:16,11.2,17,-13.0,1.10,1.72
2025-12-04 17:16,8.8,20,-13.0,0.91,1.74
2025-12-04 18:16,6.4,23,-13.3,0.74,1.71
2025-12-04 19:16,4.9,26,-13.0,0.64,1.76
2025-12-04 20:16,3.5,30,-12.5,0.55,1.84
2025-12-04 21:16,2.7,33,-12.0,0.50,1.92
2025-12-04 22:16,1.7,36,-11.8,0.44,1.96
2025-12-04 23:16,0.7,39,-11.7,0.39,1.98
2025-12-05 00:16,0.1,42,-11.3,0.36,2.05
2025-12-05 01:16,-0.1,44,-10.9,0.34,2.12
2025-12-05 02:16,-0.5,46,-10.7,0.32,2.15
2025-12-05 03:16,-1.0,48,-10.6,0.30,2.17
2025-12-05 04:16,-1.3,50,-10.4,0.28,2.21
2025-12-05 05:16,-1.6,51,-10.4,0.27,2.21
2025-12-05 06:16,-2.1,53,-10.4,0.25,2.22
2025-12-05 07:16,-2.0,55,-9.8,0.24,2.32
2025-12-05 08:16,0.1,58,-7.2,0.26,2.83
2025-12-05 09:16,4.4,60,-2.7,0.33,3.92
2025-12-05 10:16,10.4,55,1.7,0.57,5.30
2025-12-05 11:16,16.0,48,5.0,0.95,6.54
2025-12-05 12:16,26.3,31,7.8,2.36,7.67
2025-12-05 13:16,28.6,22,4.8,3.05,6.18
2025-12-05 14:16,20.8,21,-2.4,1.94,3.80
2025-12-05 15:16,16.5,21,-5.9,1.48,2.95
2025-12-05 16:16,12.4,25,-7.1,1.08,2.73
2025-12-05 17:16,10.3,30,-6.5,0.88,2.87
2025-12-05 18:16,8.5,33,-6.9,0.74,2.82
2025-12-05 19:16,7.1,36,-7.0,0.65,2.81
2025-12-05 20:16,6.1,40,-6.5,0.56,2.92
2025-12-05 21:16,5.5,43,-6.1,0.51,3.02
2025-12-05 22:16,4.7,47,-5.7,0.45,3.13
2025-12-05 23:16,3.9,49,-5.9,0.41,3.09
2025-12-06 00:16,3.1,51,-6.1,0.37,3.05
2025-12-06 01:16,2.7,52,-6.2,0.36,3.03
2025-12-06 02:16,2.7,54,-5.7,0.34,3.15
2025-12-06 03:16,1.8,54,-6.5,0.32,2.96
2025-12-06 04:16,1.2,55,-6.9,0.30,2.89
2025-12-06 05:16,0.4,56,-7.4,0.28,2.79
2025-12-06 06:16,-0.4,57,-7.9,0.26,2.69
2025-12-06 07:16,-0.9,59,-7.9,0.23,2.69
2025-12-06 08:16,0.6,63,-5.6,0.24,3.18
2025-12-06 09:16,4.5,64,-1.7,0.30,4.21
2025-12-06 10:16,10.1,59,2.4,0.51,5.58
2025-12-06 11:16,15.6,50,5.2,0.89,6.65
2025-12-06 12:16,26.4,34,9.3,2.27,8.46
2025-12-06 13:16,30.5,20,5.0,3.49,6.23
2025-12-06 14:16,29.6,16,1.1,3.48,4.75
2025-12-06 15:16,19.5,16,-7.0,1.90,2.69
2025-12-06 16:16,13.6,22,-7.8,1.21,2.59
2025-12-06 17:16,10.3,26,-8.4,0.93,2.49
2025-12-06 18:16,7.9,31,-8.2,0.74,2.55
2025-12-06 19:16,6.3,35,-8.1,0.62,2.59
2025-12-06 20:16,4.9,39,-7.9,0.53,2.63
2025-12-06 21:16,3.9,42,-7.9,0.47,2.65
2025-12-06 22:16,3.4,45,-7.4,0.43,2.75
2025-12-06 23:16,2.6,48,-7.3,0.38,2.78
2025-12-07 00:16,1.8,50,-7.5,0.35,2.74
2025-12-07 01:16,1.0,52,-7.8,0.32,2.70
2025-12-07 02:16,0.4,54,-7.8,0.29,2.69
2025-12-07 03:16,0.4,57,-7.1,0.27,2.84
2025-12-07 04:16,0.1,57,-7.4,0.26,2.78
2025-12-07 05:16,-0.7,58,-7.9,0.24,2.68
2025-12-07 06:16,-1.0,60,-7.8,0.23,2.71
2025-12-07 07:16,-1.3,61,-7.9,0.22,2.70
2025-12-07 08:16,0.0,64,-6.0,0.22,3.10
2025-12-07 09:16,4.5,67,-1.1,0.28,4.40
2025-12-07 10:16,10.0,63,3.3,0.45,5.92
2025-12-07 11:16,15.3,60,7.6,0.70,7.84
2025-12-07 12:16,28.9,34,11.5,2.63,9.71
2025-12-07 13:16,34.4,18,6.7,4.46,6.90
2025-12-07 14:16,34.3,13,1.9,4.71,4.95
2025-12-07 15:16,23.3,14,-5.7,2.46,2.93
2025-12-07 16:16,17.7,19,-6.3,1.64,2.87
2025-12-07 17:16,14.4,23,-6.5,1.26,2.84
2025-12-07 18:16,12.3,27,-6.2,1.04,2.93
2025-12-07 19:16,10.2,30,-6.6,0.87,2.85
2025-12-07 20:16,8.5,35,-6.1,0.72,2.99
2025-12-07 21:16,6.8,39,-6.2,0.60,2.98
2025-12-07 22:16,5.8,41,-6.5,0.54,2.94
2025-12-07 23:16,4.6,45,-6.3,0.47,2.98
2025-12-08 00:16,4.0,47,-6.3,0.43,2.99
2025-12-08 01:16,3.2,49,-6.5,0.39,2.95
2025-12-08 02:16,2.6,51,-6.5,0.36,2.95
2025-12-08 03:16,2.1,53,-6.5,0.33,2.97
2025-12-08 04:16,1.5,55,-6.6,0.31,2.95
2025-12-08 05:16,0.9,56,-6.9,0.29,2.89
2025-12-08 06:16,0.3,58,-7.0,0.26,2.87
2025-12-08 07:16,0.1,59,-7.0,0.25,2.88
2025-12-08 08:16,1.6,63,-4.7,0.25,3.41
2025-12-08 09:16,5.5,65,-0.6,0.32,4.57
2025-12-08 10:16,11.5,61,4.2,0.53,6.30
2025-12-08 11:16,17.5,52,7.5,0.96,7.75
2025-12-08 12:16,30.3,31,11.3,2.98,9.55
2025-12-08 13:16,35.4,19,8.3,4.66,7.67
2025-12-08 14:16,32.0,16,3.0,3.99,5.40
2025-12-08 15:16,23.5,19,-1.5,2.35,4.02
2025-12-08 16:16,18.3,24,-2.6,1.60,3.75
2025-12-08 17:16,14.7,29,-3.2,1.19,3.65
2025-12-08 18:16,13.3,34,-2.3,1.01,3.93
2025-12-08 19:16,12.2,37,-2.1,0.90,3.99
2025-12-08 20:16,11.7,41,-1.1,0.81,4.29
2025-12-08 21:16,11.2,44,-0.6,0.74,4.46
2025-12-08 22:16,10.9,45,-0.6,0.72,4.48
2025-12-08 23:16,10.6,45,-0.9,0.70,4.39
2025-12-09 00:16,10.0,45,-1.4,0.68,4.23
2025-12-09 01:16,9.0,46,-2.0,0.62,4.06
2025-12-09 02:16,8.4,47,-2.3,0.58,3.99
2025-12-09 03:16,8.1,49,-2.0,0.55,4.08
2025-12-09 04:16,7.6,51,-1.9,0.51,4.11
2025-12-09 05:16,7.6,51,-1.9,0.51,4.11
2025-12-09 06:16,7.0,51,-2.5,0.49,3.95
2025-12-09 07:16,6.4,52,-2.8,0.46,3.87
2025-12-09 08:16,6.9,54,-1.8,0.46,4.16
2025-12-09 09:16,9.2,54,0.4,0.54,4.82
2025-12-09 10:16,13.4,46,2.0,0.83,5.35
2025-12-09 11:16,16.6,41,3.3,1.11,5.79
2025-12-09 12:16,27.6,28,7.4,2.66,7.45
2025-12-09 13:16,31.7,19,5.2,3.79,6.31
2025-12-09 14:16,29.4,14,-0.9,3.53,4.11
2025-12-09 15:16,19.7,17,-6.1,1.90,2.89
2025-12-09 16:16,15.2,21,-7.0,1.36,2.73
2025-12-09 17:16,12.5,24,-7.6,1.10,2.64
2025-12-09 18:16,11.0,28,-6.8,0.95,2.80
2025-12-09 19:16,9.8,31,-6.6,0.84,2.88
2025-12-09 20:16,8.5,32,-7.3,0.75,2.73
2025-12-09 21:16,7.8,35,-6.7,0.69,2.86
2025-12-09 22:16,7.8,36,-6.4,0.68,2.94
2025-12-09 23:16,7.0,37,-6.7,0.63,2.87
2025-12-10 00:16,5.6,39,-7.3,0.55,2.76
2025-12-10 01:16,4.3,41,-7.8,0.49,2.66
2025-12-10 02:16,3.0,44,-8.1,0.42,2.62
2025-12-10 03:16,2.2,46,-8.2,0.39,2.59
2025-12-10 04:16,1.4,49,-8.2,0.34,2.61
2025-12-10 05:16,0.8,50,-8.5,0.32,2.56
2025-12-10 06:16,0.0,53,-8.5,0.29,2.57
2025-12-10 07:16,-0.2,55,-8.2,0.27,2.63
2025-12-10 08:16,1.0,58,-6.3,0.28,3.01
2025-12-10 09:16,5.2,61,-1.7,0.34,4.20
2025-12-10 10:16,11.0,58,3.0,0.55,5.81
2025-12-10 11:16,16.9,49,6.1,0.98,7.05
2025-12-10 12:16,27.7,28,7.5,2.67,7.49
2025-12-10 13:16,32.5,19,5.9,3.96,6.59
2025-12-10 14:16,32.5,14,1.5,4.21,4.85
2025-12-10 15:16,22.4,14,-6.4,2.33,2.78
2025-12-10 16:16,16.6,19,-7.2,1.53,2.68
2025-12-10 17:16,13.0,23,-7.7,1.15,2.61
2025-12-10 18:16,10.3,27,-7.9,0.91,2.59
2025-12-10 19:16,8.4,32,-7.4,0.75,2.71
2025-12-10 20:16,7.1,35,-7.4,0.66,2.73
2025-12-10 21:16,6.3,39,-6.7,0.58,2.89
2025-12-10 22:16,5.5,42,-6.4,0.52,2.95
2025-12-10 23:16,4.5,45,-6.4,0.46,2.96
2025-12-11 00:16,3.5,47,-6.8,0.42,2.89
2025-12-11 01:16,2.7,50,-6.7,0.37,2.91
2025-12-11 02:16,2.5,53,-6.1,0.34,3.05
2025-12-11 03:16,2.4,55,-5.7,0.33,3.14
2025-12-11 04:16,2.5,56,-5.4,0.32,3.22
2025-12-11 05:16,2.4,57,-5.3,0.31,3.25
2025-12-11 06:16,2.7,59,-4.5,0.30,3.44
2025-12-11 07:16,2.6,60,-4.4,0.29,3.47
2025-12-11 08:16,3.1,62,-3.5,0.29,3.71
2025-12-11 09:16,4.4,64,-1.8,0.30,4.18
2025-12-11 10:16,6.4,64,0.1,0.35,4.77
2025-12-11 11:16,9.5,65,3.2,0.42,5.92
2025-12-11 12:16,22.6,55,13.1,1.23,11.05
2025-12-11 13:16,28.9,28,8.6,2.87,8.00
2025-12-11 14:16,28.9,21,4.4,3.15,6.00
2025-12-11 15:16,20.1,23,-1.7,1.81,4.00
2025-12-11 16:16,15.0,29,-2.9,1.21,3.72
2025-12-11 17:16,11.7,34,-3.7,0.91,3.56
2025-12-11 18:16,9.7,40,-3.3,0.72,3.69
2025-12-11 19:16,8.1,44,-3.4,0.60,3.66
2025-12-11 20:16,6.8,48,-3.5,0.51,3.67
2025-12-11 21:16,5.8,51,-3.6,0.45,3.65
2025-12-11 22:16,5.1,54,-3.5,0.40,3.69
2025-12-11 23:16,4.5,56,-3.5,0.37,3.68
2025-12-12 00:16,7.6,64,1.2,0.38,5.16
2025-12-12 01:16,9.1,60,1.7,0.46,5.32
2025-12-12 02:16,8.2,54,-0.6,0.50,4.52
2025-12-12 03:16,7.2,52,-2.0,0.49,4.08
2025-12-12 04:16,6.4,51,-3.0,0.47,3.80
2025-12-12 05:16,5.4,51,-3.9,0.44,3.56
2025-12-12 06:16,4.4,51,-4.9,0.41,3.33
2025-12-12 07:16,4.0,51,-5.2,0.40,3.24
2025-12-12 08:16,5.0,53,-3.8,0.41,3.60
2025-12-12 09:16,7.7,49,-2.4,0.54,3.97
2025-12-12 10:16,10.7,38,-3.1,0.80,3.73
2025-12-12 11:16,12.7,30,-4.5,1.03,3.34
2025-12-12 12:16,22.9,26,2.4,2.07,5.31
2025-12-12 13:16,25.0,18,-1.0,2.60,4.14
2025-12-12 14:16,23.6,14,-5.5,2.51,2.98
2025-12-12 15:16,13.8,16,-11.6,1.33,1.91
2025-12-12 16:16,8.8,21,-12.4,0.89,1.83
2025-12-12 17:16,6.4,25,-12.2,0.72,1.86
2025-12-12 18:16,4.9,30,-11.3,0.61,2.03
2025-12-12 19:16,4.1,33,-10.8,0.55,2.11
2025-12-12 20:16,3.5,35,-10.6,0.51,2.15
2025-12-12 21:16,2.9,38,-10.1,0.47,2.24
2025-12-12 22:16,2.6,41,-9.4,0.43,2.37
2025-12-12 23:16,2.4,43,-8.9,0.41,2.46
2025-12-13 00:16,2.5,45,-8.3,0.40,2.59
2025-12-13 01:16,2.5,46,-8.0,0.39,2.64
2025-12-13 02:16,2.4,47,-7.8,0.38,2.68
2025-12-13 03:16,2.1,47,-8.1,0.38,2.63
2025-12-13 04:16,1.8,47,-8.3,0.37,2.58
2025-12-13 05:16,1.6,48,-8.2,0.36,2.60
2025-12-13 06:16,2.1,50,-7.3,0.36,2.80
2025-12-13 07:16,2.0,49,-7.6,0.36,2.72
2025-12-13 08:16,2.8,51,-6.4,0.37,2.99
2025-12-13 09:16,6.1,51,-3.3,0.46,3.73
2025-12-13 10:16,10.0,46,-1.1,0.66,4.32
2025-12-13 11:16,14.4,40,1.0,0.98,4.94
2025-12-13 12:16,24.1,29,4.9,2.13,6.35
2025-12-13 13:16,27.9,20,2.9,3.01,5.41
2025-12-13 14:16,26.4,15,-2.3,2.93,3.73
2025-12-13 15:16,17.5,15,-9.5,1.70,2.24
2025-12-13 16:16,12.1,19,-10.9,1.14,2.04
2025-12-13 17:16,8.5,22,-12.1,0.87,1.88
2025-12-13 18:16,6.2,26,-11.9,0.70,1.91
2025-12-13 19:16,5.1,29,-11.5,0.62,1.98
2025-12-13 20:16,4.9,33,-10.1,0.58,2.23
2025-12-13 21:16,5.0,36,-8.9,0.56,2.45
2025-12-13 22:16,4.9,41,-7.3,0.51,2.77
2025-12-13 23:16,4.2,46,-6.4,0.45,2.96
2025-12-14 00:16,3.6,52,-5.4,0.38,3.22
2025-12-14 01:16,3.5,56,-4.5,0.35,3.44
2025-12-14 02:16,3.4,59,-3.9,0.32,3.60
2025-12-14 03:16,3.2,63,-3.2,0.28,3.80
2025-12-14 04:16,3.1,65,-2.8,0.27,3.89
2025-12-14 05:16,3.0,67,-2.5,0.25,3.98
2025-12-14 06:16,3.1,69,-2.0,0.24,4.13
2025-12-14 07:16,3.4,70,-1.6,0.23,4.28
2025-12-14 08:16,3.8,71,-1.0,0.23,4.45
2025-12-14 09:16,4.4,72,-0.2,0.23,4.70
2025-12-14 10:16,4.6,72,0.0,0.24,4.76
2025-12-14 11:16,5.1,74,0.8,0.23,5.06
2025-12-14 12:16,6.3,75,2.2,0.24,5.55
2025-12-14 13:16,8.2,78,4.6,0.24,6.53
2025-12-14 14:16,10.2,78,6.5,0.27,7.42
2025-12-14 15:16,11.4,74,6.9,0.35,7.60
2025-12-14 16:16,9.9,72,5.1,0.34,6.72
2025-12-14 17:16,8.7,72,3.9,0.31,6.23
2025-12-14 18:16,7.4,73,2.9,0.28,5.81
2025-12-14 19:16,6.4,74,2.1,0.25,5.51
2025-12-14 20:16,5.8,75,1.7,0.23,5.37
2025-12-14 21:16,5.0,76,1.1,0.21,5.16
2025-12-14 22:16,4.2,76,0.3,0.20,4.90
2025-12-14 23:16,3.4,77,-0.3,0.18,4.70
2025-12-15 00:16,3.0,78,-0.5,0.17,4.64
2025-12-15 01:16,2.6,78,-0.9,0.16,4.51
2025-12-15 02:16,2.9,79,-0.4,0.16,4.67
2025-12-15 03:16,2.8,79,-0.5,0.16,4.63
2025-12-15 04:16,2.5,79,-0.8,0.15,4.54
2025-12-15 05:16,2.1,78,-1.3,0.16,4.36
2025-12-15 06:16,1.9,78,-1.5,0.15,4.30
2025-12-15 07:16,1.8,78,-1.6,0.15,4.28
2025-12-15 08:16,3.7,81,0.7,0.15,5.05
2025-12-15 09:16,7.3,82,4.4,0.18,6.48
2025-12-15 10:16,12.1,77,8.2,0.32,8.26
2025-12-15 11:16,16.3,63,9.2,0.69,8.74
2025-12-15 12:16,26.6,39,11.5,2.12,9.82
2025-12-15 13:16,29.4,24,6.7,3.12,7.05
2025-12-15 14:16,28.1,16,-0.1,3.19,4.38
2025-12-15 15:16,17.7,17,-7.7,1.68,2.56
2025-12-15 16:16,12.5,23,-8.1,1.12,2.53
2025-12-15 17:16,9.8,29,-7.4,0.86,2.69
2025-12-15 18:16,8.4,33,-7.0,0.74,2.80
2025-12-15 19:16,7.4,37,-6.4,0.65,2.94
2025-12-15 20:16,6.6,39,-6.4,0.59,2.94
2025-12-15 21:16,6.0,41,-6.3,0.55,2.98
2025-12-15 22:16,5.0,43,-6.6,0.50,2.92
2025-12-15 23:16,4.7,45,-6.2,0.47,3.00
2025-12-16 00:16,4.1,47,-6.2,0.43,3.01
2025-12-16 01:16,4.1,48,-5.9,0.43,3.07
2025-12-16 02:16,4.0,48,-6.0,0.42,3.05
2025-12-16 03:16,4.0,48,-6.0,0.42,3.05
2025-12-16 04:16,4.3,47,-6.0,0.44,3.05
2025-12-16 05:16,4.5,46,-6.1,0.45,3.02
2025-12-16 06:16,3.8,46,-6.8,0.43,2.89
2025-12-16 07:16,2.5,47,-7.7,0.39,2.70
2025-12-16 08:16,2.7,50,-6.7,0.37,2.91
2025-12-16 09:16,6.0,53,-2.9,0.44,3.85
2025-12-16 10:16,10.5,51,0.8,0.62,4.95
2025-12-16 11:16,15.2,44,3.0,0.97,5.71
2025-12-16 12:16,27.0,32,8.9,2.42,8.24
2025-12-16 13:16,30.7,20,5.2,3.53,6.30
2025-12-16 14:16,31.0,19,4.7,3.64,6.08
2025-12-16 15:16,29.6,15,0.2,3.52,4.45
2025-12-16 16:16,19.7,17,-6.1,1.90,2.89
2025-12-16 17:16,14.3,22,-7.2,1.27,2.70
2025-12-16 18:16,11.0,27,-7.3,0.96,2.70
2025-12-16 19:16,9.0,31,-7.3,0.79,2.73
2025-12-16 20:16,7.2,36,-6.9,0.65,2.83
2025-12-16 21:16,6.2,40,-6.4,0.57,2.94
2025-12-16 22:16,5.2,43,-6.4,0.50,2.96
2025-12-16 23:16,3.6,49,-6.1,0.40,3.03
2025-12-17 00:16,2.6,51,-6.5,0.36,2.95
2025-12-17 01:16,1.8,54,-6.5,0.32,2.96
2025-12-17 02:16,1.4,55,-6.7,0.30,2.93
2025-12-17 03:16,0.8,57,-6.8,0.28,2.92
2025-12-17 04:16,0.6,59,-6.5,0.26,2.98
2025-12-17 05:16,0.6,60,-6.3,0.26,3.03
2025-12-17 06:16,0.4,61,-6.3,0.25,3.04
2025-12-17 07:16,0.1,62,-6.3,0.23,3.02
2025-12-17 08:16,1.0,65,-4.8,0.23,3.37
2025-12-17 09:16,4.9,68,-0.5,0.28,4.59
2025-12-17 10:16,10.9,66,4.8,0.44,6.56
2025-12-17 11:16,15.7,55,6.7,0.80,7.36
2025-12-17 12:16,27.1,36,10.7,2.30,9.32
2025-12-17 13:16,31.6,22,7.3,3.63,7.27
2025-12-17 14:16,30.8,17,2.9,3.69,5.38
2025-12-17 15:16,20.6,19,-3.9,1.97,3.40
2025-12-17 16:16,15.7,26,-3.8,1.32,3.48
2025-12-17 17:16,13.0,32,-3.3,1.02,3.63
2025-12-17 18:16,10.6,38,-3.2,0.79,3.71
2025-12-17 19:16,9.4,42,-2.9,0.68,3.80
2025-12-17 20:16,8.4,45,-2.9,0.61,3.82
2025-12-17 21:16,7.4,48,-2.9,0.54,3.82
2025-12-17 22:16,6.9,51,-2.6,0.49,3.93
2025-12-17 23:16,6.6,52,-2.6,0.47,3.93
2025-12-18 00:16,7.2,55,-1.2,0.46,4.32
2025-12-18 01:16,8.0,53,-1.0,0.50,4.38
2025-12-18 02:16,8.3,51,-1.3,0.54,4.30
2025-12-18 03:16,8.1,52,-1.2,0.52,4.33
2025-12-18 04:16,7.1,53,-1.8,0.47,4.13
2025-12-18 05:16,6.3,53,-2.6,0.45,3.92
2025-12-18 06:16,5.9,56,-2.2,0.41,4.04
2025-12-18 07:16,6.0,56,-2.1,0.41,4.06
2025-12-18 08:16,6.8,57,-1.1,0.42,4.36
2025-12-18 09:16,9.8,55,1.2,0.55,5.10
2025-12-18 10:16,13.4,46,2.0,0.83,5.35
2025-12-18 11:16,16.7,39,2.7,1.16,5.54
2025-12-18 12:16,27.6,28,7.4,2.66,7.45
2025-12-18 13:16,30.5,18,3.5,3.58,5.61
2025-12-18 14:16,29.0,14,-1.2,3.44,4.02
2025-12-18 15:16,18.2,16,-8.1,1.76,2.49
2025-12-18 16:16,13.1,21,-8.8,1.19,2.40
2025-12-18 17:16,10.7,25,-8.6,0.97,2.46
2025-12-18 18:16,9.2,28,-8.4,0.84,2.50
2025-12-18 19:16,8.5,31,-7.7,0.77,2.65
2025-12-18 20:16,7.5,33,-7.8,0.69,2.64
2025-12-18 21:16,7.2,35,-7.3,0.66,2.75
2025-12-18 22:16,7.2,36,-6.9,0.65,2.83
2025-12-18 23:16,7.1,37,-6.6,0.64,2.89
2025-12-19 00:16,6.0,38,-7.3,0.58,2.76
2025-12-19 01:16,4.6,41,-7.5,0.50,2.71
2025-12-19 02:16,3.3,43,-8.1,0.44,2.61
2025-12-19 03:16,2.1,46,-8.3,0.38,2.57
2025-12-19 04:16,1.1,49,-8.4,0.34,2.56
2025-12-19 05:16,0.5,51,-8.5,0.31,2.56
2025-12-19 06:16,0.1,53,-8.4,0.29,2.59
2025-12-19 07:16,-0.1,54,-8.3,0.28,2.60
2025-12-19 08:16,1.0,58,-6.3,0.28,3.01
2025-12-19 09:16,4.3,60,-2.8,0.33,3.89
2025-12-19 10:16,9.5,57,1.4,0.51,5.19
2025-12-19 11:16,14.5,48,3.6,0.86,5.97
2025-12-19 12:16,25.7,34,8.7,2.18,8.14
2025-12-19 13:16,30.0,22,6.0,3.31,6.67
2025-12-19 14:16,29.0,17,1.5,3.32,4.88
2025-12-19 15:16,20.1,20,-3.6,1.88,3.48
2025-12-19 16:16,15.1,25,-4.8,1.29,3.23
2025-12-19 17:16,12.8,30,-4.4,1.03,3.36
2025-12-19 18:16,11.8,33,-4.0,0.93,3.47
2025-12-19 19:16,10.8,37,-3.3,0.82,3.66
2025-12-19 20:16,10.2,40,-2.8,0.75,3.81
2025-12-19 21:16,9.5,44,-2.2,0.66,4.00
2025-12-19 22:16,8.9,45,-2.4,0.63,3.94
2025-12-19 23:16,8.1,46,-2.8,0.58,3.83
2025-12-20 00:16,6.7,48,-3.6,0.51,3.65
2025-12-20 01:16,5.4,51,-3.9,0.44,3.56
2025-12-20 02:16,4.4,53,-4.4,0.39,3.46
2025-12-20 03:16,3.6,55,-4.6,0.36,3.40
2025-12-20 04:16,3.0,57,-4.7,0.33,3.39
2025-12-20 05:16,2.9,59,-4.3,0.31,3.48
2025-12-20 06:16,3.5,61,-3.3,0.31,3.75
2025-12-20 07:16,3.5,61,-3.3,0.31,3.75
2025-12-20 08:16,4.1,64,-2.1,0.29,4.10
2025-12-20 09:16,5.9,65,-0.2,0.33,4.69
2025-12-20 10:16,6.9,65,0.8,0.35,5.00
2025-12-20 11:16,7.7,65,1.5,0.37,5.27
2025-12-20 12:16,8.3,65,2.1,0.38,5.48
2025-12-20 13:16,9.3,64,2.8,0.42,5.75
2025-12-20 14:16,10.2,61,3.0,0.49,5.80
2025-12-20 15:16,10.0,60,2.6,0.49,5.64
2025-12-20 16:16,9.5,62,2.6,0.45,5.64
2025-12-20 17:16,9.1,63,2.4,0.43,5.59
2025-12-20 18:16,8.8,65,2.6,0.40,5.66
2025-12-20 19:16,8.7,66,2.7,0.38,5.71
2025-12-20 20:16,8.8,68,3.2,0.36,5.92
2025-12-20 21:16,8.9,68,3.3,0.36,5.96
2025-12-20 22:16,9.0,68,3.4,0.37,5.99
2025-12-20 23:16,9.0,69,3.6,0.36,6.08
2025-12-21 00:16,8.7,70,3.5,0.34,6.05
2025-12-21 01:16,8.2,70,3.0,0.33,5.86
2025-12-21 02:16,7.2,71,2.3,0.29,5.57
2025-12-21 03:16,6.6,71,1.7,0.28,5.36
2025-12-21 04:16,6.3,72,1.6,0.27,5.33
2025-12-21 05:16,5.7,73,1.2,0.25,5.19
2025-12-21 06:16,5.1,73,0.7,0.24,4.99
2025-12-21 07:16,5.3,74,1.0,0.23,5.13
2025-12-21 08:16,5.8,75,1.7,0.23,5.37
2025-12-21 09:16,7.1,77,3.3,0.23,6.01
2025-12-21 10:16,8.1,77,4.3,0.25,6.41
2025-12-21 11:16,9.3,77,5.5,0.27,6.92
2025-12-21 12:16,13.7,74,9.1,0.41,8.76
2025-12-21 13:16,13.4,68,7.6,0.49,7.90
2025-12-21 14:16,13.1,67,7.1,0.50,7.65
2025-12-21 15:16,13.2,66,7.0,0.52,7.58
2025-12-21 16:16,12.4,66,6.2,0.49,7.21
2025-12-21 17:16,11.8,66,5.6,0.47,6.95
2025-12-21 18:16,11.3,67,5.4,0.44,6.83
2025-12-21 19:16,11.0,69,5.5,0.41,6.91
2025-12-21 20:16,11.1,72,6.2,0.37,7.25
2025-12-21 21:16,12.1,71,7.0,0.41,7.61
2025-12-21 22:16,12.4,65,6.0,0.50,7.10
2025-12-21 23:16,11.8,63,5.0,0.51,6.63
2025-12-22 00:16,11.9,64,5.3,0.50,6.78
2025-12-22 01:16,11.6,63,4.8,0.51,6.55
2025-12-22 02:16,11.2,60,3.7,0.53,6.08
2025-12-22 03:16,10.9,57,2.7,0.56,5.67
2025-12-22 04:16,10.1,54,1.2,0.57,5.11
2025-12-22 05:16,9.5,52,0.1,0.57,4.73
2025-12-22 06:16,8.9,52,-0.4,0.55,4.56
2025-12-22 07:16,8.6,52,-0.7,0.54,4.47
2025-12-22 08:16,8.2,50,-1.6,0.54,4.19
2025-12-22 09:16,9.7,51,0.0,0.59,4.70
2025-12-22 10:16,12.3,46,1.0,0.77,4.99
2025-12-22 11:16,14.5,40,1.0,0.99,4.97
2025-12-22 12:16,24.0,31,5.8,2.06,6.74
2025-12-22 13:16,26.4,23,3.6,2.65,5.73
2025-12-22 14:16,26.9,17,-0.2,2.94,4.35
2025-12-22 15:16,17.6,18,-7.0,1.65,2.70
2025-12-22 16:16,11.9,24,-8.1,1.06,2.54
2025-12-22 17:16,9.5,28,-8.1,0.85,2.55
2025-12-22 18:16,8.2,32,-7.5,0.74,2.68
2025-12-22 19:16,7.6,35,-6.9,0.68,2.82
2025-12-22 20:16,7.2,36,-6.9,0.65,2.83
2025-12-22 21:16,6.9,38,-6.5,0.62,2.93
2025-12-22 22:16,5.7,39,-7.2,0.56,2.78
2025-12-22 23:16,4.5,41,-7.6,0.50,2.70
2025-12-23 00:16,3.3,43,-8.1,0.44,2.61
2025-12-23 01:16,2.1,45,-8.6,0.39,2.52
2025-12-23 02:16,1.3,47,-8.8,0.36,2.49
2025-12-23 03:16,0.5,50,-8.7,0.32,2.51
2025-12-23 04:16,0.1,51,-8.9,0.30,2.49
2025-12-23 05:16,-0.1,53,-8.5,0.28,2.55
2025-12-23 06:16,-0.7,55,-8.6,0.26,2.54
2025-12-23 07:16,-1.0,56,-8.7,0.25,2.53
2025-12-23 08:16,-0.2,59,-7.3,0.25,2.82
2025-12-23 09:16,2.8,61,-4.0,0.29,3.58
2025-12-23 10:16,8.2,59,0.7,0.45,4.94
2025-12-23 11:16,12.8,49,2.3,0.75,5.49
2025-12-23 12:16,21.2,38,6.3,1.56,7.04
2025-12-23 13:16,22.6,23,0.4,2.11,4.62
2025-12-23 14:16,20.1,23,-1.7,1.81,4.00
2025-12-23 15:16,16.3,23,-4.9,1.43,3.19
2025-12-23 16:16,11.5,27,-6.9,0.99,2.79
2025-12-23 17:16,8.8,31,-7.4,0.78,2.70
2025-12-23 18:16,6.7,35,-7.7,0.64,2.66
2025-12-23 19:16,5.6,38,-7.6,0.56,2.69
2025-12-23 20:16,5.6,43,-6.0,0.52,3.04
2025-12-23 21:16,5.6,45,-5.4,0.50,3.18
2025-12-23 22:16,5.3,47,-5.1,0.47,3.26
2025-12-23 23:16,5.4,49,-4.5,0.46,3.42
2025-12-24 00:16,5.5,50,-4.1,0.45,3.51
2025-12-24 01:16,5.7,50,-3.9,0.46,3.56
2025-12-24 02:16,5.9,51,-3.5,0.46,3.68
2025-12-24 03:16,5.8,53,-3.1,0.43,3.80
2025-12-24 04:16,5.7,56,-2.4,0.40,3.99
2025-12-24 05:16,5.5,58,-2.1,0.38,4.07
2025-12-24 06:16,5.3,60,-1.8,0.36,4.16
2025-12-24 07:16,5.1,62,-1.6,0.33,4.24
2025-12-24 08:16,5.3,65,-0.8,0.31,4.51
2025-12-24 09:16,5.6,67,-0.1,0.30,4.74
2025-12-24 10:16,6.0,69,0.7,0.29,5.01
2025-12-24 11:16,6.7,71,1.8,0.28,5.39
2025-12-24 12:16,7.5,73,3.0,0.28,5.84
2025-12-24 13:16,8.1,75,3.9,0.27,6.24
2025-12-24 14:16,8.7,75,4.5,0.28,6.49
2025-12-24 15:16,8.6,76,4.6,0.27,6.53
2025-12-24 16:16,8.4,76,4.4,0.26,6.45
2025-12-24 17:16,8.2,76,4.2,0.26,6.36
2025-12-24 18:16,8.0,77,4.2,0.25,6.37
2025-12-24 19:16,7.9,78,4.3,0.23,6.41
2025-12-24 20:16,7.9,78,4.3,0.23,6.41
2025-12-24 21:16,7.9,78,4.3,0.23,6.41
2025-12-24 22:16,7.9,78,4.3,0.23,6.41
2025-12-24 23:16,7.1,80,3.9,0.20,6.24
2025-12-25 00:16,7.1,80,3.9,0.20,6.24
2025-12-25 01:16,6.7,80,3.5,0.20,6.08
2025-12-25 02:16,6.6,81,3.6,0.19,6.11
2025-12-25 03:16,6.6,81,3.6,0.19,6.11
2025-12-25 04:16,6.6,81,3.6,0.19,6.11
2025-12-25 05:16,6.6,81,3.6,0.19,6.11
2025-12-25 06:16,6.6,81,3.6,0.19,6.11
2025-12-25 07:16,6.6,81,3.6,0.19,6.11
2025-12-25 08:16,6.5,83,3.8,0.16,6.22
2025-12-25 09:16,8.3,84,5.8,0.18,7.08
2025-12-25 10:16,10.1,85,7.7,0.19,8.04
2025-12-25 11:16,10.1,85,7.7,0.19,8.04
2025-12-25 12:16,12.9,82,9.9,0.27,9.24
2025-12-25 13:16,12.9,82,9.9,0.27,9.24
2025-12-25 14:16,12.9,82,9.9,0.27,9.24
2025-12-25 15:16,12.9,78,9.2,0.33,8.79
2025-12-25 16:16,12.3,77,8.4,0.33,8.36
2025-12-25 17:16,11.5,78,7.8,0.30,8.06
2025-12-25 18:16,11.3,78,7.6,0.29,7.96
2025-12-25 19:16,10.2,81,7.1,0.24,7.71
2025-12-25 20:16,9.9,81,6.8,0.23,7.56
2025-12-25 21:16,9.6,82,6.7,0.22,7.51
2025-12-25 22:16,9.0,82,6.1,0.21,7.23
2025-12-25 23:16,8.4,82,5.5,0.20,6.96
2025-12-26 00:16,8.3,83,5.6,0.19,7.00
2025-12-26 01:16,8.2,83,5.5,0.18,6.95
2025-12-26 02:16,8.4,84,5.9,0.18,7.13
2025-12-26 03:16,8.4,84,5.9,0.18,7.13
2025-12-26 04:16,8.3,84,5.8,0.18,7.08
2025-12-26 05:16,7.5,84,5.0,0.17,6.72
2025-12-26 06:16,6.5,84,4.0,0.15,6.30
2025-12-26 07:16,6.1,80,2.9,0.19,5.84
2025-12-26 08:16,6.8,73,2.3,0.27,5.58
2025-12-26 09:16,8.8,64,2.4,0.41,5.57
2025-12-26 10:16,11.1,53,1.9,0.62,5.34
2025-12-26 11:16,14.3,45,2.5,0.90,5.53
2025-12-26 12:16,14.5,43,2.1,0.94,5.35
2025-12-26 13:16,21.5,33,4.5,1.72,6.22
2025-12-26 14:16,19.3,24,-1.8,1.70,3.98
2025-12-26 15:16,12.0,26,-6.9,1.04,2.77
2025-12-26 16:16,7.8,31,-8.3,0.73,2.53
2025-12-26 17:16,5.9,35,-8.4,0.60,2.52
2025-12-26 18:16,4.5,38,-8.6,0.52,2.50
2025-12-26 19:16,3.3,40,-9.0,0.46,2.43
2025-12-26 20:16,2.5,42,-9.1,0.42,2.41
2025-12-26 21:16,1.9,43,-9.4,0.40,2.37
2025-12-26 22:16,1.3,45,-9.4,0.37,2.38
2025-12-26 23:16,1.0,46,-9.3,0.35,2.39
2025-12-27 00:16,0.7,46,-9.6,0.35,2.34
2025-12-27 01:16,0.8,46,-9.5,0.35,2.35
2025-12-27 02:16,0.9,44,-10.0,0.37,2.27
2025-12-27 03:16,0.8,43,-10.4,0.37,2.20
2025-12-27 04:16,0.5,42,-11.0,0.37,2.11
2025-12-27 05:16,0.0,42,-11.4,0.35,2.03
2025-12-27 06:16,-0.5,45,-11.0,0.32,2.11
2025-12-27 07:16,-0.7,47,-10.6,0.31,2.17
2025-12-27 08:16,0.5,50,-8.7,0.32,2.51
2025-12-27 09:16,3.4,48,-6.6,0.41,2.93
2025-12-27 10:16,6.9,44,-4.5,0.56,3.39
2025-12-27 11:16,10.5,38,-3.2,0.79,3.69
2025-12-27 12:16,19.6,36,4.1,1.46,6.08
2025-12-27 13:16,24.5,23,2.0,2.37,5.15
2025-12-27 14:16,26.9,17,-0.2,2.94,4.35
2025-12-27 15:16,17.6,15,-9.4,1.71,2.25
2025-12-27 16:16,11.1,18,-12.4,1.08,1.81
2025-12-27 17:16,7.8,21,-13.2,0.84,1.71
2025-12-27 18:16,5.4,25,-13.1,0.67,1.74
2025-12-27 19:16,4.0,29,-12.5,0.58,1.84
2025-12-27 20:16,2.7,33,-12.0,0.50,1.92
2025-12-27 21:16,1.7,37,-11.5,0.44,2.01
2025-12-27 22:16,0.9,40,-11.2,0.39,2.06
2025-12-27 23:16,0.1,43,-11.0,0.35,2.10
2025-12-28 00:16,-0.5,45,-11.0,0.32,2.11
2025-12-28 01:16,-1.1,47,-11.0,0.30,2.11
2025-12-28 02:16,-1.9,50,-11.0,0.27,2.12
2025-12-28 03:16,-2.3,52,-10.8,0.25,2.15
2025-12-28 04:16,-2.6,53,-10.9,0.24,2.14
2025-12-28 05:16,-2.8,55,-10.6,0.22,2.19
2025-12-28 06:16,-2.8,57,-10.1,0.21,2.27
2025-12-28 07:16,-3.1,58,-10.2,0.20,2.26
2025-12-28 08:16,-2.2,60,-8.9,0.21,2.49
2025-12-28 09:16,2.0,63,-4.3,0.26,3.50
2025-12-28 10:16,7.6,62,0.8,0.40,4.99
2025-12-28 11:16,13.0,51,3.1,0.73,5.78
2025-12-28 12:16,25.2,34,8.2,2.12,7.92
2025-12-28 13:16,30.3,21,5.5,3.41,6.47
2025-12-28 14:16,31.2,16,2.4,3.82,5.18
2025-12-28 15:16,21.2,15,-6.5,2.14,2.78
2025-12-28 16:16,14.3,20,-8.4,1.30,2.46
2025-12-28 17:16,10.7,24,-9.1,0.98,2.36
2025-12-28 18:16,7.7,29,-9.3,0.75,2.35
2025-12-28 19:16,6.0,33,-9.1,0.63,2.40
2025-12-28 20:16,4.2,37,-9.2,0.52,2.38
2025-12-28 21:16,2.9,40,-9.4,0.45,2.36
2025-12-28 22:16,1.8,44,-9.2,0.39,2.41
2025-12-28 23:16,1.5,48,-8.3,0.35,2.58
2025-12-29 00:16,1.2,50,-8.1,0.33,2.63
2025-12-29 01:16,0.9,51,-8.1,0.32,2.63
2025-12-29 02:16,0.4,53,-8.1,0.30,2.64
2025-12-29 03:16,0.2,55,-7.8,0.28,2.70
2025-12-29 04:16,-0.1,56,-7.8,0.27,2.69
2025-12-29 05:16,0.2,58,-7.1,0.26,2.85
2025-12-29 06:16,0.7,59,-6.4,0.26,3.00
2025-12-29 07:16,0.9,60,-6.0,0.26,3.09
2025-12-29 08:16,2.0,62,-4.5,0.27,3.45
2025-12-29 09:16,4.4,62,-2.3,0.32,4.05
2025-12-29 10:16,9.2,61,2.1,0.45,5.45
2025-12-29 11:16,13.7,52,4.0,0.75,6.16
2025-12-29 12:16,25.2,37,9.5,2.02,8.61
2025-12-29 13:16,30.0,24,7.2,3.22,7.28
2025-12-29 14:16,30.4,19,4.2,3.52,5.89
2025-12-29 15:16,20.9,20,-2.9,1.98,3.64
2025-12-29 16:16,14.5,26,-4.8,1.22,3.23
2025-12-29 17:16,10.9,31,-5.6,0.90,3.08
2025-12-29 18:16,8.5,36,-5.7,0.71,3.07
2025-12-29 19:16,6.9,41,-5.5,0.59,3.16
2025-12-29 20:16,5.2,45,-5.8,0.49,3.10
2025-12-29 21:16,4.0,49,-5.8,0.41,3.12
2025-12-29 22:16,3.2,52,-5.7,0.37,3.13
2025-12-29 23:16,2.4,55,-5.7,0.33,3.14
2025-12-30 00:16,1.8,57,-5.8,0.30,3.12
2025-12-30 01:16,1.4,59,-5.7,0.28,3.15
2025-12-30 02:16,0.9,61,-5.8,0.25,3.14
2025-12-30 03:16,0.3,62,-6.1,0.24,3.07
2025-12-30 04:16,0.0,64,-6.0,0.22,3.10
2025-12-30 05:16,-0.4,65,-6.2,0.21,3.06
2025-12-30 07:16,-0.9,67,-6.3,0.19,3.05
2025-12-30 09:16,3.5,72,-1.1,0.22,4.43
2025-12-30 10:16,9.0,73,4.4,0.31,6.44
2025-12-30 11:16,14.6,66,8.3,0.57,8.26
2025-12-30 12:16,27.6,43,13.9,2.10,11.44
2025-12-30 13:16,30.9,22,6.7,3.48,7.00
2025-12-30 14:16,31.1,18,4.0,3.70,5.79
2025-12-30 15:16,23.1,19,-1.8,2.29,3.93
2025-12-30 16:16,17.2,23,-4.1,1.51,3.37
2025-12-30 17:16,13.3,28,-4.9,1.10,3.23
2025-12-30 18:16,10.6,33,-5.0,0.86,3.22
2025-12-30 19:16,9.0,37,-4.9,0.72,3.26
2025-12-30 20:16,8.9,41,-3.7,0.67,3.59
2025-12-30 21:16,8.3,42,-3.9,0.64,3.54
2025-12-30 22:16,7.6,44,-3.9,0.58,3.54
2025-12-30 23:16,7.0,45,-4.1,0.55,3.49
2025-12-31 00:16,5.4,47,-5.0,0.48,3.28
2025-12-31 01:16,4.3,50,-5.2,0.42,3.24
2025-12-31 02:16,3.3,51,-5.9,0.38,3.09
2025-12-31 03:16,2.0,53,-6.6,0.33,2.95
2025-12-31 04:16,1.2,55,-6.9,0.30,2.89
2025-12-31 05:16,0.4,57,-7.1,0.27,2.84
2025-12-31 06:16,-0.1,59,-7.2,0.25,2.84
2025-12-31 07:16,-0.3,61,-6.9,0.23,2.89
2025-12-31 08:16,0.1,63,-6.1,0.23,3.07
2025-12-31 09:16,2.8,66,-2.9,0.25,3.87
2025-12-31 10:16,8.7,67,2.9,0.37,5.79
2025-12-31 11:16,13.5,53,4.1,0.73,6.20
2025-12-31 12:16,25.4,34,8.4,2.14,8.00
2025-12-31 13:16,32.0,19,5.5,3.85,6.41
2025-12-31 14:16,33.6,14,2.4,4.47,5.14
2025-12-31 15:16,23.5,13,-6.5,2.52,2.75
2025-12-31 16:16,16.1,17,-9.0,1.52,2.33
2025-12-31 17:16,11.6,21,-10.0,1.08,2.18
2025-12-31 18:16,8.9,25,-10.1,0.86,2.19
2025-12-31 19:16,7.5,29,-9.4,0.74,2.32
2025-12-31 20:16,6.7,32,-8.9,0.67,2.43
2025-12-31 21:16,6.2,35,-8.2,0.62,2.57
2025-12-31 22:16,5.6,38,-7.6,0.56,2.69
2025-12-31 23:16,4.8,40,-7.7,0.52,2.68
2026-01-01 00:16,4.8,42,-7.1,0.50,2.82
2026-01-01 01:16,4.5,42,-7.3,0.49,2.76
2026-01-01 03:16,3.1,45,-7.7,0.42,2.69
2026-01-01 04:16,2.3,48,-7.6,0.37,2.72
2026-01-01 05:16,2.1,50,-7.3,0.36,2.80
2026-01-01 06:16,2.0,52,-6.8,0.34,2.89
2026-01-01 07:16,1.0,53,-7.5,0.31,2.75
2026-01-01 08:16,0.6,56,-7.2,0.28,2.83
2026-01-01 09:16,3.9,60,-3.2,0.32,3.79
2026-01-01 10:16,8.8,56,0.5,0.50,4.87
2026-01-01 11:16,12.4,47,1.4,0.76,5.14
2026-01-01 12:16,23.7,35,7.3,1.90,7.49
2026-01-01 13:16,29.2,21,4.6,3.20,6.10
2026-01-01 14:16,30.7,15,1.1,3.75,4.72
2026-01-01 15:16,20.7,14,-7.8,2.10,2.52
2026-01-01 16:16,13.4,18,-10.5,1.26,2.09
2026-01-01 17:16,9.8,22,-11.0,0.95,2.04
2026-01-01 18:16,7.4,27,-10.4,0.75,2.15
2026-01-01 19:16,6.1,30,-10.2,0.66,2.19
2026-01-01 20:16,5.6,32,-9.8,0.62,2.26
2026-01-01 21:16,5.4,34,-9.2,0.59,2.37
2026-01-01 22:16,5.3,35,-9.0,0.58,2.43
2026-01-01 23:16,5.2,37,-8.3,0.56,2.55
2026-01-02 00:16,4.9,37,-8.6,0.55,2.50
2026-01-02 01:16,4.6,38,-8.5,0.53,2.51
2026-01-02 02:16,4.5,38,-8.6,0.52,2.50
2026-01-02 03:16,4.3,39,-8.5,0.51,2.53
2026-01-02 04:16,4.0,40,-8.4,0.49,2.54
2026-01-02 05:16,3.4,42,-8.3,0.45,2.57
2026-01-02 06:16,3.1,44,-8.0,0.43,2.63
2026-01-02 07:16,2.9,45,-7.9,0.41,2.66
2026-01-02 08:16,3.2,47,-7.0,0.41,2.83
2026-01-02 09:16,4.8,48,-5.3,0.45,3.22
2026-01-02 10:16,9.0,48,-1.4,0.60,4.23
2026-01-02 11:16,11.0,41,-1.8,0.77,4.10
2026-01-02 12:16,10.4,36,-4.1,0.81,3.47
2026-01-02 13:16,21.0,34,4.5,1.64,6.23
2026-01-02 14:16,16.2,23,-5.0,1.42,3.17
2026-01-02 15:16,12.2,28,-5.8,1.02,3.02
2026-01-02 16:16,9.2,34,-5.9,0.77,3.04
2026-01-02 17:16,6.2,41,-6.1,0.56,3.02
2026-01-02 18:16,4.6,48,-5.5,0.44,3.18
2026-01-02 19:16,3.6,54,-4.9,0.36,3.34
2026-01-02 20:16,3.1,58,-4.4,0.32,3.47
2026-01-02 21:16,2.7,60,-4.3,0.30,3.50
2026-01-02 22:16,2.1,63,-4.2,0.26,3.52
2026-01-02 23:16,1.8,64,-4.3,0.25,3.51
2026-01-03 00:16,1.2,65,-4.7,0.23,3.42
2026-01-03 01:16,0.4,66,-5.2,0.21,3.29
2026-01-03 02:16,-0.2,67,-5.6,0.20,3.20
2026-01-03 03:16,-0.5,68,-5.7,0.19,3.18
2026-01-03 04:16,-0.4,68,-5.6,0.19,3.20
2026-01-03 05:16,-0.6,67,-6.0,0.19,3.11
2026-01-03 06:16,-0.8,66,-6.4,0.20,3.03
2026-01-03 07:16,-1.0,66,-6.6,0.19,2.98
2026-01-03 08:16,-0.4,67,-5.8,0.20,3.16
2026-01-03 09:16,2.9,69,-2.2,0.23,4.07
2026-01-03 10:16,7.4,65,1.2,0.36,5.17
2026-01-03 11:16,11.3,55,2.6,0.60,5.61
2026-01-03 12:16,23.5,40,9.1,1.74,8.46
2026-01-03 13:16,28.5,21,4.0,3.07,5.87
2026-01-03 14:16,28.7,14,-1.4,3.39,3.96
2026-01-03 15:16,19.3,13,-9.9,1.95,2.16
2026-01-03 16:16,12.2,16,-12.9,1.19,1.73
2026-01-03 17:16,8.9,20,-12.9,0.91,1.75
2026-01-03 18:16,6.5,24,-12.7,0.74,1.80
2026-01-03 19:16,4.6,29,-11.9,0.60,1.92
2026-01-03 20:16,3.6,33,-11.2,0.53,2.04
2026-01-03 21:16,2.1,36,-11.4,0.45,2.01
2026-01-03 22:16,1.1,39,-11.3,0.40,2.04
2026-01-03 23:16,0.3,42,-11.1,0.36,2.08
2026-01-04 00:16,0.0,45,-10.5,0.34,2.18
2026-01-04 01:16,-0.7,47,-10.6,0.31,2.17
2026-01-04 02:16,-1.2,49,-10.6,0.29,2.18
2026-01-04 03:16,-1.6,50,-10.7,0.27,2.17
2026-01-04 04:16,-1.9,52,-10.5,0.26,2.21
2026-01-04 05:16,-2.3,53,-10.6,0.24,2.19
2026-01-04 06:16,-2.5,54,-10.5,0.23,2.20
2026-01-04 07:16,-2.7,55,-10.5,0.23,2.21
2026-01-04 08:16,-0.2,58,-7.5,0.25,2.77
2026-01-04 09:16,4.6,57,-3.2,0.36,3.77
2026-01-04 10:16,10.2,49,-0.1,0.63,4.66
2026-01-04 11:16,13.5,37,-0.9,0.97,4.33
2026-01-04 12:16,25.1,29,5.8,2.26,6.71
2026-01-04 13:16,29.8,17,2.1,3.48,5.10
2026-01-04 14:16,31.8,13,0.0,4.09,4.34
2026-01-04 15:16,21.3,11,-10.4,2.25,2.05
2026-01-04 16:16,14.0,15,-12.3,1.36,1.81
2026-01-04 17:16,10.7,18,-12.7,1.06,1.77
2026-01-04 18:16,8.0,22,-12.5,0.84,1.82
2026-01-04 19:16,6.6,25,-12.1,0.73,1.89
2026-01-04 20:16,5.1,28,-12.0,0.63,1.92
2026-01-04 21:16,3.7,32,-11.5,0.54,1.99
2026-01-04 22:16,2.3,35,-11.6,0.47,1.98
2026-01-04 23:16,1.5,38,-11.3,0.42,2.04
2026-01-05 00:16,0.7,41,-11.1,0.38,2.08
2026-01-05 01:16,0.1,44,-10.7,0.34,2.15
2026-01-05 02:16,-0.5,46,-10.7,0.32,2.15
2026-01-05 03:16,-1.0,49,-10.4,0.29,2.21
2026-01-05 04:16,-1.3,51,-10.2,0.27,2.26
2026-01-05 05:16,-1.4,53,-9.8,0.26,2.33
2026-01-05 06:16,-1.7,54,-9.8,0.25,2.32
2026-01-05 07:16,-2.2,56,-9.8,0.23,2.33
2026-01-05 08:16,-1.5,58,-8.7,0.23,2.53
2026-01-05 09:16,1.1,60,-5.8,0.26,3.14
2026-01-05 10:16,2.4,60,-4.6,0.29,3.43
2026-01-05 11:16,7.0,61,0.0,0.39,4.73
2026-01-05 12:16,21.7,49,10.5,1.32,9.35
2026-01-05 13:16,25.4,28,5.6,2.34,6.59
2026-01-05 14:16,30.2,20,4.7,3.43,6.13
2026-01-05 15:16,19.7,19,-4.6,1.86,3.23
2026-01-05 16:16,14.6,24,-5.8,1.26,3.00
2026-01-05 17:16,11.0,30,-5.9,0.92,3.00
2026-01-05 18:16,8.6,34,-6.4,0.74,2.92
2026-01-05 19:16,7.4,39,-5.7,0.63,3.10
2026-01-05 20:16,6.9,41,-5.5,0.59,3.16
2026-01-05 21:16,6.1,40,-6.5,0.56,2.92
2026-01-05 22:16,5.5,39,-7.4,0.55,2.74
2026-01-05 23:16,5.0,40,-7.5,0.52,2.72
2026-01-06 00:16,4.4,41,-7.7,0.49,2.68
2026-01-06 01:16,3.8,43,-7.7,0.46,2.70
2026-01-06 02:16,3.2,45,-7.6,0.42,2.71
2026-01-06 03:16,2.6,47,-7.6,0.39,2.72
2026-01-06 04:16,2.6,48,-7.3,0.38,2.78
2026-01-06 05:16,2.2,48,-7.7,0.37,2.70
2026-01-06 06:16,1.5,48,-8.3,0.35,2.58
2026-01-06 07:16,0.7,48,-9.1,0.33,2.44
2026-01-06 10:16,9.9,37,-4.1,0.77,3.45
2026-01-06 11:16,13.2,28,-4.9,1.09,3.21
2026-01-06 12:16,22.9,22,0.0,2.18,4.50
2026-01-06 13:16,26.0,14,-3.6,2.89,3.41
2026-01-06 14:16,26.8,12,-5.0,3.10,3.05
2026-01-06 15:16,17.2,11,-13.6,1.75,1.61
2026-01-06 16:16,11.4,14,-15.2,1.16,1.44
2026-01-06 17:16,8.4,20,-13.3,0.88,1.70
2026-01-06 18:16,6.6,24,-12.6,0.74,1.81
2026-01-06 19:16,5.6,28,-11.5,0.65,1.98
2026-01-06 20:16,4.7,33,-10.2,0.57,2.20
2026-01-06 21:16,4.0,36,-9.8,0.52,2.29
2026-01-06 22:16,3.4,39,-9.3,0.48,2.38
2026-01-06 23:16,2.8,41,-9.2,0.44,2.41
2026-01-07 00:16,2.4,42,-9.2,0.42,2.40
2026-01-07 01:16,1.8,43,-9.5,0.40,2.36
2026-01-07 02:16,1.5,44,-9.5,0.38,2.36
2026-01-07 03:16,1.2,46,-9.2,0.36,2.42
2026-01-07 04:16,0.4,47,-9.6,0.33,2.34
2026-01-07 05:16,0.0,49,-9.5,0.31,2.37
2026-01-07 06:16,0.0,50,-9.2,0.31,2.42
2026-01-07 07:16,0.6,52,-8.1,0.31,2.63
2026-01-07 08:16,1.2,53,-7.3,0.31,2.79
2026-01-07 09:16,2.0,52,-6.8,0.34,2.89
2026-01-07 10:16,2.8,51,-6.4,0.37,2.99
2026-01-07 11:16,3.4,50,-6.1,0.39,3.05
2026-01-07 12:16,4.2,49,-5.6,0.42,3.16
2026-01-07 13:16,5.0,47,-5.4,0.46,3.19
2026-01-07 14:16,6.2,45,-4.9,0.52,3.31
2026-01-07 15:16,6.6,43,-5.1,0.56,3.25
2026-01-07 16:16,6.4,40,-6.2,0.58,2.98
2026-01-07 17:16,5.6,40,-7.0,0.55,2.83
2026-01-07 18:16,4.8,40,-7.7,0.52,2.68
2026-01-07 19:16,3.2,42,-8.5,0.45,2.53
2026-01-07 20:16,1.9,45,-8.8,0.39,2.48
2026-01-07 21:16,0.7,49,-8.8,0.33,2.49
2026-01-07 22:16,-0.3,52,-9.0,0.29,2.47
2026-01-07 23:16,-1.1,54,-9.2,0.26,2.42
2026-01-08 00:16,-1.7,56,-9.3,0.24,2.41
2026-01-08 01:16,-2.1,57,-9.5,0.23,2.39
2026-01-08 02:16,-2.4,59,-9.3,0.21,2.42
2026-01-08 03:16,-2.8,60,-9.5,0.20,2.39
2026-01-08 04:16,-3.0,61,-9.5,0.19,2.40
2026-01-08 05:16,-3.2,62,-9.5,0.18,2.40
2026-01-08 06:16,-3.6,64,-9.4,0.17,2.41
2026-01-08 07:16,-3.8,65,-9.4,0.16,2.41
2026-01-08 08:16,-2.7,67,-8.0,0.17,2.69
2026-01-08 09:16,1.2,69,-3.9,0.21,3.63
2026-01-08 10:16,7.1,69,1.8,0.31,5.38
2026-01-08 11:16,12.6,54,3.5,0.67,5.97
2026-01-08 12:16,20.9,37,5.7,1.56,6.74
2026-01-08 13:16,19.0,18,-5.9,1.80,2.93
2026-01-08 14:16,13.3,23,-7.4,1.18,2.66
2026-01-08 15:16,10.4,24,-9.3,0.96,2.31
2026-01-08 16:16,6.8,28,-10.5,0.71,2.14
2026-01-08 17:16,5.1,30,-11.1,0.61,2.05
2026-01-08 18:16,3.9,32,-11.3,0.55,2.02
2026-01-08 19:16,2.9,34,-11.5,0.50,2.01
2026-01-08 20:16,2.1,36,-11.4,0.45,2.01
2026-01-08 21:16,1.5,38,-11.3,0.42,2.04
2026-01-08 22:16,0.3,39,-12.1,0.38,1.93
2026-01-08 23:16,-0.2,41,-11.9,0.36,1.96
2026-01-09 00:16,-1.2,43,-12.2,0.32,1.92
2026-01-09 01:16,-2.0,45,-12.4,0.29,1.90
2026-01-09 02:16,-2.6,46,-12.6,0.27,1.86
2026-01-09 03:16,-3.2,48,-12.7,0.25,1.86
2026-01-09 04:16,-3.6,49,-12.8,0.24,1.84
2026-01-09 05:16,-4.0,51,-12.7,0.22,1.87
2026-01-09 06:16,-4.3,51,-12.9,0.22,1.83
2026-01-09 07:16,-4.3,52,-12.7,0.21,1.86
2026-01-09 08:16,-3.1,54,-11.1,0.22,2.11
2026-01-09 09:16,1.6,57,-6.0,0.29,3.08
2026-01-09 10:16,7.8,50,-2.0,0.53,4.08
2026-01-09 11:16,12.0,37,-2.3,0.88,3.94
2026-01-09 12:16,23.7,29,4.6,2.08,6.20
2026-01-09 13:16,28.7,17,1.2,3.27,4.80
2026-01-09 14:16,30.6,13,-1.0,3.82,4.07
2026-01-09 15:16,21.9,11,-9.9,2.34,2.12
2026-01-09 16:16,13.4,14,-13.6,1.32,1.63
2026-01-09 17:16,9.2,17,-14.6,0.97,1.52
2026-01-09 18:16,6.9,20,-14.6,0.80,1.54
2026-01-09 19:16,5.5,24,-13.5,0.69,1.69
2026-01-09 20:16,4.8,29,-11.8,0.61,1.94
2026-01-09 21:16,4.1,31,-11.6,0.57,1.98
2026-01-09 22:16,3.1,34,-11.3,0.50,2.04
2026-01-09 23:16,2.3,35,-11.6,0.47,1.98
2026-01-10 00:16,1.7,37,-11.5,0.44,2.01
2026-01-10 01:16,1.4,39,-11.1,0.41,2.08
2026-01-10 02:16,1.2,41,-10.6,0.39,2.16
2026-01-10 03:16,0.8,41,-11.0,0.38,2.10
2026-01-10 04:16,0.0,43,-11.1,0.35,2.08
2026-01-10 05:16,-0.3,44,-11.1,0.33,2.09
2026-01-10 06:16,-0.9,46,-11.1,0.31,2.09
2026-01-10 07:16,-1.2,47,-11.1,0.30,2.10
2026-01-10 08:16,-1.0,50,-10.1,0.28,2.26
2026-01-10 09:16,2.9,53,-5.8,0.35,3.13
2026-01-10 10:16,7.8,50,-2.0,0.53,4.08
2026-01-10 11:16,12.3,42,-0.3,0.83,4.56
2026-01-10 12:16,24.6,33,7.3,2.07,7.43
2026-01-10 13:16,30.3,20,4.8,3.45,6.16
2026-01-10 14:16,32.6,17,4.4,4.08,5.92
2026-01-10 15:16,25.1,14,-4.3,2.74,3.24
2026-01-10 16:16,16.2,19,-7.5,1.49,2.62
2026-01-10 17:16,12.0,23,-8.5,1.08,2.45
2026-01-10 18:16,9.0,27,-9.0,0.84,2.38
2026-01-10 19:16,7.3,31,-8.7,0.71,2.45
2026-01-10 20:16,5.7,36,-8.2,0.59,2.56
2026-01-10 21:16,5.1,38,-8.1,0.54,2.60
2026-01-10 22:16,4.6,42,-7.2,0.49,2.78
2026-01-10 23:16,4.3,44,-6.9,0.47,2.85
2026-01-11 00:16,3.8,46,-6.8,0.43,2.89
2026-01-11 01:16,3.4,47,-6.9,0.41,2.87
2026-01-11 02:16,3.1,48,-6.9,0.40,2.87
2026-01-11 03:16,4.3,51,-5.0,0.41,3.31
2026-01-11 04:16,3.3,51,-5.9,0.38,3.09
2026-01-11 05:16,2.7,51,-6.4,0.36,2.97
2026-01-11 06:16,2.5,52,-6.4,0.35,2.99
2026-01-11 07:16,2.6,54,-5.8,0.34,3.13
2026-01-11 08:16,3.2,55,-5.0,0.35,3.31
2026-01-11 09:16,4.9,57,-2.9,0.37,3.85
2026-01-11 10:16,10.0,58,2.1,0.52,5.45
2026-01-11 11:16,16.2,44,3.9,1.03,6.07
2026-01-11 12:16,25.9,27,5.5,2.44,6.54
2026-01-11 13:16,24.8,15,-3.6,2.66,3.41
2026-01-11 14:16,22.5,13,-7.3,2.37,2.60
2026-01-11 15:16,14.6,14,-12.7,1.43,1.75
2026-01-11 16:16,9.3,17,-14.6,0.97,1.53
2026-01-11 17:16,7.0,21,-13.9,0.79,1.63
2026-01-11 18:16,5.8,23,-13.8,0.71,1.65
2026-01-11 19:16,5.0,25,-13.4,0.65,1.70
2026-01-11 20:16,4.2,25,-14.1,0.62,1.61
2026-01-11 21:16,3.2,28,-13.6,0.55,1.69
2026-01-11 22:16,2.6,28,-14.1,0.53,1.62
2026-01-11 23:16,1.6,30,-14.1,0.48,1.62
2026-01-12 00:16,1.7,30,-14.1,0.48,1.63
2026-01-12 01:16,1.4,30,-14.3,0.47,1.60
2026-01-12 02:16,1.1,30,-14.6,0.46,1.57
2026-01-12 03:16,0.7,30,-14.9,0.45,1.53
2026-01-12 04:16,-0.6,32,-15.3,0.40,1.49
2026-01-12 05:16,-1.6,34,-15.4,0.36,1.47
2026-01-12 06:16,-2.4,36,-15.5,0.33,1.48
2026-01-12 07:16,-2.7,38,-15.1,0.31,1.52
2026-01-12 08:16,-1.5,41,-13.1,0.32,1.79
2026-01-12 09:16,3.0,42,-8.7,0.44,2.50
2026-01-12 10:16,8.2,38,-5.3,0.67,3.18
2026-01-12 11:16,11.8,29,-5.7,0.98,3.05
2026-01-12 12:16,23.4,24,1.7,2.19,5.05
2026-01-12 13:16,29.6,14,-0.7,3.57,4.15
2026-01-12 14:16,30.8,11,-3.1,3.95,3.48
2026-01-12 15:16,23.0,9,-11.6,2.56,1.85
2026-01-12 16:16,12.9,11,-16.9,1.32,1.24
2026-01-12 17:16,8.6,13,-18.3,0.97,1.12
2026-01-12 18:16,5.6,16,-18.3,0.76,1.13
2026-01-12 19:16,3.5,19,-18.0,0.64,1.17
2026-01-12 20:16,2.0,23,-17.0,0.54,1.28
2026-01-12 21:16,0.8,27,-16.1,0.47,1.38
2026-01-12 22:16,0.7,30,-14.9,0.45,1.53
2026-01-12 23:16,0.5,33,-13.9,0.42,1.65
2026-01-13 00:16,-0.1,35,-13.8,0.39,1.68
2026-01-13 01:16,-0.7,38,-13.3,0.36,1.75
2026-01-13 02:16,-1.5,40,-13.4,0.33,1.75
2026-01-13 03:16,-2.1,42,-13.3,0.30,1.76
2026-01-13 04:16,-2.4,44,-13.0,0.29,1.80
2026-01-13 05:16,-3.0,46,-13.0,0.26,1.81
2026-01-13 06:16,-3.3,47,-13.0,0.25,1.81
2026-01-13 07:16,-3.6,49,-12.8,0.24,1.84
2026-01-13 08:16,-2.8,52,-11.3,0.24,2.07
2026-01-13 09:16,1.4,56,-6.4,0.30,2.99
2026-01-13 10:16,6.8,53,-2.1,0.46,4.05
2026-01-13 13:16,31.5,19,5.1,3.74,6.25
2026-01-13 14:16,32.9,15,2.8,4.25,5.31
2026-01-13 15:16,25.6,15,-3.0,2.79,3.57
2026-01-13 16:16,18.0,19,-6.0,1.67,2.92
2026-01-13 17:16,14.4,22,-7.1,1.28,2.72
2026-01-13 18:16,12.0,24,-8.0,1.07,2.56
2026-01-13 19:16,10.4,26,-8.3,0.93,2.51
2026-01-13 20:16,9.7,30,-7.1,0.84,2.77
2026-01-13 21:16,9.3,31,-7.0,0.81,2.79
2026-01-13 22:16,9.0,29,-8.1,0.82,2.56
2026-01-13 23:16,7.5,34,-7.4,0.68,2.72
2026-01-14 00:16,6.7,37,-7.0,0.62,2.81
2026-01-14 01:16,6.1,38,-7.2,0.58,2.78
2026-01-14 02:16,5.5,39,-7.4,0.55,2.74
2026-01-14 03:16,4.9,40,-7.6,0.52,2.70
2026-01-14 04:16,3.9,40,-8.5,0.48,2.53
2026-01-14 05:16,3.1,41,-8.9,0.45,2.45
2026-01-14 06:16,2.9,43,-8.5,0.43,2.54
2026-01-14 07:16,2.3,43,-9.0,0.41,2.44
2026-01-14 08:16,2.6,46,-7.9,0.40,2.66
2026-01-14 09:16,7.1,46,-3.8,0.54,3.59
2026-01-14 10:16,11.3,38,-2.5,0.83,3.88
2026-01-14 11:16,14.6,31,-2.4,1.15,3.88
2026-01-14 12:16,25.9,24,3.8,2.54,5.81
2026-01-14 13:16,28.8,15,-0.4,3.37,4.26
2026-01-14 14:16,29.1,13,-2.1,3.51,3.75
2026-01-14 15:16,21.6,11,-10.2,2.30,2.09
2026-01-14 16:16,13.3,14,-13.7,1.31,1.62
2026-01-14 17:16,9.7,18,-13.5,0.99,1.66
2026-01-14 18:16,7.7,21,-13.3,0.83,1.70
2026-01-14 19:16,6.4,24,-12.7,0.73,1.79
2026-01-14 20:16,5.4,26,-12.6,0.66,1.81
2026-01-14 21:16,4.6,28,-12.4,0.61,1.85
2026-01-14 22:16,4.2,30,-11.9,0.58,1.93
2026-01-14 23:16,3.4,32,-11.8,0.53,1.95
2026-01-15 00:16,3.2,33,-11.6,0.51,1.99
2026-01-15 01:16,2.9,35,-11.1,0.49,2.07
2026-01-15 02:16,2.5,36,-11.1,0.47,2.07
2026-01-15 03:16,1.1,37,-12.0,0.42,1.93
2026-01-15 04:16,0.1,39,-12.2,0.38,1.90
2026-01-15 05:16,-0.7,41,-12.3,0.34,1.89
2026-01-15 06:16,-1.3,43,-12.3,0.32,1.90
2026-01-15 07:16,-1.6,44,-12.3,0.30,1.91
2026-01-15 08:16,-0.8,47,-10.7,0.31,2.15
2026-01-15 09:16,3.1,50,-6.3,0.38,2.99
2026-01-15 10:16,8.7,48,-1.7,0.58,4.15
2026-01-15 11:16,13.6,36,-1.2,1.00,4.24
2026-01-15 12:16,25.2,29,5.9,2.28,6.75
2026-01-15 13:16,30.6,17,2.8,3.64,5.32
2026-01-15 14:16,29.9,14,-0.5,3.63,4.22
2026-01-15 15:16,22.3,13,-7.5,2.34,2.57
2026-01-15 16:16,14.8,20,-8.0,1.35,2.53
2026-01-15 17:16,12.1,27,-6.4,1.03,2.90
2026-01-15 18:16,9.4,33,-6.1,0.79,2.98
2026-01-15 19:16,7.4,38,-6.0,0.64,3.02
2026-01-15 20:16,6.1,42,-5.9,0.55,3.07
2026-01-15 21:16,4.9,45,-6.1,0.48,3.04
2026-01-15 22:16,3.9,48,-6.1,0.42,3.03
2026-01-15 23:16,3.1,51,-6.1,0.37,3.05
2026-01-16 00:16,2.3,52,-6.6,0.35,2.95
2026-01-16 01:16,1.7,54,-6.6,0.32,2.94
2026-01-16 02:16,1.2,56,-6.6,0.29,2.95
2026-01-16 03:16,1.0,57,-6.6,0.28,2.96
2026-01-16 04:16,0.5,58,-6.8,0.27,2.91
2026-01-16 05:16,0.2,59,-6.9,0.25,2.90
2026-01-16 06:16,0.0,60,-6.8,0.24,2.91
2026-01-16 07:16,-0.2,61,-6.8,0.23,2.91
2026-01-16 08:16,1.1,64,-5.0,0.24,3.34
2026-01-16 09:16,5.3,67,-0.3,0.29,4.64
2026-01-16 10:16,12.1,64,5.5,0.51,6.86
2026-01-16 11:16,17.9,46,6.1,1.11,7.02
2026-01-16 12:16,28.8,29,9.0,2.81,8.24
2026-01-16 13:16,33.9,16,4.5,4.44,5.97
2026-01-16 14:16,34.6,11,-0.2,4.89,4.26
2026-01-16 15:16,28.0,11,-5.2,3.36,2.99
2026-01-16 16:16,18.9,15,-8.3,1.86,2.43
2026-01-16 17:16,15.0,19,-8.5,1.38,2.44
2026-01-16 18:16,12.3,23,-8.3,1.10,2.50
2026-01-16 19:16,11.0,27,-7.3,0.96,2.70
2026-01-16 20:16,9.5,30,-7.2,0.83,2.73
2026-01-16 21:16,8.5,34,-6.5,0.73,2.90
2026-01-16 22:16,7.5,36,-6.6,0.66,2.88
2026-01-16 23:16,5.6,38,-7.6,0.56,2.69
2026-01-17 00:16,4.3,41,-7.8,0.49,2.66
2026-01-17 01:16,3.2,44,-7.9,0.43,2.65
2026-01-17 02:16,2.4,46,-8.1,0.39,2.63
2026-01-17 03:16,1.8,48,-8.1,0.36,2.63
2026-01-17 04:16,1.4,50,-7.9,0.34,2.67
2026-01-17 05:16,0.6,52,-8.1,0.31,2.63
2026-01-17 06:16,0.6,55,-7.4,0.29,2.78
2026-01-17 07:16,1.2,56,-6.6,0.29,2.95
2026-01-17 08:16,2.1,58,-5.3,0.30,3.24
2026-01-17 09:16,5.7,60,-1.5,0.37,4.27
2026-01-17 10:16,11.1,54,2.1,0.61,5.44
2026-01-17 11:16,16.2,44,3.9,1.03,6.07
2026-01-17 12:16,27.8,36,11.4,2.39,9.68
2026-01-17 13:16,32.7,22,8.2,3.86,7.71
2026-01-17 14:16,34.3,18,6.6,4.44,6.86
2026-01-17 15:16,29.5,16,1.0,3.46,4.72
2026-01-17 16:16,20.4,19,-4.0,1.94,3.36
2026-01-17 17:16,15.6,24,-4.9,1.35,3.19
2026-01-17 18:16,13.1,30,-4.1,1.06,3.42
2026-01-17 19:16,11.8,34,-3.6,0.91,3.58
2026-01-17 20:16,10.4,36,-4.1,0.81,3.47
2026-01-17 21:16,9.2,39,-4.1,0.71,3.48
2026-01-17 22:16,8.6,41,-3.9,0.66,3.52
2026-01-17 23:16,8.0,43,-3.8,0.61,3.55
2026-01-18 00:16,7.6,43,-4.2,0.59,3.46
2026-01-18 01:16,7.0,44,-4.4,0.56,3.41
2026-01-18 02:16,6.7,45,-4.4,0.54,3.42
2026-01-18 03:16,6.4,46,-4.4,0.52,3.43
2026-01-18 04:16,6.2,46,-4.6,0.51,3.38
2026-01-18 05:16,6.0,46,-4.8,0.50,3.34
2026-01-18 06:16,5.9,46,-4.9,0.50,3.32
2026-01-18 07:16,5.6,46,-5.1,0.49,3.25
2026-01-18 08:16,6.1,47,-4.4,0.50,3.43
2026-01-18 09:16,8.8,45,-2.5,0.62,3.92
2026-01-18 10:16,12.1,39,-1.5,0.86,4.18
2026-01-18 11:16,15.1,35,-0.3,1.12,4.52
2026-01-18 12:16,26.4,30,7.4,2.41,7.47
2026-01-18 13:16,32.1,18,4.8,3.92,6.11
2026-01-18 14:16,33.9,15,3.6,4.50,5.60
2026-01-18 15:16,29.0,13,-2.2,3.48,3.73
2026-01-18 16:16,18.7,16,-7.7,1.81,2.56
2026-01-18 17:16,13.9,20,-8.7,1.27,2.40
2026-01-18 18:16,10.6,24,-9.2,0.97,2.34
2026-01-18 19:16,8.7,28,-8.8,0.81,2.42
2026-01-18 20:16,7.7,33,-7.6,0.70,2.68
2026-01-18 21:16,6.4,39,-6.6,0.59,2.91
2026-01-18 22:16,6.3,42,-5.7,0.55,3.11
2026-01-18 23:16,6.6,45,-4.5,0.54,3.40
2026-01-19 00:16,6.7,46,-4.1,0.53,3.50
2026-01-19 01:16,6.2,45,-4.9,0.52,3.31
2026-01-19 02:16,5.9,44,-5.4,0.52,3.17
2026-01-19 03:16,5.4,44,-5.9,0.50,3.07
2026-01-19 04:16,5.2,44,-6.1,0.50,3.03
2026-01-19 05:16,4.4,45,-6.5,0.46,2.94
2026-01-19 06:16,3.1,47,-7.1,0.40,2.81
2026-01-19 07:16,2.3,50,-7.1,0.36,2.84
2026-01-19 08:16,3.3,54,-5.1,0.36,3.28
2026-01-19 09:16,6.3,55,-2.1,0.43,4.07
2026-01-19 10:16,9.9,55,1.3,0.55,5.14
2026-01-19 11:16,14.4,48,3.5,0.85,5.93
2026-01-19 12:16,24.4,40,9.9,1.83,8.90
2026-01-19 13:16,29.4,25,7.3,3.07,7.34
2026-01-19 14:16,30.9,20,5.3,3.57,6.37
2026-01-19 15:16,26.1,19,0.7,2.74,4.65
2026-01-19 16:16,18.1,24,-2.8,1.58,3.71
2026-01-19 17:16,13.9,29,-3.9,1.13,3.48
2026-01-19 18:16,11.2,34,-4.1,0.88,3.45
2026-01-19 19:16,9.2,39,-4.1,0.71,3.48
2026-01-19 20:16,7.9,43,-3.9,0.61,3.53
2026-01-19 21:16,7.1,47,-3.5,0.53,3.67
2026-01-19 22:16,6.1,50,-3.6,0.47,3.65
2026-01-19 23:16,5.3,52,-3.8,0.43,3.60
2026-01-20 00:16,4.7,55,-3.6,0.38,3.66
2026-01-20 01:16,4.3,56,-3.7,0.37,3.63
2026-01-20 02:16,3.7,58,-3.8,0.33,3.61
2026-01-20 03:16,3.1,60,-3.9,0.31,3.59
2026-01-20 04:16,2.7,61,-4.1,0.29,3.55
2026-01-20 05:16,4.5,66,-1.3,0.29,4.34
2026-01-20 06:16,6.4,60,-0.8,0.38,4.47
2026-01-20 07:16,6.6,52,-2.6,0.47,3.93
2026-01-20 08:16,6.3,47,-4.2,0.51,3.48
2026-01-20 09:16,7.3,43,-4.5,0.58,3.40
2026-01-20 10:16,7.6,38,-5.8,0.65,3.06
2026-01-20 11:16,7.4,35,-7.1,0.67,2.78
2026-01-20 12:16,7.8,33,-7.5,0.71,2.69
2026-01-20 13:16,7.6,32,-8.1,0.71,2.58
2026-01-20 14:16,7.3,31,-8.7,0.71,2.45
2026-01-20 15:16,7.0,30,-9.4,0.70,2.32
2026-01-20 16:16,5.8,29,-10.9,0.65,2.08
2026-01-20 17:16,4.1,30,-12.0,0.57,1.92
2026-01-20 18:16,3.1,31,-12.4,0.53,1.86
2026-01-20 19:16,2.3,32,-12.7,0.49,1.81
2026-01-20 20:16,1.7,34,-12.5,0.46,1.85
2026-01-20 21:16,1.4,33,-13.2,0.45,1.76
2026-01-20 22:16,1.2,33,-13.3,0.45,1.74
2026-01-20 23:16,1.0,33,-13.5,0.44,1.71
2026-01-21 00:16,1.0,35,-12.8,0.43,1.82
2026-01-21 01:16,1.0,35,-12.8,0.43,1.82
2026-01-21 02:16,0.9,34,-13.2,0.43,1.75
2026-01-21 03:16,0.6,33,-13.9,0.43,1.67
2026-01-21 04:16,0.5,32,-14.3,0.43,1.60
2026-01-21 05:16,0.4,32,-14.4,0.43,1.59
2026-01-21 06:16,0.4,31,-14.8,0.43,1.54
2026-01-21 07:16,0.0,32,-14.8,0.42,1.55
2026-01-21 08:16,0.5,33,-13.9,0.42,1.65
2026-01-21 09:16,3.8,34,-10.7,0.53,2.13
2026-01-21 10:16,5.5,30,-10.7,0.63,2.11
2026-01-21 11:16,8.9,28,-8.7,0.82,2.45
2026-01-21 12:16,19.8,26,-0.3,1.71,4.44
2026-01-21 13:16,24.4,14,-4.9,2.63,3.12
2026-01-21 14:16,26.2,11,-6.6,3.03,2.71
2026-01-21 15:16,23.6,9,-11.2,2.65,1.91
2026-01-21 16:16,12.5,9,-19.6,1.32,0.99
2026-01-21 17:16,8.0,11,-20.8,0.95,0.91
2026-01-21 18:16,5.3,13,-21.0,0.77,0.90
2026-01-21 19:16,3.1,15,-21.1,0.65,0.90
2026-01-21 20:16,1.3,18,-20.5,0.55,0.95
2026-01-21 21:16,0.2,20,-20.2,0.50,0.98
2026-01-21 22:16,0.0,22,-19.2,0.48,1.07
2026-01-21 23:16,0.1,26,-17.2,0.46,1.27
2026-01-22 00:16,0.0,28,-16.4,0.44,1.36
2026-01-22 01:16,0.0,30,-15.5,0.43,1.45
2026-01-22 02:16,-0.4,31,-15.5,0.41,1.46
2026-01-22 03:16,-0.1,34,-14.1,0.40,1.64
2026-01-22 04:16,-0.4,36,-13.7,0.38,1.70
2026-01-22 05:16,-0.8,38,-13.4,0.36,1.74
2026-01-22 06:16,-1.3,40,-13.2,0.33,1.77
2026-01-22 07:16,-1.6,42,-12.9,0.32,1.82
2026-01-22 08:16,-0.6,45,-11.1,0.32,2.09
2026-01-22 09:16,3.3,45,-7.5,0.43,2.73
2026-01-22 10:16,6.9,38,-6.5,0.62,2.93
2026-01-22 11:16,9.4,30,-7.3,0.83,2.71
2026-01-22 12:16,19.0,26,-1.0,1.63,4.24
2026-01-22 13:16,23.3,14,-5.7,2.46,2.93
2026-01-22 14:16,19.4,10,-13.1,2.03,1.67
2026-01-22 15:16,15.2,11,-15.1,1.54,1.43
2026-01-22 16:16,7.4,12,-20.2,0.91,0.95
2026-01-22 17:16,4.7,15,-19.8,0.73,1.00
2026-01-22 18:16,3.2,17,-19.6,0.64,1.02
2026-01-22 19:16,2.0,20,-18.7,0.56,1.11
2026-01-22 20:16,1.0,21,-18.9,0.52,1.09
2026-01-22 21:16,0.2,22,-19.1,0.48,1.08
2026-01-22 22:16,-0.6,25,-18.2,0.44,1.16
2026-01-22 23:16,-1.6,26,-18.6,0.40,1.13
2026-01-23 00:16,-2.6,28,-18.6,0.36,1.13
2026-01-23 01:16,-3.2,30,-18.4,0.34,1.16
2026-01-23 02:16,-4.0,32,-18.3,0.31,1.17
2026-01-23 03:16,-4.6,34,-18.1,0.29,1.19
2026-01-23 04:16,-5.2,36,-18.0,0.27,1.21
2026-01-23 05:16,-5.4,38,-17.5,0.25,1.26
2026-01-23 06:16,-6.0,40,-17.4,0.23,1.27
2026-01-23 07:16,-6.2,41,-17.3,0.23,1.28
2026-01-23 08:16,-5.0,44,-15.4,0.24,1.50
2026-01-23 09:16,-0.1,47,-10.1,0.32,2.26
2026-01-23 10:16,5.5,43,-6.1,0.51,3.02
2026-01-23 11:16,10.3,35,-4.5,0.81,3.35
2026-01-23 12:16,23.5,28,3.9,2.08,5.92
2026-01-23 13:16,29.4,14,-0.9,3.53,4.11
2026-01-23 14:16,31.6,10,-3.7,4.18,3.30
2026-01-23 15:16,27.7,8,-9.6,3.42,2.14
2026-01-23 16:16,14.2,8,-19.7,1.49,0.98
2026-01-23 17:16,9.6,10,-20.6,1.08,0.92
2026-01-23 18:16,6.3,13,-20.2,0.83,0.96
2026-01-23 19:16,4.2,16,-19.5,0.69,1.03
2026-01-23 20:16,2.4,20,-18.3,0.58,1.14
2026-01-23 21:16,0.9,22,-18.5,0.51,1.13
2026-01-23 22:16,0.1,25,-17.6,0.46,1.22
2026-01-23 23:16,-0.5,27,-17.2,0.43,1.26
2026-01-24 00:16,-1.1,29,-16.9,0.40,1.30
2026-01-24 01:16,-2.1,32,-16.6,0.36,1.34
2026-01-24 02:16,-2.7,34,-16.4,0.33,1.36
2026-01-24 03:16,-3.5,37,-16.1,0.30,1.40
2026-01-24 04:16,-4.1,39,-16.0,0.28,1.42
2026-01-24 05:16,-4.5,41,-15.8,0.26,1.45
2026-01-24 06:16,-5.1,43,-15.8,0.24,1.45
2026-01-24 07:16,-5.4,45,-15.5,0.22,1.49
2026-01-24 08:16,-4.2,48,-13.6,0.23,1.73
2026-01-24 09:16,0.7,51,-8.3,0.31,2.59
2026-01-24 10:16,6.8,48,-3.5,0.51,3.67
2026-01-24 11:16,12.0,38,-1.9,0.87,4.05
2026-01-24 12:16,23.1,27,3.1,2.06,5.58
2026-01-24 13:16,20.2,18,-4.9,1.94,3.15
2026-01-24 14:16,23.9,18,-1.9,2.43,3.89
2026-01-24 15:16,21.9,12,-8.8,2.31,2.32
2026-01-24 16:16,12.5,12,-16.2,1.28,1.32
2026-01-24 17:16,9.2,16,-15.4,0.98,1.43
2026-01-24 18:16,6.8,20,-14.7,0.79,1.53
2026-01-24 19:16,5.8,24,-13.3,0.70,1.72
2026-01-24 20:16,4.6,28,-12.4,0.61,1.85
2026-01-24 21:16,3.9,33,-10.9,0.54,2.08
2026-01-24 22:16,3.1,37,-10.2,0.48,2.21
2026-01-24 23:16,2.7,39,-9.9,0.45,2.27
2026-01-25 00:16,1.9,40,-10.3,0.42,2.21
2026-01-25 01:16,0.9,42,-10.6,0.38,2.17
2026-01-25 02:16,1.0,44,-9.9,0.37,2.28
2026-01-25 03:16,1.2,45,-9.4,0.37,2.37
2026-01-25 04:16,1.1,46,-9.3,0.36,2.40
2026-01-25 05:16,1.2,47,-8.9,0.35,2.47
2026-01-25 06:16,1.0,46,-9.3,0.35,2.39
2026-01-25 07:16,0.2,46,-10.1,0.33,2.26
2026-01-25 08:16,0.8,48,-9.0,0.34,2.46
2026-01-25 09:16,4.1,47,-6.2,0.43,3.01
2026-01-25 10:16,8.0,43,-3.8,0.61,3.55
2026-01-25 11:16,10.4,34,-4.8,0.83,3.28
2026-01-25 12:16,11.5,27,-6.9,0.99,2.79
2026-01-25 13:16,13.3,26,-5.8,1.13,3.00
2026-01-25 14:16,21.1,20,-2.8,2.00,3.69
2026-01-25 15:16,17.5,13,-11.3,1.74,1.94
2026-01-25 16:16,7.5,14,-18.4,0.89,1.12
2026-01-25 17:16,4.8,18,-17.6,0.71,1.21
2026-01-25 18:16,3.5,21,-16.8,0.62,1.29
2026-01-25 19:16,2.7,22,-17.0,0.58,1.28
2026-01-25 20:16,1.9,24,-16.6,0.53,1.32
2026-01-25 21:16,1.3,26,-16.1,0.50,1.38
2026-01-25 22:16,1.0,27,-16.0,0.48,1.40
2026-01-25 23:16,0.6,30,-15.0,0.45,1.51
2026-01-26 00:16,0.0,31,-15.2,0.42,1.50
2026-01-26 01:16,-0.8,32,-15.5,0.39,1.47
2026-01-26 02:16,-0.4,34,-14.4,0.39,1.60
2026-01-26 03:16,-0.7,34,-14.6,0.38,1.57
2026-01-26 04:16,-1.9,35,-15.4,0.35,1.49
2026-01-26 05:16,-2.5,37,-15.2,0.32,1.51
2026-01-26 06:16,-3.0,39,-15.0,0.30,1.53
2026-01-26 07:16,-3.4,40,-15.1,0.29,1.53
2026-01-26 08:16,-2.9,43,-13.8,0.28,1.70
2026-01-26 09:16,1.9,46,-8.5,0.38,2.54
2026-01-26 10:16,7.0,41,-5.4,0.59,3.18
2026-01-26 11:16,10.9,33,-4.8,0.87,3.28
2026-01-26 12:16,21.7,28,2.4,1.87,5.34
2026-01-26 13:16,26.9,17,-0.2,2.94,4.35
2026-01-26 14:16,25.2,13,-5.2,2.79,3.03
2026-01-26 15:16,17.7,13,-11.1,1.76,1.96
2026-01-26 16:16,11.5,16,-13.5,1.14,1.65
2026-01-26 17:16,8.5,19,-13.9,0.90,1.62
2026-01-26 18:16,6.5,21,-14.3,0.76,1.57
2026-01-26 19:16,5.1,24,-13.9,0.67,1.64
2026-01-26 20:16,4.4,27,-13.0,0.61,1.76
2026-01-26 21:16,4.0,28,-12.9,0.59,1.78
2026-01-26 22:16,2.8,30,-13.1,0.52,1.76
2026-01-26 23:16,2.2,31,-13.2,0.49,1.75
2026-01-27 00:16,1.9,33,-12.7,0.47,1.82
2026-01-27 01:16,2.0,35,-11.9,0.46,1.94
2026-01-27 02:16,2.2,37,-11.0,0.45,2.08
2026-01-27 03:16,2.2,38,-10.7,0.44,2.14
2026-01-27 04:16,1.6,39,-10.9,0.42,2.11
2026-01-27 05:16,0.6,40,-11.5,0.38,2.02
2026-01-27 06:16,0.3,42,-11.1,0.36,2.08
2026-01-27 07:16,0.0,43,-11.1,0.35,2.08
2026-01-27 08:16,0.3,45,-10.3,0.34,2.23
2026-01-27 09:16,3.6,47,-6.7,0.42,2.91
2026-01-27 10:16,8.4,42,-3.8,0.64,3.56
2026-01-27 11:16,12.6,34,-2.9,0.96,3.76
2026-01-27 12:16,23.4,29,4.3,2.04,6.10
2026-01-27 13:16,29.0,17,1.5,3.32,4.88
2026-01-27 14:16,31.1,13,-0.6,3.93,4.18
2026-01-27 15:16,30.6,12,-2.1,3.86,3.76
2026-01-27 16:16,17.4,12,-12.4,1.75,1.78
2026-01-27 17:16,12.0,16,-13.1,1.18,1.71
2026-01-27 18:16,8.4,19,-13.9,0.89,1.61
2026-01-27 19:16,6.0,23,-13.6,0.72,1.67
2026-01-27 20:16,4.6,28,-12.4,0.61,1.85
2026-01-27 21:16,5.1,34,-9.5,0.58,2.33
2026-01-27 22:16,5.0,37,-8.5,0.55,2.51
2026-01-27 23:16,4.7,40,-7.8,0.51,2.66
2026-01-28 00:16,4.1,43,-7.4,0.47,2.75
2026-01-28 01:16,3.7,44,-7.4,0.45,2.74
2026-01-28 02:16,3.2,46,-7.3,0.42,2.77
2026-01-28 03:16,2.9,48,-7.1,0.39,2.83
2026-01-28 04:16,2.8,49,-6.9,0.38,2.87
2026-01-28 05:16,2.9,49,-6.8,0.38,2.89
2026-01-28 06:16,2.6,48,-7.3,0.38,2.78
2026-01-28 07:16,2.4,48,-7.5,0.38,2.74
2026-01-28 08:16,3.5,49,-6.2,0.40,3.01
2026-01-28 09:16,6.5,45,-4.6,0.53,3.37
2026-01-28 10:16,8.1,39,-5.0,0.66,3.25
2026-01-28 11:16,10.2,35,-4.6,0.81,3.33
2026-01-28 12:16,21.7,31,3.8,1.79,5.91
2026-01-28 13:16,23.2,19,-1.7,2.30,3.95
2026-01-28 14:16,14.0,16,-11.5,1.34,1.93
2026-01-28 15:16,12.2,20,-10.1,1.14,2.16
2026-01-28 16:16,10.5,20,-11.6,1.02,1.94
2026-01-28 17:16,7.8,22,-12.6,0.83,1.80
2026-01-28 18:16,6.5,24,-12.7,0.74,1.80
2026-01-28 19:16,5.5,26,-12.5,0.67,1.83
2026-01-28 20:16,4.9,28,-12.1,0.62,1.89
2026-01-28 21:16,4.3,30,-11.8,0.58,1.95
2026-01-28 22:16,4.0,32,-11.2,0.55,2.03
2026-01-28 23:16,3.8,33,-11.0,0.54,2.07
2026-01-29 00:16,3.5,34,-10.9,0.52,2.09
2026-01-29 01:16,3.4,35,-10.6,0.51,2.14
2026-01-29 02:16,3.3,37,-10.0,0.49,2.24
2026-01-29 03:16,3.2,38,-9.8,0.48,2.29
2026-01-29 04:16,2.7,38,-10.2,0.46,2.21
2026-01-29 05:16,2.1,39,-10.4,0.43,2.18
2026-01-29 06:16,1.1,40,-11.0,0.40,2.09
2026-01-29 07:16,0.1,41,-11.6,0.36,2.00
2026-01-29 08:16,0.8,44,-10.1,0.36,2.25
2026-01-29 09:16,4.7,44,-6.5,0.48,2.93
2026-01-29 10:16,9.2,38,-4.4,0.72,3.39
2026-01-29 11:16,13.1,31,-3.7,1.04,3.54
2026-01-29 12:16,24.1,26,3.4,2.22,5.69
2026-01-29 13:16,20.5,14,-8.0,2.07,2.49
2026-01-29 14:16,13.9,16,-11.6,1.33,1.92
2026-01-29 15:16,12.7,20,-9.7,1.17,2.23
2026-01-29 16:16,10.8,21,-10.7,1.02,2.08
2026-01-29 17:16,8.1,24,-11.3,0.82,2.00
2026-01-29 18:16,6.3,25,-12.3,0.72,1.85
2026-01-29 19:16,5.1,27,-12.4,0.64,1.85
2026-01-29 20:16,3.8,29,-12.6,0.57,1.82
2026-01-29 21:16,2.6,31,-12.9,0.51,1.79
2026-01-29 22:16,1.6,33,-13.0,0.46,1.78
2026-01-29 23:16,0.4,35,-13.3,0.41,1.74
2026-01-30 00:16,-0.4,37,-13.3,0.37,1.74
2026-01-30 01:16,-1.2,39,-13.4,0.34,1.74
2026-01-30 02:16,-2.0,41,-13.5,0.31,1.73
2026-01-30 03:16,-2.2,44,-12.8,0.29,1.83
2026-01-30 04:16,-0.9,49,-10.3,0.29,2.23
2026-01-30 05:16,-0.3,50,-9.5,0.30,2.37
2026-01-30 06:16,-0.4,52,-9.1,0.28,2.45
2026-01-30 07:16,-1.2,52,-9.8,0.27,2.32
2026-01-30 08:16,-0.7,54,-8.9,0.27,2.49
2026-01-30 10:16,7.4,46,-3.5,0.56,3.66
2026-01-30 11:16,10.3,31,-6.1,0.86,2.97
2026-01-30 12:16,18.0,27,-1.3,1.51,4.15
2026-01-30 13:16,25.1,18,-0.9,2.61,4.17
2026-01-30 14:16,27.2,13,-3.6,3.14,3.38
2026-01-30 15:16,25.5,11,-7.2,2.90,2.60
2026-01-30 16:16,11.6,10,-19.1,1.23,1.04
2026-01-30 17:16,6.8,14,-18.9,0.85,1.07
2026-01-30 18:16,4.9,17,-18.2,0.72,1.15
2026-01-30 19:16,3.6,19,-17.9,0.64,1.18
2026-01-30 20:16,2.8,21,-17.4,0.59,1.23
2026-01-30 21:16,2.2,23,-16.8,0.55,1.30
2026-01-30 22:16,1.9,25,-16.1,0.53,1.38
2026-01-30 23:16,1.4,27,-15.6,0.49,1.44
2026-01-31 00:16,0.8,29,-15.3,0.46,1.48
2026-01-31 01:16,0.4,30,-15.2,0.44,1.49
2026-01-31 02:16,-0.1,31,-15.2,0.42,1.49
2026-01-31 03:16,-0.7,32,-15.4,0.39,1.48
2026-01-31 04:16,-1.3,34,-15.2,0.37,1.51
2026-01-31 05:16,-2.1,35,-15.5,0.34,1.46
2026-01-31 06:16,-1.5,37,-14.3,0.34,1.62
2026-01-31 07:16,-0.9,37,-13.8,0.36,1.68
2026-01-31 08:16,0.3,38,-12.4,0.39,1.88
2026-01-31 09:16,5.1,37,-8.4,0.55,2.53
2026-01-31 10:16,8.7,30,-7.9,0.79,2.59
2026-01-31 11:16,11.9,25,-7.5,1.04,2.65
2026-01-31 12:16,21.7,22,-1.0,2.02,4.20
2026-01-31 13:16,27.3,14,-2.6,3.12,3.66
2026-01-31 14:16,30.8,11,-3.1,3.95,3.48
2026-01-31 15:16,28.8,10,-5.9,3.56,2.84
2026-01-31 16:16,15.7,10,-15.9,1.61,1.34
2026-01-31 17:16,10.2,13,-17.1,1.08,1.24
2026-01-31 18:16,7.2,15,-17.8,0.86,1.18
2026-01-31 19:16,5.1,18,-17.3,0.72,1.23
2026-01-31 20:16,3.5,21,-16.8,0.62,1.29
2026-01-31 21:16,3.1,23,-16.1,0.59,1.38
2026-01-31 22:16,2.5,26,-15.1,0.54,1.49
2026-01-31 23:16,2.3,28,-14.4,0.52,1.59
2026-02-01 00:16,2.0,30,-13.8,0.49,1.67
2026-02-01 01:16,1.5,32,-13.4,0.46,1.72
2026-02-01 02:16,1.1,33,-13.4,0.44,1.72
2026-02-01 03:16,0.6,34,-13.5,0.42,1.72
2026-02-01 04:16,-0.4,35,-14.0,0.39,1.65
2026-02-01 05:16,-1.4,36,-14.6,0.35,1.58
2026-02-01 06:16,-2.2,38,-14.6,0.32,1.58
2026-02-01 07:16,-2.8,39,-14.9,0.30,1.55
2026-02-01 08:16,-1.5,43,-12.5,0.31,1.88
2026-02-01 09:16,3.4,45,-7.4,0.43,2.75
2026-02-01 10:16,9.6,39,-3.7,0.73,3.57
2026-02-01 11:16,13.8,31,-3.1,1.09,3.69
2026-02-01 12:16,25.4,26,4.5,2.40,6.12
2026-02-01 13:16,30.9,15,1.2,3.80,4.77
2026-02-01 14:16,33.4,11,-1.1,4.58,4.00
2026-02-01 15:16,33.0,10,-2.7,4.53,3.56
2026-02-01 16:16,18.4,9,-15.1,1.93,1.42
2026-02-01 17:16,12.3,12,-16.4,1.26,1.30
2026-02-01 18:16,8.7,16,-15.8,0.94,1.38
2026-02-01 19:16,6.9,20,-14.6,0.80,1.54
2026-02-01 20:16,5.9,23,-13.7,0.72,1.66
2026-02-01 21:16,5.1,26,-12.9,0.65,1.78
2026-02-01 22:16,4.5,29,-12.0,0.60,1.91
2026-02-01 23:16,4.2,32,-11.1,0.56,2.06
2026-02-02 00:16,3.6,34,-10.8,0.52,2.10
2026-02-02 02:16,2.5,37,-10.7,0.46,2.13
2026-02-02 03:16,2.5,38,-10.4,0.45,2.18
2026-02-02 04:16,2.1,39,-10.4,0.43,2.18
2026-02-02 05:16,0.8,39,-11.6,0.39,2.00
2026-02-02 06:16,-0.3,42,-11.7,0.35,1.99
2026-02-02 07:16,-1.1,44,-11.8,0.32,1.98
2026-02-02 08:16,-0.2,48,-9.9,0.31,2.29
2026-02-02 09:16,5.5,49,-4.4,0.46,3.44
2026-02-02 10:16,10.7,40,-2.4,0.77,3.93
2026-02-02 11:16,14.7,31,-2.3,1.15,3.90
2026-02-02 12:16,26.4,27,5.9,2.51,6.72
2026-02-02 13:16,32.4,15,2.4,4.13,5.17
2026-02-02 14:16,30.8,10,-4.4,4.00,3.17
2026-02-02 15:16,17.7,12,-12.1,1.78,1.81
2026-02-02 16:16,12.9,16,-12.4,1.25,1.80
2026-02-02 17:16,10.8,21,-10.7,1.02,2.08
2026-02-02 18:16,8.4,25,-10.5,0.83,2.12
2026-02-02 19:16,6.5,29,-10.3,0.69,2.17
2026-02-02 20:16,5.5,30,-10.7,0.63,2.11
2026-02-02 21:16,4.7,32,-10.6,0.58,2.13
2026-02-02 22:16,4.1,34,-10.4,0.54,2.18
2026-02-02 23:16,3.1,35,-10.9,0.50,2.09
2026-02-03 00:16,1.9,37,-11.3,0.44,2.04
2026-02-03 01:16,1.3,38,-11.5,0.42,2.01
2026-02-03 02:16,1.1,41,-10.7,0.39,2.14
2026-02-03 03:16,1.4,43,-9.8,0.39,2.29
2026-02-03 04:16,2.1,44,-8.9,0.40,2.46
2026-02-03 05:16,1.3,44,-9.6,0.38,2.33
2026-02-03 06:16,0.7,45,-9.9,0.35,2.29
2026-02-03 07:16,0.3,48,-9.4,0.32,2.37
2026-02-03 08:16,1.9,51,-7.2,0.34,2.81
2026-02-03 09:16,6.1,49,-3.8,0.48,3.58
2026-02-03 10:16,9.7,40,-3.3,0.72,3.69
2026-02-03 11:16,12.7,32,-3.6,1.00,3.56
2026-02-03 12:16,23.0,27,3.0,2.05,5.55
2026-02-03 13:16,28.4,16,0.1,3.25,4.45
2026-02-03 14:16,30.6,13,-1.0,3.82,4.07
2026-02-03 15:16,29.8,11,-3.8,3.73,3.30
2026-02-03 16:16,15.9,11,-14.6,1.61,1.49
2026-02-03 17:16,10.6,16,-14.2,1.07,1.56
2026-02-03 18:16,7.9,19,-14.4,0.86,1.56
2026-02-03 19:16,6.4,23,-13.3,0.74,1.71
2026-02-03 20:16,5.4,27,-12.1,0.65,1.88
2026-02-03 21:16,4.4,29,-12.1,0.59,1.89
2026-02-03 22:16,3.6,31,-12.0,0.55,1.92
2026-02-03 23:16,2.5,33,-12.2,0.49,1.90
2026-02-04 00:16,1.2,36,-12.3,0.43,1.89
2026-02-04 01:16,0.6,38,-12.1,0.40,1.92
2026-02-04 02:16,-0.2,40,-12.2,0.36,1.91
2026-02-04 03:16,-0.8,42,-12.1,0.33,1.93
2026-02-04 04:16,-1.1,44,-11.8,0.32,1.98
2026-02-04 05:16,-1.2,45,-11.6,0.31,2.01
2026-02-04 06:16,-1.3,46,-11.5,0.30,2.04
2026-02-04 07:16,-1.5,48,-11.1,0.28,2.10
2026-02-04 08:16,0.0,51,-8.9,0.30,2.47
2026-02-04 09:16,4.5,52,-4.5,0.40,3.42
2026-02-04 10:16,9.9,45,-1.5,0.67,4.20
2026-02-04 11:16,13.8,34,-1.8,1.04,4.05
2026-02-04 12:16,25.6,28,5.7,2.36,6.67
2026-02-04 13:16,31.6,16,2.7,3.90,5.29
2026-02-04 14:16,34.0,12,0.6,4.68,4.50
2026-02-04 15:16,33.8,10,-2.1,4.73,3.71
2026-02-04 16:16,20.4,10,-12.3,2.16,1.77
2026-02-04 17:16,13.4,13,-14.5,1.34,1.51
2026-02-04 18:16,9.8,17,-14.2,1.01,1.58
2026-02-04 19:16,7.4,20,-14.2,0.82,1.59
2026-02-04 20:16,6.0,24,-13.1,0.71,1.74
2026-02-04 21:16,5.6,28,-11.5,0.65,1.98
2026-02-04 22:16,5.3,30,-10.9,0.62,2.08
2026-02-04 23:16,5.0,32,-10.4,0.59,2.17
2026-02-05 00:16,4.5,35,-9.7,0.55,2.30
2026-02-05 01:16,3.5,37,-9.9,0.49,2.28
2026-02-05 02:16,2.2,39,-10.4,0.44,2.20
2026-02-05 03:16,1.2,42,-10.3,0.39,2.21
2026-02-05 04:16,0.4,44,-10.5,0.35,2.19
2026-02-05 05:16,-0.4,46,-10.6,0.32,2.17
2026-02-05 06:16,-1.0,48,-10.6,0.30,2.17
2026-02-05 07:16,-1.4,49,-10.8,0.28,2.15
2026-02-05 08:16,-0.1,53,-8.5,0.28,2.55
2026-02-05 09:16,4.9,55,-3.4,0.39,3.71
2026-02-05 10:16,10.6,49,0.3,0.65,4.78
2026-02-05 11:16,15.1,39,1.2,1.05,5.03
2026-02-05 12:16,23.5,29,4.4,2.06,6.13
2026-02-05 13:16,27.6,20,2.6,2.95,5.32
2026-02-05 14:16,25.1,15,-3.4,2.71,3.47
2026-02-05 15:16,22.5,17,-3.8,2.26,3.40
2026-02-05 16:16,19.1,17,-6.6,1.84,2.79
2026-02-05 17:16,14.9,19,-8.6,1.37,2.42
2026-02-05 18:16,11.3,22,-9.7,1.04,2.24
2026-02-05 19:16,8.9,26,-9.6,0.84,2.28
2026-02-05 20:16,7.0,30,-9.4,0.70,2.32
2026-02-05 21:16,5.5,33,-9.5,0.61,2.32
2026-02-05 22:16,4.4,36,-9.4,0.54,2.35
2026-02-05 23:16,3.8,39,-8.9,0.49,2.45
2026-02-06 00:16,3.5,40,-8.9,0.47,2.46
2026-02-06 01:16,2.7,42,-9.0,0.43,2.45
2026-02-06 02:16,1.7,44,-9.3,0.39,2.40
2026-02-06 03:16,0.9,46,-9.4,0.35,2.37
2026-02-06 04:16,0.1,48,-9.6,0.32,2.34
2026-02-06 05:16,-0.4,50,-9.6,0.30,2.36
2026-02-06 06:16,-0.8,52,-9.4,0.28,2.38
2026-02-06 07:16,-1.2,53,-9.6,0.26,2.36
2026-02-06 08:16,0.6,58,-6.7,0.27,2.93
2026-02-06 09:16,6.4,60,-0.8,0.38,4.47
2026-02-06 10:16,12.9,50,2.7,0.74,5.64
2026-02-06 11:16,17.8,38,3.3,1.26,5.77
2026-02-06 12:16,26.3,29,6.8,2.43,7.18
2026-02-06 13:16,32.8,18,5.4,4.08,6.34
2026-02-06 14:16,32.1,13,0.2,4.16,4.41
2026-02-06 15:16,34.7,13,2.2,4.81,5.06
2026-02-06 16:16,22.4,14,-6.4,2.33,2.78
2026-02-06 17:16,15.1,20,-7.7,1.37,2.58
2026-02-06 18:16,11.4,25,-8.0,1.01,2.57
2026-02-06 19:16,9.4,29,-7.8,0.84,2.62
2026-02-06 20:16,8.0,32,-7.7,0.73,2.65
2026-02-06 21:16,7.0,34,-7.8,0.66,2.63
2026-02-06 22:16,6.2,36,-7.8,0.61,2.65
2026-02-06 23:16,5.6,38,-7.6,0.56,2.69
2026-02-07 00:16,5.0,39,-7.8,0.53,2.65
2026-02-07 01:16,4.6,40,-7.9,0.51,2.65
2026-02-07 02:16,4.3,41,-7.8,0.49,2.66
2026-02-07 03:16,4.1,41,-8.0,0.48,2.62
2026-02-07 04:16,3.9,41,-8.2,0.48,2.59
2026-02-07 05:16,4.0,41,-8.1,0.48,2.61
2026-02-07 06:16,4.0,40,-8.4,0.49,2.54
2026-02-07 07:16,3.9,40,-8.5,0.48,2.53
2026-02-07 08:16,3.8,39,-8.9,0.49,2.45
2026-02-07 09:16,3.7,38,-9.3,0.49,2.37
2026-02-07 10:16,3.9,38,-9.2,0.50,2.40
2026-02-07 11:16,4.3,40,-8.1,0.50,2.59
2026-02-07 12:16,4.9,38,-8.3,0.54,2.57
2026-02-07 13:16,6.2,37,-7.4,0.60,2.72
2026-02-07 14:16,6.7,34,-8.1,0.65,2.58
2026-02-07 15:16,6.8,32,-8.8,0.67,2.45
2026-02-07 16:16,6.8,32,-8.8,0.67,2.45
2026-02-07 17:16,5.5,40,-7.1,0.54,2.81
2026-02-07 18:16,4.3,46,-6.3,0.45,2.98
2026-02-07 19:16,3.8,50,-5.7,0.40,3.14
2026-02-07 20:16,3.3,53,-5.4,0.36,3.22
2026-02-07 21:16,2.9,54,-5.5,0.35,3.19
2026-02-07 22:16,2.3,56,-5.6,0.32,3.18
2026-02-07 23:16,1.9,60,-5.1,0.28,3.31
2026-02-08 00:16,1.6,62,-4.9,0.26,3.35
2026-02-08 01:16,1.5,63,-4.8,0.25,3.38
2026-02-08 02:16,0.7,64,-5.3,0.23,3.25
2026-02-08 03:16,0.3,65,-5.5,0.22,3.22
2026-02-08 04:16,0.1,67,-5.3,0.20,3.27
2026-02-08 05:16,-0.1,67,-5.5,0.20,3.22
2026-02-08 06:16,-0.5,68,-5.7,0.19,3.18
2026-02-08 07:16,-0.6,69,-5.6,0.18,3.21
2026-02-08 08:16,-0.4,70,-5.2,0.18,3.30
2026-02-08 09:16,0.0,70,-4.8,0.18,3.39
2026-02-08 10:16,1.1,71,-3.6,0.19,3.71
2026-02-08 11:16,2.2,70,-2.7,0.21,3.94
2026-02-08 12:16,2.6,68,-2.7,0.24,3.94
2026-02-08 13:16,3.4,68,-2.0,0.25,4.15
2026-02-08 14:16,4.6,63,-1.8,0.31,4.17
2026-02-08 15:16,4.0,61,-2.9,0.32,3.88
2026-02-08 16:16,2.8,57,-4.9,0.32,3.34
2026-02-08 17:16,1.2,53,-7.3,0.31,2.79
2026-02-08 18:16,0.2,53,-8.3,0.29,2.60
2026-02-08 19:16,-0.3,50,-9.5,0.30,2.37
2026-02-08 20:16,-1.1,49,-10.5,0.29,2.20
2026-02-08 21:16,-1.5,49,-10.8,0.28,2.14
2026-02-08 22:16,-2.1,51,-10.9,0.26,2.13
2026-02-08 23:16,-2.6,51,-11.4,0.25,2.06
2026-02-09 00:16,-2.8,49,-12.0,0.25,1.95
2026-02-09 01:16,-3.6,48,-13.0,0.24,1.81
2026-02-09 02:16,-4.6,50,-13.5,0.22,1.75
2026-02-09 03:16,-5.4,52,-13.7,0.20,1.72
2026-02-09 04:16,-6.0,53,-14.1,0.18,1.68
2026-02-09 05:16,-5.9,55,-13.5,0.18,1.75
2026-02-09 06:16,-4.8,56,-12.2,0.19,1.93
2026-02-09 07:16,-3.6,56,-11.1,0.21,2.11
2026-02-09 08:16,-1.7,56,-9.3,0.24,2.41
2026-02-09 09:16,3.1,54,-5.3,0.35,3.23
2026-02-09 10:16,7.6,50,-2.2,0.52,4.03
2026-02-09 11:16,10.6,43,-1.5,0.73,4.20
2026-02-09 12:16,21.1,39,6.6,1.53,7.19
2026-02-09 13:16,26.4,22,3.0,2.68,5.48
2026-02-09 14:16,27.6,16,-0.5,3.10,4.26
2026-02-09 15:16,27.8,15,-1.2,3.18,4.03
2026-02-09 16:16,17.9,13,-11.0,1.78,1.98
2026-02-09 17:16,9.6,19,-13.0,0.97,1.74
2026-02-09 18:16,6.6,24,-12.6,0.74,1.81
2026-02-09 19:16,4.8,29,-11.8,0.61,1.94
2026-02-09 20:16,3.9,33,-10.9,0.54,2.08
2026-02-09 21:16,3.4,36,-10.3,0.50,2.20
2026-02-09 22:16,2.6,38,-10.3,0.46,2.20
2026-02-09 23:16,2.0,40,-10.2,0.42,2.22
2026-02-10 00:16,1.7,42,-9.9,0.40,2.29
2026-02-10 01:16,1.3,44,-9.6,0.38,2.33
2026-02-10 02:16,0.5,44,-10.4,0.35,2.21
2026-02-10 03:16,-0.6,46,-10.8,0.32,2.14
2026-02-10 04:16,-1.6,48,-11.2,0.28,2.08
2026-02-10 05:16,-2.4,50,-11.4,0.26,2.05
2026-02-10 06:16,-3.0,52,-11.5,0.24,2.04
2026-02-10 07:16,-3.2,53,-11.4,0.23,2.05
2026-02-10 08:16,-1.3,57,-8.7,0.24,2.52
2026-02-10 09:16,3.5,59,-3.8,0.32,3.63
2026-02-10 10:16,8.7,53,-0.4,0.53,4.58
2026-02-10 11:16,12.6,43,0.3,0.83,4.76
2026-02-10 12:16,22.2,38,7.2,1.66,7.46
2026-02-10 13:16,24.6,18,-1.3,2.54,4.05
2026-02-10 14:16,15.4,20,-7.5,1.40,2.63
2026-02-10 15:16,11.8,25,-7.6,1.04,2.63
2026-02-10 16:16,10.2,28,-7.5,0.90,2.66
2026-02-10 17:16,8.9,31,-7.3,0.79,2.72
2026-02-10 18:16,7.7,34,-7.2,0.69,2.76
2026-02-10 19:16,6.7,37,-7.0,0.62,2.81
2026-02-10 20:16,5.9,39,-7.0,0.57,2.81
2026-02-10 21:16,4.6,42,-7.2,0.49,2.78
2026-02-10 22:16,3.2,45,-7.6,0.42,2.71
2026-02-10 23:16,2.0,48,-7.9,0.37,2.67
2026-02-11 00:16,1.2,50,-8.1,0.33,2.63
2026-02-11 01:16,0.6,53,-7.9,0.30,2.68
2026-02-11 02:16,0.3,55,-7.7,0.28,2.72
2026-02-11 03:16,0.0,56,-7.7,0.27,2.71
2026-02-11 04:16,-0.2,58,-7.5,0.25,2.77
2026-02-11 05:16,-0.2,59,-7.3,0.25,2.82
2026-02-11 06:16,0.1,60,-6.8,0.25,2.93
2026-02-11 07:16,0.5,62,-5.9,0.24,3.11
2026-02-11 08:16,1.1,63,-5.2,0.24,3.29
2026-02-11 09:16,1.7,63,-4.6,0.26,3.43
2026-02-11 10:16,2.9,64,-3.2,0.27,3.78
2026-02-11 11:16,3.9,64,-2.3,0.29,4.04
2026-02-11 12:16,5.6,64,-0.7,0.33,4.52
2026-02-11 13:16,8.5,62,1.6,0.42,5.29
2026-02-11 14:16,11.2,60,3.7,0.53,6.08
2026-02-11 15:16,13.1,52,3.5,0.72,5.93
2026-02-11 16:16,12.2,48,1.5,0.74,5.18
2026-02-11 17:16,11.1,42,-1.3,0.77,4.23
2026-02-11 18:16,9.9,42,-2.4,0.71,3.92
2026-02-11 19:16,8.7,44,-2.9,0.63,3.81
2026-02-11 20:16,7.7,47,-2.9,0.56,3.81
2026-02-11 21:16,6.7,49,-3.3,0.50,3.72
2026-02-11 22:16,5.9,52,-3.2,0.45,3.75
2026-02-11 23:16,5.1,53,-3.7,0.41,3.63
2026-02-12 00:16,4.5,56,-3.5,0.37,3.68
2026-02-12 01:16,4.2,58,-3.3,0.35,3.74
2026-02-12 02:16,4.5,59,-2.8,0.35,3.88
2026-02-12 03:16,4.3,56,-3.7,0.37,3.63
2026-02-12 04:16,3.5,56,-4.5,0.35,3.44
2026-02-12 05:16,3.2,56,-4.7,0.34,3.37
2026-02-12 06:16,3.1,56,-4.8,0.34,3.35
2026-02-12 07:16,3.1,55,-5.1,0.34,3.29
2026-02-12 08:16,4.4,52,-4.6,0.40,3.40
2026-02-12 09:16,6.5,47,-4.0,0.51,3.52
2026-02-12 10:16,10.4,42,-2.0,0.73,4.05
2026-02-12 11:16,14.0,36,-0.9,1.02,4.34
2026-02-12 12:16,22.1,32,4.6,1.81,6.25
2026-02-12 13:16,30.1,19,3.9,3.46,5.79
2026-02-12 14:16,32.9,14,1.9,4.30,4.96
2026-02-12 15:16,26.0,10,-8.0,3.03,2.43
2026-02-12 16:16,20.7,12,-9.8,2.15,2.16
2026-02-12 17:16,14.1,15,-12.2,1.37,1.82
2026-02-12 18:16,10.2,20,-11.8,1.00,1.90
2026-02-12 19:16,7.8,22,-12.6,0.83,1.80
2026-02-12 20:16,6.0,26,-12.1,0.69,1.89
2026-02-12 21:16,5.0,29,-11.6,0.62,1.97
2026-02-12 22:16,3.7,31,-11.9,0.55,1.93
2026-02-12 23:16,2.3,34,-12.0,0.48,1.93
2026-02-13 00:16,1.3,37,-11.8,0.42,1.96
2026-02-13 01:16,1.3,40,-10.8,0.40,2.12
2026-02-13 02:16,0.7,41,-11.1,0.38,2.08
2026-02-13 03:16,-0.1,44,-10.9,0.34,2.12
2026-02-13 04:16,-0.7,46,-10.9,0.31,2.12
2026-02-13 05:16,-1.1,49,-10.5,0.29,2.20
2026-02-13 06:16,-1.2,50,-10.3,0.28,2.23
2026-02-13 07:16,-1.6,51,-10.4,0.27,2.21
2026-02-13 08:16,0.1,55,-7.9,0.28,2.68
2026-02-13 09:16,3.4,57,-4.3,0.34,3.48
2026-02-13 10:16,7.9,56,-0.3,0.47,4.60
2026-02-13 11:16,13.2,47,2.1,0.80,5.40
2026-02-13 12:16,24.3,38,9.1,1.88,8.41
2026-02-13 13:16,32.1,20,6.3,3.83,6.79
2026-02-13 14:16,34.9,15,4.4,4.75,5.90
2026-02-13 15:16,34.2,13,1.8,4.68,4.93
2026-02-13 16:16,24.5,12,-6.8,2.71,2.69
2026-02-13 17:16,16.1,18,-8.3,1.50,2.47
2026-02-13 18:16,11.9,23,-8.6,1.07,2.44
2026-02-13 19:16,9.5,27,-8.6,0.87,2.46
2026-02-13 20:16,7.6,32,-8.1,0.71,2.58
2026-02-13 21:16,6.1,36,-7.9,0.60,2.63
2026-02-13 22:16,4.9,39,-7.9,0.53,2.63
2026-02-13 23:16,3.7,43,-7.7,0.45,2.68
2026-02-14 00:16,2.9,45,-7.9,0.41,2.66
2026-02-14 01:16,2.1,47,-8.1,0.38,2.63
2026-02-14 02:16,1.1,50,-8.2,0.33,2.61
2026-02-14 03:16,0.3,52,-8.4,0.30,2.57
2026-02-14 04:16,0.0,53,-8.5,0.29,2.57
2026-02-14 05:16,-0.6,55,-8.5,0.26,2.56
2026-02-14 06:16,-1.2,56,-8.9,0.25,2.50
2026-02-14 07:16,-1.6,58,-8.8,0.23,2.51
2026-02-14 08:16,0.6,62,-5.9,0.24,3.13
2026-02-14 09:16,5.7,64,-0.6,0.33,4.55
2026-02-14 10:16,10.7,57,2.5,0.55,5.60
2026-02-14 11:16,15.5,46,3.9,0.95,6.08
2026-02-14 12:16,26.5,35,9.8,2.25,8.76
2026-02-14 13:16,29.4,19,3.4,3.32,5.58
2026-02-14 14:16,26.5,18,0.2,2.84,4.51
2026-02-14 15:16,20.2,21,-2.8,1.87,3.67
2026-02-14 16:16,16.9,26,-2.8,1.42,3.74
2026-02-14 17:16,14.9,31,-2.1,1.17,3.95
2026-02-14 18:16,13.4,35,-1.8,1.00,4.07
2026-02-14 19:16,11.8,40,-1.4,0.83,4.21
2026-02-14 20:16,10.3,42,-2.1,0.73,4.02
2026-02-14 21:16,9.1,45,-2.2,0.64,3.99
2026-02-14 22:16,8.3,48,-2.1,0.57,4.05
2026-02-14 23:16,7.8,50,-2.0,0.53,4.08
2026-02-15 00:16,7.7,51,-1.8,0.51,4.14
2026-02-15 01:16,7.1,52,-2.1,0.48,4.06
2026-02-15 02:16,6.9,55,-1.5,0.45,4.23
2026-02-15 03:16,6.4,56,-1.8,0.42,4.17
2026-02-15 04:16,5.6,57,-2.3,0.39,4.03
2026-02-15 05:16,4.4,59,-2.9,0.34,3.85
2026-02-15 06:16,3.6,60,-3.5,0.32,3.71
2026-02-15 07:16,3.1,62,-3.5,0.29,3.71
2026-02-15 08:16,4.7,65,-1.3,0.30,4.33
2026-02-15 09:16,9.2,66,3.2,0.40,5.89
2026-02-15 10:16,14.6,56,5.9,0.73,7.01
2026-02-15 11:16,18.9,41,5.3,1.29,6.64
2026-02-15 12:16,28.4,35,11.5,2.51,9.73
2026-02-15 13:16,35.5,20,9.1,4.62,8.11
2026-02-15 14:16,39.1,15,7.7,5.97,7.32
2026-02-15 15:16,38.6,13,5.3,5.95,6.18
2026-02-15 16:16,30.2,12,-2.4,3.78,3.68
2026-02-15 17:16,21.6,18,-3.8,2.12,3.41
2026-02-15 18:16,17.2,24,-3.6,1.49,3.51
2026-02-15 19:16,14.2,31,-2.7,1.12,3.79
2026-02-15 20:16,12.2,35,-2.8,0.92,3.78
2026-02-15 21:16,11.4,38,-2.4,0.84,3.90
2026-02-15 22:16,10.1,40,-2.9,0.74,3.78
2026-02-15 23:16,8.8,42,-3.4,0.66,3.66
2026-02-16 00:16,7.6,45,-3.6,0.57,3.63
2026-02-16 01:16,6.6,48,-3.6,0.51,3.62
2026-02-16 02:16,7.1,53,-1.8,0.47,4.13
2026-02-16 03:16,9.3,55,0.7,0.53,4.94
2026-02-16 04:16,9.9,54,1.0,0.56,5.04
2026-02-16 05:16,10.0,53,0.8,0.58,4.98
2026-02-16 06:16,10.1,52,0.7,0.59,4.92
2026-02-16 07:16,9.8,51,0.1,0.59,4.73
2026-02-16 08:16,10.8,49,0.5,0.66,4.84
2026-02-16 09:16,12.8,43,0.5,0.84,4.82
2026-02-16 10:16,15.8,38,1.5,1.11,5.12
2026-02-16 11:16,18.2,32,1.2,1.42,4.97
2026-02-16 12:16,20.9,28,1.7,1.78,5.10
2026-02-16 13:16,16.3,26,-3.3,1.37,3.61
2026-02-16 14:16,14.4,29,-3.4,1.16,3.58
2026-02-16 15:16,13.6,30,-3.7,1.09,3.53
2026-02-16 16:16,12.8,30,-4.4,1.03,3.36
2026-02-16 17:16,11.8,31,-4.8,0.96,3.26
2026-02-16 18:16,10.8,33,-4.9,0.87,3.26
2026-02-16 19:16,9.8,35,-5.0,0.79,3.25
2026-02-16 20:16,9.0,38,-4.6,0.71,3.35
2026-02-16 21:16,8.2,40,-4.6,0.65,3.35
2026-02-16 22:16,7.6,42,-4.5,0.61,3.38
2026-02-16 23:16,7.3,41,-5.1,0.60,3.24
2026-02-17 00:16,7.0,40,-5.7,0.60,3.10
2026-02-17 01:16,6.6,39,-6.4,0.59,2.94
2026-02-17 02:16,6.1,40,-6.5,0.56,2.92
2026-02-17 03:16,5.8,43,-5.8,0.53,3.08
2026-02-17 04:16,5.3,46,-5.4,0.48,3.19
2026-02-17 05:16,5.1,45,-5.9,0.48,3.08
2026-02-17 06:16,4.8,45,-6.2,0.47,3.02
2026-02-17 07:16,4.8,45,-6.2,0.47,3.02
2026-02-17 08:16,5.3,45,-5.7,0.49,3.12
2026-02-17 09:16,6.7,44,-4.7,0.55,3.34
2026-02-17 10:16,8.0,41,-4.5,0.63,3.39
2026-02-17 11:16,8.6,40,-4.3,0.67,3.44
2026-02-17 12:16,9.4,38,-4.2,0.73,3.44
2026-02-17 13:16,9.8,36,-4.6,0.78,3.34
2026-02-17 14:16,9.3,35,-5.4,0.76,3.15
2026-02-17 15:16,11.2,44,-0.6,0.74,4.46
2026-02-17 18:16,8.1,37,-5.7,0.68,3.08
2026-02-17 19:16,7.5,40,-5.3,0.62,3.20
2026-02-17 20:16,7.0,43,-4.7,0.57,3.33
2026-02-17 21:16,6.7,45,-4.4,0.54,3.42
2026-02-17 22:16,6.4,47,-4.1,0.51,3.50
2026-02-17 23:16,6.4,48,-3.8,0.50,3.58
2026-02-18 00:16,6.4,49,-3.6,0.49,3.65
2026-02-18 01:16,6.3,50,-3.4,0.48,3.70
2026-02-18 02:16,6.1,51,-3.3,0.46,3.73
2026-02-18 03:16,5.9,52,-3.2,0.45,3.75
2026-02-18 04:16,5.1,53,-3.7,0.41,3.63
2026-02-18 05:16,5.0,54,-3.6,0.40,3.67
2026-02-18 06:16,4.6,54,-3.9,0.39,3.57
2026-02-18 07:16,4.0,55,-4.2,0.37,3.50
2026-02-18 08:16,5.4,58,-2.2,0.38,4.05
2026-02-18 10:16,11.4,54,2.4,0.62,5.54
2026-02-18 11:16,15.0,44,2.8,0.95,5.64
2026-02-18 12:16,23.7,36,7.7,1.88,7.70
2026-02-18 13:16,29.3,24,6.6,3.10,7.01
2026-02-18 14:16,33.8,17,5.3,4.37,6.31
2026-02-18 15:16,33.5,14,2.3,4.45,5.12
2026-02-18 16:16,26.2,14,-3.4,2.93,3.45
2026-02-18 17:16,16.7,19,-7.1,1.54,2.70
2026-02-18 18:16,12.2,25,-7.3,1.07,2.70
2026-02-18 19:16,10.2,30,-6.6,0.87,2.85
2026-02-18 20:16,9.0,34,-6.1,0.76,3.00
2026-02-18 21:16,7.8,37,-6.0,0.67,3.02
2026-02-18 22:16,7.0,38,-6.4,0.62,2.94
2026-02-18 23:16,5.7,41,-6.6,0.54,2.92
2026-02-19 00:16,4.9,42,-7.0,0.50,2.84
2026-02-19 01:16,3.7,41,-8.4,0.47,2.55
2026-02-19 02:16,2.7,40,-9.6,0.45,2.33
2026-02-19 03:16,2.1,40,-10.1,0.43,2.24
2026-02-19 04:16,1.5,40,-10.7,0.41,2.15
2026-02-19 05:16,1.2,40,-10.9,0.40,2.10
2026-02-19 06:16,0.9,41,-10.9,0.38,2.11
2026-02-19 07:16,0.9,41,-10.9,0.38,2.11
2026-02-19 08:16,3.1,42,-8.6,0.44,2.51
2026-02-19 10:16,9.1,31,-7.2,0.80,2.75
2026-02-19 11:16,11.8,28,-6.2,1.00,2.95
2026-02-19 12:16,19.6,27,0.1,1.67,4.56
2026-02-19 13:16,22.9,18,-2.7,2.29,3.68
2026-02-19 14:16,25.5,14,-4.0,2.81,3.31
2026-02-19 15:16,25.1,12,-6.3,2.80,2.78
2026-02-19 16:16,21.9,12,-8.8,2.31,2.32
2026-02-19 17:16,10.0,14,-16.3,1.06,1.32
2026-02-19 18:16,6.4,20,-15.0,0.77,1.49
2026-02-19 19:16,4.8,23,-14.6,0.66,1.54
2026-02-19 20:16,3.8,27,-13.5,0.59,1.69
2026-02-19 21:16,3.2,30,-12.7,0.54,1.81
2026-02-19 22:16,2.7,33,-12.0,0.50,1.92
2026-02-19 23:16,2.4,34,-11.9,0.48,1.94
2026-02-20 00:16,2.2,35,-11.7,0.47,1.97
2026-02-20 01:16,2.0,36,-11.5,0.45,2.00
2026-02-20 02:16,1.5,36,-12.0,0.44,1.93
2026-02-20 03:16,0.3,37,-12.7,0.39,1.83
2026-02-20 04:16,-0.3,38,-12.9,0.37,1.80
2026-02-20 05:16,-0.9,40,-12.8,0.34,1.82
2026-02-20 06:16,-1.5,42,-12.8,0.32,1.83
2026-02-20 07:16,-1.6,44,-12.3,0.30,1.91
2026-02-20 08:16,-0.1,46,-10.4,0.33,2.21
2026-02-20 09:16,3.4,48,-6.6,0.41,2.93
2026-02-20 10:16,6.7,43,-5.0,0.56,3.27
2026-02-20 11:16,9.4,37,-4.6,0.74,3.35
2026-02-20 12:16,12.4,34,-3.0,0.95,3.71
2026-02-20 13:16,17.5,26,-2.2,1.48,3.88
2026-02-20 14:16,18.0,25,-2.3,1.55,3.84
2026-02-20 15:16,14.3,24,-6.0,1.24,2.95
2026-02-20 16:16,11.9,28,-6.1,1.00,2.97
2026-02-20 17:16,10.0,31,-6.4,0.85,2.91
2026-02-20 18:16,8.4,34,-6.6,0.73,2.88
2026-02-20 19:16,7.1,37,-6.6,0.64,2.89
2026-02-20 20:16,5.9,40,-6.7,0.56,2.88
2026-02-20 21:16,4.9,43,-6.7,0.49,2.90
2026-02-20 22:16,4.5,45,-6.4,0.46,2.96
2026-02-20 23:16,3.5,46,-7.1,0.42,2.83
2026-02-21 00:16,2.9,48,-7.1,0.39,2.83
2026-02-21 01:16,2.1,49,-7.5,0.36,2.74
2026-02-21 02:16,1.3,51,-7.7,0.33,2.70
2026-02-21 03:16,0.5,52,-8.2,0.30,2.61
2026-02-21 04:16,-0.1,53,-8.5,0.28,2.55
2026-02-21 05:16,-0.7,54,-8.9,0.27,2.49
2026-02-21 06:16,-1.5,56,-9.2,0.24,2.44
2026-02-21 07:16,-1.8,57,-9.2,0.23,2.44
2026-02-21 08:16,0.7,61,-6.0,0.25,3.10
2026-02-21 09:16,6.6,61,-0.4,0.38,4.60
2026-02-21 10:16,12.2,48,1.5,0.74,5.18
2026-02-21 11:16,16.4,36,1.3,1.19,5.02
2026-02-21 12:16,26.6,31,8.1,2.40,7.80
2026-02-21 13:16,33.2,19,6.5,4.12,6.84
2026-02-21 14:16,37.6,14,5.6,5.58,6.33
2026-02-21 15:16,35.5,14,3.9,4.97,5.68
2026-02-21 16:16,33.2,13,1.1,4.43,4.68
2026-02-21 17:16,20.6,17,-5.3,2.01,3.04
2026-02-21 18:16,15.2,23,-5.8,1.33,2.99
2026-02-21 19:16,12.7,30,-4.5,1.03,3.34
2026-02-21 20:16,10.8,38,-3.0,0.80,3.76
2026-02-21 21:16,9.3,45,-2.0,0.64,4.04
2026-02-21 22:16,7.8,49,-2.3,0.54,4.00
2026-02-21 23:16,6.4,52,-2.8,0.46,3.87
2026-02-22 00:16,5.9,54,-2.7,0.43,3.89
2026-02-22 01:16,5.5,56,-2.6,0.40,3.93
2026-02-22 02:16,4.5,56,-3.5,0.37,3.68
2026-02-22 03:16,3.7,58,-3.8,0.33,3.61
2026-02-22 04:16,2.7,59,-4.5,0.30,3.44
2026-02-22 05:16,2.4,60,-4.6,0.29,3.43
2026-02-22 06:16,1.8,61,-4.9,0.27,3.34
2026-02-22 07:16,1.2,62,-5.3,0.25,3.26
2026-02-22 08:16,3.8,67,-1.8,0.26,4.20
2026-02-22 09:16,8.4,67,2.6,0.36,5.68
2026-02-22 10:16,13.2,60,5.6,0.61,6.89
2026-02-22 11:16,18.0,48,6.8,1.07,7.37
2026-02-22 12:16,27.2,37,11.2,2.27,9.63
2026-02-22 13:16,33.6,22,8.9,4.06,8.08
2026-02-22 14:16,37.0,18,8.8,5.15,7.89
2026-02-22 15:16,36.1,17,7.2,4.96,7.11
2026-02-22 16:16,29.4,21,4.8,3.24,6.16
2026-02-22 17:16,22.1,28,2.7,1.92,5.47
2026-02-22 18:16,18.1,36,2.8,1.33,5.56
2026-02-22 19:16,15.8,43,3.2,1.02,5.79
2026-02-22 20:16,13.9,45,2.1,0.87,5.39
2026-02-22 21:16,12.3,47,1.3,0.76,5.10
2026-02-22 22:16,10.9,49,0.6,0.67,4.87
2026-02-22 23:16,9.6,51,-0.1,0.59,4.67
2026-02-23 00:16,8.6,53,-0.5,0.53,4.55
2026-02-23 01:16,7.8,55,-0.7,0.48,4.49
2026-02-23 02:16,7.0,57,-0.9,0.43,4.42
2026-02-23 03:16,6.4,59,-1.0,0.39,4.40
2026-02-23 04:16,6.1,61,-0.9,0.37,4.46
2026-02-23 05:16,6.1,63,-0.4,0.35,4.60
2026-02-23 06:16,6.9,64,0.6,0.36,4.93
2026-02-23 07:16,7.3,65,1.1,0.36,5.14
2026-02-23 08:16,9.4,67,3.6,0.39,6.06
2026-02-23 09:16,14.0,64,7.3,0.58,7.72
2026-02-23 10:16,18.9,54,9.4,1.00,8.75
2026-02-23 11:16,23.1,46,10.8,1.53,9.51
2026-02-23 12:16,31.7,39,16.0,2.85,12.96
2026-02-23 13:16,38.0,26,15.2,4.90,11.99
2026-02-23 14:16,42.9,20,15.1,6.88,11.78
2026-02-23 15:16,44.1,18,14.5,7.50,11.24
2026-02-23 16:16,40.3,18,11.4,6.15,9.32
2026-02-23 17:16,28.9,25,6.9,2.99,7.14
2026-02-23 18:16,19.6,33,2.9,1.53,5.57
2026-02-23 19:16,16.2,39,2.2,1.12,5.38
2026-02-23 20:16,14.5,43,2.1,0.94,5.35
2026-02-23 21:16,13.9,45,2.1,0.87,5.39
2026-02-23 22:16,13.5,45,1.8,0.85,5.26
2026-02-23 23:16,13.2,45,1.5,0.83,5.17
2026-02-24 00:16,13.0,46,1.6,0.81,5.22
2026-02-24 01:16,12.5,46,1.2,0.78,5.06
2026-02-24 02:16,12.2,47,1.2,0.75,5.07
2026-02-24 03:16,11.9,47,0.9,0.74,4.98
2026-02-24 04:16,11.6,49,1.2,0.70,5.09
2026-02-24 05:16,11.2,50,1.1,0.67,5.07
2026-02-24 06:16,11.0,51,1.2,0.64,5.10
2026-02-24 07:16,11.0,53,1.8,0.62,5.31
2026-02-24 08:16,11.8,54,2.8,0.64,5.68
2026-02-24 09:16,13.4,54,4.3,0.71,6.28
2026-02-24 10:16,15.6,52,5.8,0.85,6.92
2026-02-24 11:16,17.5,48,6.4,1.04,7.16
2026-02-24 12:16,17.2,45,5.2,1.08,6.59
2026-02-24 13:16,17.3,44,4.9,1.11,6.48
2026-02-24 14:16,18.2,44,5.7,1.17,6.84
2026-02-24 15:16,18.0,46,6.2,1.11,7.07
2026-02-24 16:16,18.1,43,5.3,1.18,6.64
2026-02-24 17:16,16.1,46,4.5,0.99,6.31
2026-02-24 18:16,14.8,50,4.5,0.84,6.33
2026-02-24 19:16,14.2,52,4.5,0.78,6.35
2026-02-24 20:16,13.9,55,5.0,0.71,6.59
2026-02-24 21:16,13.4,57,5.0,0.66,6.63
2026-02-24 22:16,13.1,57,4.8,0.65,6.50
2026-02-24 23:16,12.8,58,4.7,0.62,6.50
2026-02-25 00:16,12.6,59,4.8,0.60,6.53
2026-02-25 01:16,12.5,60,4.9,0.58,6.60
2026-02-25 02:16,12.3,61,5.0,0.56,6.62
2026-02-25 03:16,11.7,64,5.1,0.50,6.69
2026-02-25 04:16,11.4,67,5.5,0.44,6.88
2026-02-25 05:16,11.2,68,5.5,0.43,6.89
2026-02-25 06:16,11.2,70,5.9,0.40,7.10
2026-02-25 07:16,11.1,71,6.0,0.38,7.15
2026-02-25 08:16,11.2,72,6.3,0.37,7.30
2026-02-25 09:16,11.4,73,6.7,0.36,7.49
2026-02-25 10:16,11.5,74,7.0,0.35,7.64
2026-02-25 12:16,11.6,76,7.5,0.33,7.90
2026-02-25 13:16,11.4,77,7.5,0.31,7.90
2026-02-25 14:16,11.0,77,7.1,0.30,7.71
2026-02-25 15:16,10.5,78,6.8,0.28,7.57
2026-02-25 16:16,10.3,78,6.6,0.28,7.47
2026-02-25 17:16,10.1,79,6.6,0.26,7.47
2026-02-25 18:16,9.5,79,6.0,0.25,7.19
2026-02-25 19:16,8.9,79,5.5,0.24,6.92
2026-02-25 20:16,8.4,80,5.1,0.22,6.79
2026-02-25 21:16,7.8,80,4.6,0.21,6.53
2026-02-25 22:16,7.3,80,4.1,0.20,6.32
2026-02-25 23:16,7.0,81,4.0,0.19,6.28
2026-02-26 00:16,7.0,81,4.0,0.19,6.28
2026-02-26 01:16,7.0,81,4.0,0.19,6.28
2026-02-26 02:16,7.0,82,4.1,0.18,6.35
2026-02-26 03:16,6.9,82,4.0,0.18,6.31
2026-02-26 04:16,7.0,82,4.1,0.18,6.35
2026-02-26 05:16,7.0,83,4.3,0.17,6.43
2026-02-26 06:16,7.0,83,4.3,0.17,6.43
2026-02-26 07:16,7.2,84,4.7,0.16,6.59
2026-02-26 08:16,8.0,84,5.5,0.17,6.94
2026-02-26 09:16,9.0,85,6.6,0.17,7.49
2026-02-26 10:16,10.5,86,8.3,0.18,8.34
2026-02-26 11:16,11.9,85,9.5,0.21,9.00
2026-02-26 12:16,14.1,82,11.1,0.29,9.95
2026-02-26 13:16,13.6,74,9.0,0.40,8.71
2026-02-26 14:16,13.7,72,8.7,0.44,8.53
2026-02-26 15:16,14.0,69,8.4,0.50,8.32
2026-02-26 16:16,16.4,76,12.2,0.45,10.61
2026-02-26 17:16,15.3,59,7.3,0.71,7.70
2026-02-26 18:16,12.3,59,4.5,0.59,6.41
2026-02-26 19:16,10.9,62,3.9,0.50,6.17
2026-02-26 20:16,10.3,64,3.8,0.45,6.13
2026-02-26 21:16,10.0,65,3.7,0.43,6.11
2026-02-26 22:16,9.6,65,3.3,0.42,5.95
2026-02-26 23:16,9.3,66,3.3,0.40,5.93
2026-02-27 00:16,9.2,66,3.2,0.40,5.89
2026-02-27 01:16,8.8,67,3.0,0.37,5.83
2026-02-27 02:16,8.3,68,2.7,0.35,5.73
2026-02-27 03:16,7.9,69,2.6,0.33,5.67
2026-02-27 04:16,7.8,71,2.9,0.31,5.79
2026-02-27 05:16,7.4,71,2.5,0.30,5.65
2026-02-27 06:16,7.1,73,2.6,0.27,5.69
2026-02-27 07:16,7.4,74,3.1,0.27,5.88
2026-02-27 08:16,8.7,76,4.7,0.27,6.57
2026-02-27 09:16,12.6,77,8.7,0.34,8.52
2026-02-27 10:16,16.8,71,11.5,0.55,10.15
2026-02-27 11:16,17.9,61,10.3,0.80,9.31
2026-02-27 12:16,23.4,58,14.7,1.21,12.20
2026-02-27 13:16,30.1,39,14.6,2.60,11.89
2026-02-27 14:16,27.6,35,10.8,2.40,9.31
2026-02-27 15:16,24.3,34,7.4,2.01,7.52
2026-02-27 16:16,20.4,40,6.3,1.44,7.08
2026-02-27 17:16,18.3,45,6.2,1.16,7.04
2026-02-27 18:16,16.8,49,6.0,0.98,7.01
2026-02-27 19:16,15.5,53,6.0,0.83,7.01
2026-02-27 20:16,14.5,56,5.8,0.73,6.96
2026-02-27 21:16,13.9,59,6.0,0.65,7.07
2026-02-27 22:16,13.1,62,6.0,0.57,7.07
2026-02-27 23:16,12.3,65,5.9,0.50,7.06
2026-02-28 00:16,11.9,67,6.0,0.46,7.10
2026-02-28 01:16,11.6,69,6.1,0.42,7.17
2026-02-28 02:16,11.1,71,6.0,0.38,7.15
2026-02-28 03:16,10.9,72,6.0,0.37,7.16
2026-02-28 04:16,10.6,73,6.0,0.35,7.12
2026-02-28 05:16,10.3,74,5.9,0.33,7.09
2026-02-28 06:16,9.7,74,5.3,0.31,6.82
2026-02-28 07:16,9.4,75,5.2,0.29,6.78
2026-02-28 08:16,10.5,77,6.6,0.29,7.47
2026-02-28 09:16,14.1,78,10.3,0.35,9.47
2026-02-28 10:16,19.1,59,10.9,0.91,9.67
2026-02-28 11:16,22.1,44,9.3,1.49,8.59
2026-02-28 12:16,26.7,37,10.8,2.21,9.37
2026-02-28 13:16,31.1,26,9.3,3.34,8.37
2026-02-28 14:16,32.6,21,7.4,3.89,7.32
2026-02-28 15:16,32.4,19,5.8,3.94,6.55
2026-02-28 16:16,29.2,19,3.2,3.28,5.52
2026-02-28 17:16,18.7,25,-1.8,1.62,4.00
2026-02-28 18:16,15.0,32,-1.6,1.16,4.10
2026-02-28 19:16,13.4,37,-1.0,0.97,4.30
2026-02-28 20:16,12.4,41,-0.5,0.85,4.48
2026-02-28 21:16,11.6,44,-0.3,0.76,4.57
2026-02-28 22:16,10.8,46,-0.4,0.70,4.55
2026-02-28 23:16,10.5,47,-0.4,0.67,4.56
2026-03-01 00:16,10.3,45,-1.1,0.69,4.31
2026-03-01 01:16,9.7,46,-1.4,0.65,4.24
2026-03-01 02:16,8.9,48,-1.5,0.59,4.20
2026-03-01 03:16,8.3,50,-1.5,0.55,4.21
2026-03-01 04:16,8.0,50,-1.8,0.54,4.13
2026-03-01 05:16,8.0,48,-2.4,0.56,3.97
2026-03-01 06:16,8.1,46,-2.8,0.58,3.83
2026-03-01 07:16,8.5,45,-2.8,0.61,3.84
2026-03-01 08:16,10.4,42,-2.0,0.73,4.05
2026-03-01 09:16,13.4,37,-1.0,0.97,4.30
2026-03-01 10:16,16.9,30,-0.8,1.35,4.31
2026-03-01 11:16,20.2,25,-0.5,1.78,4.37
2026-03-01 12:16,25.3,24,3.3,2.45,5.62
2026-03-01 13:16,33.6,17,5.2,4.32,6.25
2026-03-01 14:16,37.8,14,5.7,5.64,6.39
2026-03-01 15:16,39.2,12,4.6,6.22,5.88
2026-03-01 16:16,35.7,12,1.9,5.14,4.92
2026-03-01 17:16,24.5,15,-3.9,2.61,3.36
2026-03-01 18:16,18.6,19,-5.5,1.74,3.02
2026-03-01 19:16,15.0,23,-6.0,1.31,2.95
2026-03-01 20:16,13.5,29,-4.2,1.10,3.39
2026-03-01 21:16,12.1,34,-3.3,0.93,3.65
2026-03-01 22:16,10.3,38,-3.4,0.78,3.64
2026-03-01 23:16,9.2,41,-3.4,0.69,3.66
2026-03-02 00:16,8.7,44,-2.9,0.63,3.81
2026-03-02 01:16,8.1,45,-3.1,0.59,3.74
2026-03-02 02:16,7.3,47,-3.3,0.54,3.71
2026-03-02 03:16,6.7,48,-3.6,0.51,3.65
2026-03-02 04:16,5.9,49,-4.0,0.47,3.53
2026-03-02 05:16,5.5,51,-3.9,0.44,3.58
2026-03-02 06:16,5.0,52,-4.1,0.42,3.53
2026-03-02 07:16,5.5,54,-3.1,0.42,3.79
2026-03-02 08:16,6.9,56,-1.3,0.44,4.31
2026-03-02 09:16,8.4,56,0.1,0.49,4.75
2026-03-02 10:16,10.2,54,1.3,0.57,5.14
2026-03-02 11:16,12.9,51,3.0,0.73,5.75
2026-03-02 12:16,15.9,48,4.9,0.94,6.50
2026-03-02 13:16,23.7,43,10.4,1.67,9.20
2026-03-02 14:16,22.7,30,4.2,1.93,6.06
2026-03-02 15:16,18.0,35,2.3,1.34,5.38
2026-03-02 16:16,15.4,42,2.5,1.01,5.52
2026-03-02 17:16,13.9,47,2.8,0.84,5.63
2026-03-02 18:16,12.9,51,3.0,0.73,5.75
2026-03-02 19:16,12.1,54,3.1,0.65,5.79
2026-03-02 20:16,11.6,56,3.1,0.60,5.82
2026-03-02 21:16,11.4,57,3.2,0.58,5.85
2026-03-02 22:16,11.2,58,3.2,0.56,5.88
2026-03-02 23:16,11.1,59,3.4,0.54,5.94
2026-03-03 00:16,10.9,59,3.2,0.53,5.87
2026-03-03 01:16,10.7,60,3.2,0.51,5.89
2026-03-03 02:16,10.6,60,3.1,0.51,5.86
2026-03-03 03:16,10.3,60,2.9,0.50,5.75
2026-03-03 04:16,10.0,59,2.3,0.50,5.54
2026-03-03 05:16,9.6,58,1.7,0.50,5.31
2026-03-03 06:16,9.4,58,1.5,0.50,5.25
2026-03-03 07:16,8.7,61,1.6,0.44,5.28
2026-03-03 08:16,8.2,65,2.0,0.38,5.44
2026-03-03 09:16,8.2,67,2.4,0.36,5.61
2026-03-03 10:16,8.2,69,2.8,0.34,5.78
2026-03-03 11:16,8.5,71,3.5,0.32,6.06
2026-03-03 12:16,8.7,72,3.9,0.31,6.23
2026-03-03 13:16,9.0,74,4.6,0.30,6.52
2026-03-03 14:16,9.3,75,5.1,0.29,6.74
2026-03-03 15:16,8.9,75,4.7,0.29,6.57
2026-03-03 16:16,8.1,75,3.9,0.27,6.24
2026-03-03 17:16,7.5,76,3.5,0.25,6.08
2026-03-03 18:16,6.9,76,3.0,0.24,5.85
2026-03-03 19:16,6.6,77,2.9,0.22,5.81
2026-03-03 20:16,6.4,78,2.8,0.21,5.81
2026-03-03 21:16,6.2,78,2.6,0.21,5.74
2026-03-03 22:16,6.1,79,2.7,0.20,5.77
2026-03-03 23:16,5.8,79,2.4,0.19,5.66
2026-03-04 00:16,5.4,80,2.2,0.18,5.58
2026-03-04 01:16,5.2,81,2.2,0.17,5.58
2026-03-04 02:16,5.3,82,2.5,0.16,5.68
2026-03-04 03:16,5.3,82,2.5,0.16,5.68
2026-03-04 04:16,5.5,83,2.8,0.15,5.83
2026-03-04 05:16,5.8,83,3.1,0.16,5.95
2026-03-04 06:16,6.1,84,3.6,0.15,6.14
2026-03-04 07:16,6.5,84,4.0,0.15,6.30
2026-03-04 09:16,9.3,86,7.1,0.16,7.73
2026-03-04 10:16,12.9,84,10.3,0.24,9.47
2026-03-04 11:16,16.2,66,9.8,0.63,9.10
2026-03-04 12:16,19.4,47,7.8,1.19,7.84
2026-03-04 13:16,23.7,32,6.0,1.99,6.84
2026-03-04 14:16,26.2,24,4.0,2.58,5.91
2026-03-04 15:16,28.1,20,3.0,3.04,5.47
2026-03-04 18:16,11.0,29,-6.4,0.93,2.90
2026-03-04 19:16,9.4,34,-5.7,0.78,3.08
2026-03-04 20:16,8.2,38,-5.3,0.67,3.18
2026-03-04 21:16,7.6,40,-5.2,0.63,3.22
2026-03-04 22:16,7.1,41,-5.3,0.60,3.20
2026-03-04 23:16,6.7,40,-6.0,0.59,3.04
2026-03-05 00:16,6.4,40,-6.2,0.58,2.98
2026-03-05 01:16,6.4,38,-6.9,0.60,2.83
2026-03-05 02:16,6.3,37,-7.3,0.60,2.74
2026-03-05 03:16,6.5,36,-7.5,0.62,2.70
2026-03-05 04:16,6.5,37,-7.2,0.61,2.77
2026-03-05 05:16,6.5,37,-7.2,0.61,2.77
2026-03-05 06:16,6.6,37,-7.1,0.61,2.79
2026-03-05 07:16,6.7,38,-6.6,0.61,2.89
2026-03-05 08:16,8.6,36,-5.7,0.72,3.09
2026-03-05 09:16,10.6,33,-5.0,0.86,3.22
2026-03-05 10:16,13.5,31,-3.3,1.07,3.63
2026-03-05 11:16,16.6,29,-1.5,1.34,4.10
2026-03-05 12:16,19.5,26,-0.5,1.68,4.36
2026-03-05 13:16,28.6,18,1.9,3.21,5.06
2026-03-05 14:16,30.5,15,0.9,3.71,4.67
2026-03-05 15:16,29.1,14,-1.1,3.46,4.04
2026-03-05 16:16,24.1,16,-3.3,2.52,3.50
2026-03-05 17:16,14.6,22,-6.9,1.30,2.75
2026-03-05 18:16,10.6,30,-6.3,0.89,2.93
2026-03-05 19:16,9.0,36,-5.3,0.73,3.17
2026-03-05 20:16,8.2,39,-5.0,0.66,3.27
2026-03-05 21:16,7.6,42,-4.5,0.61,3.38
2026-03-05 22:16,7.2,44,-4.3,0.57,3.45
2026-03-05 23:16,6.7,45,-4.4,0.54,3.42
2026-03-06 00:16,6.3,46,-4.5,0.52,3.41
2026-03-06 01:16,5.3,48,-4.8,0.46,3.33
2026-03-06 02:16,4.3,51,-5.0,0.41,3.31
2026-03-06 03:16,3.5,54,-4.9,0.36,3.32
2026-03-06 04:16,2.7,57,-5.0,0.32,3.32
2026-03-06 05:16,2.2,60,-4.8,0.29,3.38
2026-03-06 06:16,2.2,62,-4.3,0.27,3.49
2026-03-06 07:16,2.4,66,-3.3,0.25,3.77
2026-03-06 08:16,5.3,68,-0.1,0.29,4.71
2026-03-06 09:16,9.5,58,1.6,0.50,5.28
2026-03-06 10:16,13.8,45,2.1,0.87,5.36
2026-03-06 11:16,15.8,37,1.1,1.13,4.98
2026-03-06 12:16,16.0,35,0.5,1.18,4.77
2026-03-06 13:16,13.8,40,0.4,0.95,4.77
2026-03-06 14:16,14.1,43,1.7,0.92,5.22
2026-03-06 15:16,15.7,38,1.4,1.11,5.08
2026-03-06 16:16,19.0,34,2.8,1.45,5.54
2026-03-06 17:16,14.6,40,1.1,1.00,5.01
2026-03-06 18:16,12.3,47,1.3,0.76,5.10
2026-03-06 19:16,11.1,51,1.3,0.65,5.14
2026-03-06 20:16,10.5,54,1.6,0.58,5.24
2026-03-06 21:16,9.7,57,1.6,0.52,5.25
2026-03-06 22:16,8.7,61,1.6,0.44,5.28
2026-03-06 23:16,8.1,64,1.7,0.39,5.33
2026-03-07 00:16,7.3,66,1.4,0.35,5.21
2026-03-07 01:16,6.9,68,1.4,0.32,5.23
2026-03-07 02:16,7.2,71,2.3,0.29,5.57
2026-03-07 03:16,7.1,74,2.8,0.26,5.77
2026-03-07 04:16,7.3,76,3.3,0.25,6.00
2026-03-07 05:16,7.6,77,3.8,0.24,6.20
2026-03-07 06:16,7.7,77,3.9,0.24,6.24
2026-03-07 07:16,7.5,78,3.9,0.23,6.24
2026-03-07 08:16,10.0,77,6.2,0.28,7.24
2026-03-07 09:16,12.9,62,5.8,0.57,6.99
2026-03-07 10:16,16.1,41,2.8,1.08,5.62
2026-03-07 11:16,17.8,31,0.4,1.41,4.71
2026-03-07 12:16,20.5,25,-0.2,1.81,4.45
2026-03-07 13:16,18.7,21,-4.1,1.70,3.36
2026-03-07 14:16,26.8,16,-1.1,2.96,4.07
2026-03-07 15:16,23.5,18,-2.2,2.37,3.81
2026-03-07 16:16,19.1,18,-5.8,1.81,2.95
2026-03-07 17:16,12.7,23,-7.9,1.13,2.56
2026-03-07 18:16,10.5,27,-7.7,0.93,2.62
2026-03-07 19:16,9.5,30,-7.2,0.83,2.73
2026-03-07 20:16,8.7,35,-5.9,0.73,3.03
2026-03-07 21:16,8.1,37,-5.7,0.68,3.08
2026-03-07 22:16,7.8,38,-5.7,0.66,3.10
2026-03-07 23:16,7.2,40,-5.5,0.61,3.14
2026-03-08 00:16,6.6,41,-5.7,0.58,3.10
2026-03-08 01:16,6.1,40,-6.5,0.56,2.92
2026-03-08 02:16,5.5,40,-7.1,0.54,2.81
2026-03-08 03:16,4.5,43,-7.0,0.48,2.83
2026-03-08 04:16,3.7,46,-6.9,0.43,2.87
2026-03-08 05:16,3.1,46,-7.4,0.41,2.75
2026-03-08 06:16,2.5,47,-7.7,0.39,2.70
2026-03-08 07:16,2.8,46,-7.7,0.40,2.70
2026-03-08 08:16,5.8,40,-6.8,0.55,2.87
2026-03-08 09:16,8.8,31,-7.4,0.78,2.70
2026-03-08 10:16,11.4,26,-7.5,1.00,2.67
2026-03-08 11:16,13.7,23,-7.1,1.21,2.72
2026-03-08 12:16,16.1,23,-5.1,1.41,3.15
2026-03-08 13:16,22.8,24,1.2,2.11,4.88
2026-03-08 14:16,24.9,16,-2.7,2.65,3.66
2026-03-08 15:16,26.8,14,-3.0,3.03,3.56
2026-03-08 16:16,26.3,13,-4.3,2.98,3.22
2026-03-08 17:16,15.4,12,-13.9,1.54,1.58
2026-03-08 18:16,9.4,17,-14.5,0.98,1.54
2026-03-08 19:16,7.3,21,-13.6,0.81,1.66
2026-03-08 20:16,6.0,26,-12.1,0.69,1.89
2026-03-08 21:16,5.2,31,-10.6,0.61,2.13
2026-03-08 22:16,4.7,34,-9.9,0.56,2.26
2026-03-08 23:16,4.4,38,-8.7,0.52,2.48
2026-03-09 00:16,4.4,40,-8.0,0.50,2.61
2026-03-09 01:16,4.1,40,-8.3,0.49,2.56
2026-03-09 02:16,3.9,41,-8.2,0.48,2.59
2026-03-09 03:16,4.2,42,-7.6,0.48,2.71
2026-03-09 04:16,4.1,42,-7.7,0.48,2.69
2026-03-09 05:16,3.8,42,-8.0,0.47,2.63
2026-03-09 06:16,3.7,42,-8.0,0.46,2.62
2026-03-09 07:16,3.6,43,-7.8,0.45,2.66
2026-03-09 08:16,5.0,46,-5.7,0.47,3.13
2026-03-09 09:16,7.7,46,-3.2,0.57,3.73
2026-03-09 10:16,10.7,40,-2.4,0.77,3.93
2026-03-09 11:16,14.3,35,-1.0,1.06,4.30
2026-03-09 12:16,17.9,30,0.1,1.44,4.58
2026-03-09 13:16,22.4,27,2.5,1.98,5.36
2026-03-09 14:16,28.4,21,4.0,3.06,5.84
2026-03-09 15:16,24.1,16,-3.3,2.52,3.50
2026-03-09 16:16,24.8,16,-2.8,2.63,3.64
2026-03-09 17:16,16.3,18,-8.1,1.52,2.50
2026-03-09 18:16,13.3,23,-7.4,1.18,2.66
2026-03-09 19:16,12.1,27,-6.4,1.03,2.90
2026-03-09 20:16,11.1,36,-3.4,0.85,3.63
2026-03-09 21:16,10.0,44,-1.7,0.69,4.13
2026-03-09 22:16,7.9,50,-1.9,0.53,4.11
2026-03-09 23:16,7.2,55,-1.2,0.46,4.32
2026-03-10 00:16,6.6,59,-0.9,0.40,4.45
2026-03-10 01:16,5.8,62,-0.9,0.35,4.44
2026-03-10 02:16,5.6,64,-0.7,0.33,4.52
2026-03-10 03:16,5.0,66,-0.8,0.30,4.48
2026-03-10 04:16,4.7,67,-0.9,0.28,4.46
2026-03-10 05:16,4.1,68,-1.3,0.26,4.35
2026-03-10 06:16,3.7,69,-1.5,0.25,4.30
2026-03-10 07:16,3.5,70,-1.5,0.24,4.30
2026-03-10 08:16,3.9,72,-0.7,0.23,4.55
2026-03-10 09:16,4.7,73,0.3,0.23,4.86
2026-03-10 10:16,5.1,74,0.8,0.23,5.06
2026-03-10 11:16,6.8,75,2.7,0.25,5.74
2026-03-10 12:16,9.2,75,5.0,0.29,6.70
2026-03-10 13:16,10.5,71,5.5,0.37,6.89
2026-03-10 14:16,14.1,65,7.6,0.56,7.89
2026-03-10 15:16,20.3,51,9.8,1.17,8.97
2026-03-10 16:16,18.3,37,3.3,1.33,5.79
2026-03-10 17:16,12.9,36,-1.8,0.95,4.06
2026-03-10 18:16,8.4,35,-6.2,0.72,2.97
2026-03-10 19:16,6.4,35,-8.0,0.62,2.61
2026-03-10 20:16,5.1,38,-8.1,0.54,2.60
2026-03-10 21:16,4.3,41,-7.8,0.49,2.66
2026-03-10 22:16,3.7,43,-7.7,0.45,2.68
2026-03-10 23:16,3.3,43,-8.1,0.44,2.61
2026-03-11 00:16,2.7,43,-8.7,0.42,2.51
2026-03-11 01:16,1.7,44,-9.3,0.39,2.40
2026-03-11 02:16,0.9,46,-9.4,0.35,2.37
2026-03-11 03:16,0.1,48,-9.6,0.32,2.34
2026-03-11 04:16,-0.5,50,-9.7,0.29,2.34
2026-03-11 05:16,-0.8,51,-9.7,0.28,2.34
2026-03-11 06:16,-1.1,53,-9.5,0.26,2.38
2026-03-11 07:16,-0.9,55,-8.8,0.26,2.50
2026-03-11 08:16,2.2,59,-5.0,0.29,3.32
2026-03-11 09:16,7.4,57,-0.6,0.44,4.53
2026-03-11 10:16,11.3,48,0.7,0.70,4.90
2026-03-11 12:16,16.9,34,0.9,1.27,4.89
2026-03-11 13:16,20.1,30,2.0,1.65,5.21
2026-03-11 14:16,26.8,25,5.1,2.64,6.36
2026-03-11 15:16,30.1,18,3.2,3.50,5.49
2026-03-11 16:16,21.1,15,-6.6,2.13,2.76
2026-03-11 17:16,15.4,18,-8.8,1.43,2.36
2026-03-11 18:16,11.2,23,-9.2,1.02,2.33
2026-03-11 19:16,9.7,26,-8.9,0.89,2.40
2026-03-11 20:16,8.3,30,-8.3,0.77,2.53
2026-03-11 21:16,7.9,34,-7.0,0.70,2.79
2026-03-11 22:16,7.5,38,-5.9,0.64,3.04
2026-03-11 23:16,7.4,41,-5.0,0.61,3.26
2026-03-12 00:16,7.3,43,-4.5,0.58,3.40
2026-03-12 01:16,6.9,45,-4.2,0.55,3.46
2026-03-12 02:16,6.6,46,-4.2,0.53,3.47
2026-03-12 03:16,6.3,46,-4.5,0.52,3.41
2026-03-12 04:16,5.8,46,-4.9,0.50,3.30
2026-03-12 05:16,5.0,47,-5.4,0.46,3.19
2026-03-12 06:16,4.2,49,-5.6,0.42,3.16
2026-03-12 07:16,3.7,50,-5.8,0.40,3.12
2026-03-12 08:16,5.9,52,-3.2,0.45,3.75
2026-03-12 09:16,9.8,49,-0.4,0.62,4.55
2026-03-12 10:16,12.8,43,0.5,0.84,4.82
2026-03-12 11:16,15.5,33,-0.7,1.18,4.36
2026-03-12 12:16,18.4,28,-0.5,1.52,4.40
2026-03-12 13:16,22.0,26,1.6,1.96,5.05
2026-03-12 14:16,27.8,22,4.1,2.91,5.92
2026-03-12 15:16,31.5,16,2.6,3.88,5.26
2026-03-12 16:16,30.2,14,-0.3,3.69,4.29
2026-03-12 17:16,20.2,13,-9.1,2.06,2.27
2026-03-12 18:16,12.4,18,-11.3,1.18,1.97
2026-03-12 19:16,9.4,23,-10.7,0.91,2.08
2026-03-12 20:16,7.9,27,-10.0,0.78,2.22
2026-03-12 21:16,6.9,30,-9.5,0.70,2.31
2026-03-12 22:16,6.3,32,-9.2,0.65,2.37
2026-03-12 23:16,5.5,33,-9.5,0.61,2.32
2026-03-13 00:16,5.0,36,-8.9,0.56,2.45
2026-03-13 01:16,4.7,37,-8.8,0.54,2.46
2026-03-13 02:16,4.3,39,-8.5,0.51,2.53
2026-03-13 03:16,3.7,40,-8.7,0.48,2.49
2026-03-13 04:16,3.4,41,-8.6,0.46,2.50
2026-03-13 05:16,3.3,43,-8.1,0.44,2.61
2026-03-13 06:16,3.3,44,-7.8,0.43,2.67
2026-03-13 07:16,3.8,46,-6.8,0.43,2.89
2026-03-13 08:16,5.7,49,-4.2,0.47,3.49
2026-03-13 09:16,8.7,46,-2.3,0.61,3.98
2026-03-13 10:16,10.6,39,-2.8,0.78,3.81
2026-03-13 11:16,13.5,34,-2.1,1.02,3.98
2026-03-13 12:16,15.3,29,-2.7,1.23,3.79
2026-03-13 13:16,15.9,26,-3.6,1.34,3.52
2026-03-13 14:16,14.3,25,-5.5,1.22,3.07
2026-03-13 15:16,13.7,26,-5.5,1.16,3.08
2026-03-13 16:16,12.6,27,-5.9,1.07,2.99
2026-03-13 17:16,11.3,29,-6.1,0.95,2.96
2026-03-13 18:16,9.9,31,-6.5,0.84,2.89
2026-03-13 19:16,9.1,34,-6.0,0.76,3.02
2026-03-13 20:16,8.7,35,-5.9,0.73,3.03
2026-03-13 21:16,8.2,37,-5.7,0.69,3.10
2026-03-13 22:16,7.9,38,-5.6,0.66,3.12
2026-03-13 23:16,7.7,38,-5.7,0.65,3.08
2026-03-14 00:16,7.5,39,-5.6,0.63,3.12
2026-03-14 01:16,7.3,39,-5.8,0.62,3.08
2026-03-14 02:16,7.2,40,-5.5,0.61,3.14
2026-03-14 03:16,6.8,42,-5.2,0.57,3.21
2026-03-14 04:16,6.5,43,-5.2,0.55,3.22
2026-03-14 05:16,5.9,44,-5.4,0.52,3.17
2026-03-14 06:16,5.3,44,-6.0,0.50,3.05
2026-03-14 07:16,5.3,46,-5.4,0.48,3.19
2026-03-14 08:16,7.9,49,-2.2,0.54,4.02
2026-03-14 09:16,11.8,43,-0.4,0.79,4.53
2026-03-14 10:16,15.4,37,0.8,1.10,4.86
2026-03-14 11:16,17.3,33,0.9,1.32,4.86
2026-03-14 12:16,20.3,29,1.7,1.69,5.10
2026-03-14 13:16,22.9,27,2.9,2.04,5.52
2026-03-14 14:16,28.1,23,5.0,2.93,6.29
2026-03-14 15:16,31.9,18,4.6,3.88,6.04
2026-03-14 16:16,32.6,15,2.6,4.18,5.23
2026-03-14 17:16,24.0,15,-4.3,2.54,3.26
2026-03-14 18:16,16.8,22,-5.1,1.49,3.15
2026-03-14 19:16,13.2,29,-4.5,1.08,3.33
2026-03-14 20:16,11.2,32,-4.9,0.90,3.24
2026-03-14 21:16,10.2,33,-5.4,0.83,3.14
2026-03-14 22:16,9.2,35,-5.5,0.76,3.13
2026-03-14 23:16,8.4,36,-5.8,0.71,3.05
2026-03-15 00:16,6.8,39,-6.2,0.60,2.98
2026-03-15 01:16,5.6,41,-6.6,0.54,2.90
2026-03-15 02:16,4.6,44,-6.6,0.48,2.91
2026-03-15 03:16,3.6,46,-7.0,0.43,2.85
2026-03-15 04:16,2.8,48,-7.1,0.39,2.82
2026-03-15 05:16,2.2,50,-7.2,0.36,2.82
2026-03-15 06:16,1.6,53,-7.0,0.32,2.87
2026-03-15 07:16,2.4,56,-5.5,0.32,3.20
2026-03-15 08:16,6.3,60,-0.9,0.38,4.44
2026-03-15 09:16,11.2,56,2.7,0.59,5.68
2026-03-15 10:16,15.4,46,3.8,0.94,6.04
2026-03-15 11:16,18.7,37,3.7,1.36,5.92
2026-03-15 12:16,21.1,30,2.8,1.75,5.53
2026-03-15 13:16,23.0,26,2.4,2.08,5.34
2026-03-15 14:16,27.6,24,5.2,2.81,6.38
2026-03-15 15:16,30.9,19,4.6,3.62,6.05
2026-03-15 16:16,31.6,16,2.7,3.90,5.29
2026-03-15 17:16,24.2,15,-4.1,2.57,3.30
2026-03-15 18:16,17.1,19,-6.7,1.58,2.77
2026-03-15 19:16,14.0,23,-6.8,1.23,2.77
2026-03-15 20:16,13.0,28,-5.1,1.08,3.18
2026-03-15 21:16,12.6,33,-3.3,0.98,3.65
2026-03-15 22:16,12.0,37,-2.3,0.88,3.94
2026-03-15 23:16,11.5,40,-1.7,0.81,4.13
2026-03-16 00:16,11.2,42,-1.3,0.77,4.26
2026-03-16 01:16,11.0,45,-0.5,0.72,4.50
2026-03-16 02:16,10.4,49,0.1,0.64,4.72
2026-03-16 03:16,9.4,51,-0.2,0.58,4.61
2026-03-16 04:16,8.6,54,-0.2,0.51,4.64
2026-03-16 05:16,8.3,56,0.0,0.48,4.72
2026-03-16 06:16,8.1,59,0.6,0.44,4.91
2026-03-16 07:16,8.1,61,1.0,0.42,5.08
2026-03-16 08:16,8.8,62,1.9,0.43,5.40
2026-03-16 09:16,9.9,60,2.5,0.49,5.60
2026-03-16 10:16,12.5,53,3.2,0.68,5.83
2026-03-16 11:16,16.0,43,3.4,1.04,5.86
2026-03-16 12:16,18.0,38,3.5,1.28,5.84
2026-03-16 13:16,22.9,30,4.4,1.95,6.13
2026-03-16 14:16,27.0,26,5.9,2.64,6.69
2026-03-16 15:16,32.1,21,7.0,3.78,7.13
2026-03-16 16:16,32.4,18,5.0,3.99,6.21
2026-03-16 17:16,23.5,18,-2.2,2.37,3.81
2026-03-16 18:16,16.1,26,-3.4,1.35,3.56
2026-03-16 19:16,13.1,25,-6.5,1.13,2.85
2026-03-16 20:16,11.3,25,-8.1,1.00,2.55
2026-03-16 21:16,9.8,28,-7.9,0.87,2.60
2026-03-16 22:16,9.4,32,-6.5,0.80,2.89
2026-03-16 23:16,9.4,36,-4.9,0.75,3.26
2026-03-17 00:16,9.5,42,-2.8,0.69,3.82
2026-03-17 01:16,8.5,43,-3.4,0.63,3.67
2026-03-17 02:16,7.9,41,-4.6,0.63,3.37
2026-03-17 03:16,7.7,40,-5.1,0.63,3.24
2026-03-17 04:16,7.5,39,-5.6,0.63,3.12
2026-03-17 05:16,7.3,39,-5.8,0.62,3.08
2026-03-17 06:16,6.9,41,-5.5,0.59,3.16
2026-03-17 07:16,7.4,43,-4.4,0.59,3.42
2026-03-17 08:16,8.4,44,-3.2,0.62,3.73
2026-03-17 09:16,11.7,43,-0.5,0.78,4.50
2026-03-17 10:16,15.0,36,0.0,1.09,4.62
2026-03-17 11:16,17.7,32,0.8,1.38,4.83
2026-03-17 12:16,20.4,30,2.2,1.68,5.31
2026-03-17 13:16,23.0,28,3.5,2.02,5.75
2026-03-17 14:16,26.9,26,5.8,2.62,6.65
2026-03-17 15:16,30.0,20,4.6,3.39,6.06
2026-03-17 16:16,30.4,19,4.2,3.52,5.89
2026-03-17 17:16,22.0,22,-0.7,2.06,4.27
2026-03-17 18:16,15.8,32,-0.9,1.22,4.31
2026-03-17 19:16,13.9,39,0.2,0.97,4.68
2026-03-17 20:16,12.6,43,0.3,0.83,4.76
2026-03-17 21:16,11.2,47,0.3,0.71,4.76
2026-03-17 22:16,10.4,50,0.4,0.63,4.82
2026-03-17 23:16,9.8,53,0.7,0.57,4.92
2026-03-18 00:16,10.2,55,1.6,0.56,5.23
2026-03-18 01:16,10.3,56,1.9,0.55,5.36
2026-03-18 02:16,10.1,58,2.2,0.52,5.48
2026-03-18 03:16,9.4,54,0.5,0.54,4.88
2026-03-18 04:16,9.5,53,0.4,0.56,4.82
2026-03-18 05:16,9.5,52,0.1,0.57,4.73
2026-03-18 06:16,9.5,51,-0.1,0.58,4.64
2026-03-18 07:16,9.8,50,-0.1,0.61,4.64
2026-03-18 08:16,10.2,50,0.2,0.62,4.76
2026-03-18 09:16,11.2,50,1.1,0.67,5.07
2026-03-18 10:16,14.8,50,4.5,0.84,6.33
2026-03-18 11:16,17.6,47,6.1,1.07,7.05
2026-03-18 12:16,17.9,44,5.5,1.15,6.72
2026-03-18 13:16,16.9,44,4.6,1.08,6.33
2026-03-18 14:16,16.1,46,4.5,0.99,6.31
2026-03-18 15:16,15.5,47,4.2,0.93,6.21
2026-03-18 16:16,15.4,48,4.4,0.91,6.31
2026-03-18 17:16,14.9,47,3.7,0.90,5.99
2026-03-18 18:16,13.9,48,3.1,0.83,5.75
2026-03-18 19:16,12.7,50,2.5,0.73,5.57
2026-03-18 20:16,11.9,52,2.3,0.67,5.51
2026-03-18 21:16,11.6,54,2.6,0.63,5.61
2026-03-18 22:16,11.4,56,2.9,0.59,5.75
2026-03-18 23:16,10.7,57,2.5,0.55,5.60
2026-03-19 00:16,10.2,59,2.5,0.51,5.61
2026-03-19 01:16,9.6,61,2.4,0.47,5.59
2026-03-19 02:16,9.5,62,2.6,0.45,5.64
2026-03-19 03:16,9.4,63,2.7,0.44,5.70
2026-03-19 04:16,9.4,64,2.9,0.42,5.79
2026-03-19 05:16,9.6,65,3.3,0.42,5.95
2026-03-19 06:16,9.9,66,3.8,0.41,6.16
2026-03-19 07:16,10.5,66,4.4,0.43,6.40
2026-03-19 08:16,12.3,68,6.6,0.46,7.38
2026-03-19 09:16,16.3,65,9.7,0.65,9.02
2026-03-19 10:16,19.1,52,9.0,1.06,8.52
2026-03-19 11:16,19.6,44,7.0,1.28,7.43
2026-03-19 12:16,19.6,43,6.7,1.30,7.26
2026-03-19 13:16,20.6,42,7.2,1.41,7.52
2026-03-19 14:16,20.5,35,4.5,1.57,6.23
2026-03-19 15:16,24.4,31,6.2,2.11,6.90
2026-03-19 16:16,28.9,22,5.0,3.11,6.28
2026-03-19 17:16,22.5,19,-2.3,2.21,3.80
2026-03-19 18:16,17.7,25,-2.6,1.52,3.77
2026-03-19 19:16,15.8,29,-2.2,1.27,3.90
2026-03-19 20:16,14.3,33,-1.8,1.09,4.05
2026-03-19 21:16,13.4,35,-1.8,1.00,4.07
2026-03-19 22:16,12.6,38,-1.4,0.90,4.20
2026-03-19 23:16,12.0,40,-1.2,0.84,4.26
2026-03-20 00:16,11.6,41,-1.2,0.81,4.26
2026-03-20 01:16,11.2,44,-0.6,0.74,4.46
2026-03-20 02:16,10.6,47,-0.3,0.68,4.59
2026-03-20 03:16,10.3,48,-0.2,0.65,4.60
2026-03-20 04:16,10.1,49,-0.1,0.63,4.63
2026-03-20 05:16,9.8,49,-0.4,0.62,4.55
2026-03-20 06:16,9.7,49,-0.5,0.61,4.52
2026-03-20 07:16,9.6,50,-0.3,0.60,4.58
2026-03-20 08:16,10.2,50,0.2,0.62,4.76
2026-03-20 09:16,10.6,49,0.3,0.65,4.78
2026-03-20 10:16,11.4,49,1.1,0.69,5.03
2026-03-20 11:16,11.2,55,2.5,0.60,5.57
2026-03-20 12:16,11.5,58,3.5,0.57,5.99
2026-03-20 13:16,11.1,60,3.6,0.53,6.04
2026-03-20 14:16,10.5,61,3.3,0.50,5.92
2026-03-20 15:16,10.0,64,3.5,0.44,6.01
2026-03-20 16:16,9.6,65,3.3,0.42,5.95
2026-03-20 17:16,9.2,67,3.4,0.38,5.98
2026-03-20 18:16,8.7,69,3.3,0.35,5.97
2026-03-20 19:16,8.5,71,3.5,0.32,6.06
2026-03-20 20:16,8.3,72,3.5,0.31,6.07
2026-03-20 21:16,7.3,72,2.6,0.29,5.69
2026-03-20 22:16,6.5,73,2.0,0.26,5.47
2026-03-20 23:16,5.5,74,1.2,0.23,5.20
2026-03-21 00:16,4.7,74,0.5,0.22,4.93
2026-03-21 01:16,4.7,76,0.8,0.21,5.06
2026-03-21 02:16,4.6,74,0.4,0.22,4.90
2026-03-21 03:16,4.0,70,-1.0,0.24,4.45
2026-03-21 04:16,3.4,64,-2.8,0.28,3.91
2026-03-21 05:16,2.9,57,-4.8,0.32,3.37
2026-03-21 06:16,2.7,54,-5.7,0.34,3.15
2026-03-21 07:16,3.7,54,-4.8,0.37,3.37
2026-03-21 08:16,6.1,52,-3.0,0.45,3.80
2026-03-21 09:16,9.1,47,-1.6,0.61,4.17
2026-03-21 10:16,12.7,41,-0.2,0.87,4.56
2026-03-21 11:16,16.3,34,0.4,1.22,4.72
2026-03-21 12:16,19.9,28,0.8,1.67,4.81
2026-03-21 13:16,22.6,23,0.4,2.11,4.62
2026-03-21 14:16,25.3,20,0.7,2.58,4.68
2026-03-21 15:16,30.8,17,2.9,3.69,5.38
2026-03-21 16:16,32.4,12,-0.7,4.28,4.14
2026-03-21 17:16,26.9,10,-7.3,3.19,2.56
2026-03-21 18:16,17.8,12,-12.0,1.79,1.82
2026-03-21 19:16,13.3,14,-13.7,1.31,1.62
2026-03-21 20:16,10.6,18,-12.8,1.05,1.76
2026-03-21 21:16,8.6,21,-12.5,0.88,1.80
2026-03-21 22:16,7.3,25,-11.5,0.77,1.98
2026-03-21 23:16,6.3,27,-11.4,0.70,2.00
2026-03-22 00:16,5.7,29,-11.0,0.65,2.06
2026-03-22 01:16,5.1,30,-11.1,0.61,2.05
2026-03-22 02:16,4.1,32,-11.2,0.56,2.05
2026-03-22 03:16,3.3,34,-11.1,0.51,2.06
2026-03-22 04:16,2.5,36,-11.1,0.47,2.07
2026-03-22 05:16,1.7,38,-11.1,0.43,2.07
2026-03-22 06:16,1.3,39,-11.2,0.41,2.07
2026-03-22 07:16,2.1,42,-9.5,0.41,2.35
2026-03-22 08:16,5.8,45,-5.2,0.51,3.22
2026-03-22 09:16,11.3,43,-0.8,0.76,4.39
2026-03-22 10:16,15.8,38,1.5,1.11,5.12
2026-03-22 11:16,19.3,35,3.4,1.46,5.81
2026-03-22 12:16,21.2,33,4.3,1.69,6.12
2026-03-22 13:16,22.2,31,4.3,1.85,6.09
2026-03-22 14:16,23.0,27,3.0,2.05,5.55
2026-03-22 15:16,23.4,25,2.2,2.16,5.26
2026-03-22 16:16,21.6,24,0.1,1.96,4.55
2026-03-22 17:16,19.2,25,-1.3,1.67,4.12
2026-03-22 18:16,16.2,29,-1.9,1.31,4.00
2026-03-22 19:16,14.7,34,-1.0,1.10,4.28
2026-03-22 20:16,13.3,38,-0.7,0.95,4.39
2026-03-22 21:16,12.4,44,0.5,0.81,4.81
2026-03-22 22:16,11.4,47,0.5,0.71,4.82
2026-03-22 23:16,10.2,49,-0.1,0.63,4.66
2026-03-23 00:16,9.6,52,0.2,0.57,4.76
2026-03-23 01:16,9.2,54,0.4,0.54,4.82
2026-03-23 02:16,8.6,56,0.3,0.49,4.81
2026-03-23 03:16,8.4,58,0.6,0.46,4.92
2026-03-23 04:16,8.2,59,0.7,0.45,4.94
2026-03-23 05:16,8.3,60,1.0,0.44,5.06
2026-03-23 06:16,8.2,61,1.1,0.42,5.11
2026-03-23 07:16,8.5,62,1.6,0.42,5.29
2026-03-23 08:16,9.8,63,3.1,0.45,5.84
2026-03-23 09:16,11.7,62,4.7,0.52,6.48
2026-03-23 10:16,13.5,59,5.6,0.63,6.90
2026-03-23 11:16,16.8,56,8.0,0.84,8.01
2026-03-23 12:16,20.1,47,8.4,1.25,8.17
2026-03-23 13:16,22.3,39,7.7,1.64,7.70
2026-03-23 14:16,25.9,32,7.9,2.27,7.75
2026-03-23 15:16,29.9,28,9.4,3.04,8.45
2026-03-23 16:16,32.9,21,7.7,3.95,7.44
2026-03-23 17:16,25.2,20,0.6,2.56,4.66
2026-03-23 18:16,18.6,25,-1.8,1.61,3.98
2026-03-23 19:16,15.3,31,-1.8,1.20,4.05
2026-03-23 20:16,13.7,36,-1.1,1.00,4.26
2026-03-23 21:16,12.9,38,-1.1,0.92,4.28
2026-03-23 23:16,11.7,42,-0.8,0.80,4.39
2026-03-24 00:16,10.9,45,-0.6,0.72,4.48
2026-03-24 01:16,10.5,46,-0.6,0.69,4.46
2026-03-24 02:16,10.0,48,-0.5,0.64,4.51
2026-03-24 03:16,9.2,48,-1.3,0.61,4.29
2026-03-24 04:16,9.1,47,-1.6,0.61,4.17
2026-03-24 05:16,8.7,45,-2.6,0.62,3.89
2026-03-24 06:16,8.8,45,-2.5,0.62,3.92
2026-03-24 07:16,9.5,47,-1.3,0.63,4.28
2026-03-24 08:16,11.5,45,0.0,0.75,4.65
2026-03-24 09:16,14.2,38,0.1,1.00,4.64
2026-03-24 10:16,17.2,30,-0.5,1.37,4.39
2026-03-24 11:16,20.5,25,-0.2,1.81,4.45
2026-03-24 12:16,23.4,23,1.1,2.22,4.84
2026-03-24 13:16,25.8,21,1.8,2.62,5.06
2026-03-24 14:16,27.3,18,0.9,2.98,4.71
2026-03-24 15:16,29.9,17,2.2,3.50,5.13
2026-03-24 16:16,30.3,14,-0.2,3.71,4.31
2026-03-24 17:16,23.6,14,-5.5,2.51,2.98
2026-03-24 18:16,17.4,22,-4.6,1.55,3.26
2026-03-24 19:16,14.7,30,-2.7,1.17,3.78
2026-03-24 20:16,13.1,33,-2.8,1.01,3.77
2026-03-24 21:16,12.4,37,-1.9,0.91,4.04
2026-03-24 22:16,12.3,38,-1.6,0.89,4.13
2026-03-24 23:16,12.2,40,-1.0,0.85,4.32
2026-03-25 00:16,12.0,42,-0.5,0.81,4.48
2026-03-25 01:16,11.8,44,-0.1,0.78,4.63
2026-03-25 02:16,11.5,45,0.0,0.75,4.65
2026-03-25 03:16,11.3,46,0.1,0.72,4.69
2026-03-25 04:16,11.0,47,0.1,0.70,4.70
2026-03-25 05:16,10.7,48,0.1,0.67,4.71
2026-03-25 06:16,10.6,49,0.3,0.65,4.78
2026-03-25 07:16,10.9,50,0.9,0.65,4.97
2026-03-25 08:16,11.5,50,1.4,0.68,5.16
2026-03-25 09:16,12.9,49,2.4,0.76,5.52
2026-03-25 10:16,14.9,46,3.4,0.91,5.86
2026-03-25 11:16,15.8,43,3.2,1.02,5.79
2026-03-25 12:16,14.8,41,1.7,0.99,5.19
2026-03-25 13:16,14.2,43,1.8,0.92,5.25
2026-03-25 14:16,13.7,49,3.2,0.80,5.80
2026-03-25 15:16,13.1,55,4.3,0.68,6.28
2026-03-25 16:16,12.4,60,4.8,0.58,6.56
2026-03-25 17:16,11.9,63,5.1,0.52,6.67
2026-03-25 18:16,11.1,66,5.0,0.45,6.65
2026-03-25 19:16,10.7,68,5.0,0.41,6.68
2026-03-25 20:16,10.5,70,5.3,0.38,6.79
2026-03-25 21:16,10.3,72,5.5,0.35,6.90
2026-03-25 22:16,10.3,73,5.7,0.34,6.99
2026-03-25 23:16,10.3,75,6.1,0.31,7.18
2026-03-26 00:16,10.3,76,6.3,0.30,7.28
2026-03-26 01:16,10.3,76,6.3,0.30,7.28
2026-03-26 02:16,10.3,77,6.4,0.29,7.37
2026-03-26 03:16,10.3,78,6.6,0.28,7.47
2026-03-26 04:16,10.4,78,6.7,0.28,7.52
2026-03-26 05:16,10.5,79,7.0,0.27,7.66
2026-03-26 06:16,10.7,79,7.2,0.27,7.76
2026-03-26 07:16,10.9,80,7.6,0.26,7.96
2026-03-26 08:16,11.5,81,8.4,0.26,8.37
2026-03-26 09:16,11.9,82,8.9,0.25,8.68
2026-03-26 10:16,12.7,82,9.7,0.26,9.13
2026-03-26 11:16,13.5,82,10.5,0.28,9.59
2026-03-26 12:16,14.3,82,11.3,0.29,10.07
2026-03-26 13:16,15.6,80,12.2,0.35,10.64
2026-03-26 14:16,15.9,80,12.5,0.36,10.83
2026-03-26 15:16,14.5,76,10.3,0.40,9.45
2026-03-26 16:16,14.7,78,10.9,0.37,9.82
2026-03-26 17:16,14.5,77,10.5,0.38,9.58
2026-03-26 19:16,13.1,77,9.2,0.35,8.79
2026-03-26 20:16,12.7,78,9.0,0.32,8.68
2026-03-26 21:16,12.2,79,8.7,0.30,8.52
2026-03-26 22:16,11.9,80,8.6,0.28,8.47
2026-03-26 23:16,11.8,80,8.5,0.28,8.42
2026-03-27 00:16,11.6,81,8.4,0.26,8.42
2026-03-27 01:16,11.2,81,8.1,0.25,8.21
2026-03-27 02:16,10.7,81,7.6,0.24,7.96
2026-03-27 03:16,10.3,82,7.4,0.23,7.85
2026-03-27 04:16,9.9,82,7.0,0.22,7.66
2026-03-27 05:16,9.1,82,6.2,0.21,7.28
2026-03-27 06:16,8.5,82,5.6,0.20,7.00
2026-03-27 07:16,9.1,84,6.5,0.18,7.45
2026-03-27 08:16,11.7,85,9.3,0.21,8.89
2026-03-27 09:16,15.0,86,12.7,0.24,11.03
2026-03-27 10:16,17.9,82,14.8,0.37,12.52
2026-03-27 11:16,20.8,70,15.1,0.74,12.67
2026-03-27 12:16,22.0,55,12.5,1.19,10.67
2026-03-27 13:16,25.0,44,11.9,1.77,10.13
2026-03-27 14:16,23.5,39,8.7,1.77,8.25
2026-03-27 15:16,21.6,42,8.1,1.50,7.97
2026-03-27 16:16,19.2,45,7.0,1.22,7.42
2026-03-27 17:16,17.5,50,7.0,1.00,7.45
2026-03-27 18:16,15.8,56,7.0,0.79,7.54
2026-03-27 19:16,14.4,61,7.0,0.64,7.54
2026-03-27 20:16,13.4,66,7.2,0.52,7.67
2026-03-27 21:16,12.8,69,7.2,0.46,7.73
2026-03-27 22:16,11.9,71,6.8,0.40,7.52
2026-03-27 23:16,11.1,72,6.2,0.37,7.25
2026-03-28 00:16,10.9,74,6.4,0.34,7.36
2026-03-28 01:16,10.9,76,6.8,0.31,7.56
2026-03-28 02:16,10.9,77,7.0,0.30,7.66
2026-03-28 03:16,10.8,78,7.1,0.28,7.71
2026-03-28 04:16,10.6,78,6.9,0.28,7.61
2026-03-28 05:16,10.4,79,6.9,0.26,7.61
2026-03-28 06:16,10.5,80,7.2,0.25,7.76
2026-03-28 07:16,11.0,81,7.9,0.25,8.11
2026-03-28 08:16,12.4,83,9.6,0.24,9.07
2026-03-28 09:16,14.4,82,11.4,0.30,10.14
2026-03-28 10:16,16.0,79,12.4,0.38,10.76
2026-03-28 11:16,19.0,72,13.8,0.62,11.73
2026-03-28 12:16,22.3,59,13.9,1.10,11.65
2026-03-28 13:16,24.7,48,12.9,1.62,10.86
2026-03-28 14:16,26.5,40,11.8,2.08,10.01
2026-03-28 15:16,26.8,34,9.6,2.33,8.65
2026-03-28 16:16,26.8,31,8.2,2.43,7.89
2026-03-28 17:16,21.2,36,5.5,1.61,6.67
2026-03-28 18:16,18.9,41,5.3,1.29,6.64
2026-03-28 19:16,17.5,48,6.4,1.04,7.16
2026-03-28 20:16,16.1,56,7.3,0.81,7.68
2026-03-28 21:16,14.7,61,7.3,0.65,7.68
2026-03-28 22:16,13.3,65,6.9,0.53,7.51
2026-03-28 23:16,12.3,67,6.3,0.47,7.28
2026-03-29 00:16,12.0,69,6.5,0.43,7.35
2026-03-29 01:16,11.4,70,6.1,0.40,7.19
2026-03-29 02:16,10.8,71,5.7,0.38,7.02
2026-03-29 03:16,10.4,72,5.6,0.35,6.94
2026-03-29 04:16,9.9,73,5.3,0.33,6.82
2026-03-29 05:16,9.1,74,4.7,0.30,6.57
2026-03-29 06:16,8.5,75,4.3,0.28,6.40
2026-03-29 07:16,9.5,77,5.7,0.27,7.01
2026-03-29 08:16,12.2,79,8.7,0.30,8.52
2026-03-29 09:16,15.8,79,12.2,0.38,10.63
2026-03-29 10:16,19.7,71,14.3,0.67,12.06
2026-03-29 11:16,23.3,58,14.6,1.20,12.13
2026-03-29 12:16,26.2,45,13.3,1.87,11.08
2026-03-29 14:16,29.3,32,10.9,2.77,9.34
2026-03-29 15:16,30.4,29,10.4,3.08,8.99
2026-03-29 16:16,29.5,27,8.5,3.01,7.97
2026-03-29 17:16,24.9,34,8.0,2.08,7.78
2026-03-29 18:16,19.6,48,8.3,1.19,8.10
2026-03-29 19:16,16.9,54,7.5,0.89,7.77
2026-03-29 20:16,15.9,58,7.6,0.76,7.85
2026-03-29 21:16,15.1,59,7.1,0.70,7.61
2026-03-29 22:16,14.8,60,7.1,0.67,7.60
2026-03-29 23:16,14.3,62,7.1,0.62,7.62
2026-03-30 00:16,13.7,62,6.5,0.60,7.34
2026-03-30 01:16,13.5,62,6.4,0.59,7.25
2026-03-30 02:16,13.3,63,6.4,0.57,7.28
2026-03-30 03:16,13.0,64,6.3,0.54,7.26
2026-03-30 04:16,13.0,65,6.6,0.52,7.37
2026-03-30 05:16,12.9,65,6.5,0.52,7.33
2026-03-30 08:16,14.1,68,8.3,0.51,8.25
2026-03-30 09:16,15.2,66,8.9,0.59,8.57
2026-03-30 10:16,17.3,63,10.2,0.73,9.28
2026-03-30 11:16,18.7,58,10.3,0.91,9.29
2026-03-30 12:16,22.1,53,12.1,1.25,10.35
2026-03-30 13:16,26.1,47,13.9,1.79,11.51
2026-03-30 14:16,27.6,40,12.8,2.22,10.64
2026-03-30 15:16,25.5,40,10.9,1.96,9.47
2026-03-30 16:16,23.0,45,10.4,1.55,9.25
2026-03-30 17:16,21.5,47,9.7,1.36,8.86
2026-03-30 18:16,19.8,50,9.1,1.15,8.54
2026-03-30 19:16,18.5,54,9.0,0.98,8.54
2026-03-30 20:16,17.5,56,8.6,0.88,8.35
2026-03-30 21:16,16.9,58,8.6,0.81,8.34
2026-03-30 22:16,16.3,60,8.5,0.74,8.32
2026-03-30 23:16,15.8,63,8.8,0.66,8.48
2026-03-31 00:16,15.4,65,8.8,0.61,8.54
2026-03-31 01:16,14.9,67,8.8,0.56,8.54
2026-03-31 02:16,14.6,68,8.8,0.53,8.51
2026-03-31 03:16,14.2,69,8.6,0.50,8.43
2026-03-31 04:16,14.0,70,8.6,0.48,8.44
2026-03-31 05:16,13.9,71,8.7,0.46,8.51
2026-03-31 06:16,13.8,72,8.8,0.44,8.58
2026-03-31 07:16,14.1,73,9.3,0.43,8.86
2026-03-31 08:16,14.6,74,10.0,0.43,9.26
2026-03-31 09:16,16.6,73,11.7,0.51,10.31
2026-03-31 10:16,18.0,64,11.1,0.74,9.83
2026-03-31 11:16,19.2,62,11.7,0.85,10.22
2026-03-31 12:16,21.2,59,12.9,1.03,10.93
2026-03-31 13:16,21.8,59,13.4,1.07,11.32
2026-03-31 14:16,20.7,59,12.4,1.00,10.62
2026-03-31 15:16,19.2,69,13.4,0.69,11.38
2026-03-31 16:16,19.4,72,14.2,0.63,12.01
2026-03-31 17:16,19.4,73,14.4,0.61,12.18
2026-03-31 18:16,19.1,74,14.4,0.57,12.13
2026-03-31 19:16,18.3,74,13.6,0.55,11.57
2026-03-31 20:16,17.5,76,13.2,0.48,11.33
2026-03-31 21:16,16.9,77,12.8,0.44,11.07
2026-03-31 22:16,16.5,78,12.6,0.41,10.95
2026-03-31 23:16,15.7,79,12.1,0.37,10.57
2026-04-01 00:16,15.3,79,11.7,0.37,10.32
2026-04-01 01:16,14.7,80,11.3,0.33,10.07
2026-04-01 02:16,13.9,80,10.5,0.32,9.59
2026-04-01 03:16,13.4,81,10.2,0.29,9.42
2026-04-01 04:16,13.0,81,9.8,0.28,9.19
2026-04-01 05:16,14.1,80,10.7,0.32,9.71
2026-04-01 06:16,14.9,74,10.3,0.44,9.43
2026-04-01 07:16,16.3,69,10.6,0.57,9.57
2026-04-01 08:16,17.5,66,11.1,0.68,9.84
2026-04-01 09:16,18.0,64,11.1,0.74,9.83
2026-04-01 10:16,18.3,63,11.1,0.78,9.85
2026-04-01 11:16,18.3,63,11.1,0.78,9.85
2026-04-01 12:16,16.9,67,10.7,0.64,9.64
2026-04-01 13:16,15.6,71,10.4,0.51,9.44
2026-04-01 14:16,14.6,72,9.6,0.47,9.01
2026-04-01 15:16,13.9,75,9.5,0.40,8.99
2026-04-01 16:16,13.3,76,9.2,0.37,8.78
2026-04-01 17:16,12.7,78,9.0,0.32,8.68
2026-04-01 18:16,12.4,79,8.9,0.30,8.63
2026-04-01 19:16,12.2,80,8.8,0.28,8.63
2026-04-01 20:16,11.8,81,8.6,0.26,8.53
2026-04-01 21:16,11.5,82,8.5,0.24,8.47
2026-04-01 22:16,11.2,83,8.4,0.23,8.41
2026-04-01 23:16,11.0,83,8.2,0.22,8.31
2026-04-02 00:16,10.8,84,8.2,0.21,8.30
2026-04-02 01:16,10.6,84,8.0,0.20,8.20
2026-04-02 02:16,10.5,85,8.1,0.19,8.24
2026-04-02 03:16,10.5,86,8.3,0.18,8.34
2026-04-02 04:16,10.6,86,8.4,0.18,8.39
2026-04-02 05:16,10.5,87,8.4,0.17,8.44
2026-04-02 06:16,10.5,87,8.4,0.17,8.44
2026-04-02 07:16,10.4,87,8.3,0.16,8.38
2026-04-02 08:16,10.6,87,8.5,0.17,8.49
2026-04-02 09:16,12.7,90,11.1,0.15,10.02
2026-04-02 10:16,13.9,89,12.1,0.17,10.67
2026-04-02 11:16,14.3,87,12.2,0.21,10.69
2026-04-02 12:16,15.3,85,12.8,0.26,11.10
2026-04-02 13:16,18.8,73,13.9,0.59,11.76
2026-04-02 14:16,22.4,47,10.5,1.44,9.33
2026-04-02 15:16,23.0,35,6.7,1.83,7.19
2026-04-02 16:16,23.7,33,6.5,1.96,7.06
2026-04-02 17:16,20.2,29,1.6,1.68,5.07
2026-04-02 18:16,14.9,34,-0.8,1.12,4.33
2026-04-02 19:16,12.3,39,-1.3,0.87,4.23
2026-04-02 20:16,11.3,41,-1.5,0.79,4.18
2026-04-02 21:16,10.0,45,-1.4,0.68,4.23
2026-04-02 22:16,9.2,47,-1.5,0.62,4.20
2026-04-02 23:16,8.8,51,-0.8,0.55,4.44
2026-04-03 00:16,8.5,52,-0.8,0.53,4.44
2026-04-03 01:16,7.5,54,-1.2,0.48,4.32
2026-04-03 02:16,6.5,56,-1.7,0.43,4.20
2026-04-03 03:16,6.1,59,-1.3,0.39,4.31
2026-04-03 04:16,5.3,60,-1.8,0.36,4.16
2026-04-03 05:16,4.8,62,-1.9,0.33,4.16
2026-04-03 06:16,5.6,63,-0.9,0.34,4.45
2026-04-03 07:16,6.7,64,0.4,0.35,4.86
2026-04-03 08:16,10.0,67,4.1,0.41,6.30
2026-04-03 09:16,14.5,58,6.3,0.69,7.21
2026-04-03 10:16,18.2,46,6.4,1.13,7.15
2026-04-03 11:16,21.2,38,6.3,1.56,7.04
2026-04-03 12:16,24.3,31,6.1,2.10,6.86
2026-04-03 13:16,25.6,30,6.7,2.30,7.14
2026-04-03 14:16,26.9,27,6.3,2.59,6.91
2026-04-03 15:16,27.5,26,6.3,2.72,6.88
2026-04-03 16:16,27.7,26,6.4,2.75,6.95
2026-04-03 17:16,23.7,27,3.6,2.14,5.78
2026-04-03 18:16,19.0,34,2.8,1.45,5.54
2026-04-03 19:16,16.8,44,4.5,1.07,6.29
2026-04-03 20:16,15.9,49,5.2,0.92,6.64
2026-04-03 21:16,14.9,53,5.4,0.80,6.75
2026-04-03 22:16,13.9,56,5.3,0.70,6.71
2026-04-03 23:16,12.6,58,4.5,0.61,6.42
2026-04-04 01:16,10.6,62,3.6,0.49,6.05
2026-04-04 02:16,10.1,65,3.8,0.43,6.15
2026-04-04 03:16,9.7,66,3.6,0.41,6.08
2026-04-04 04:16,9.4,67,3.6,0.39,6.06
2026-04-04 05:16,9.3,69,3.9,0.36,6.20
2026-04-04 06:16,9.3,71,4.3,0.34,6.38
2026-04-04 07:16,10.1,72,5.3,0.35,6.81
2026-04-04 08:16,10.9,73,6.2,0.35,7.26
2026-04-04 09:16,11.5,73,6.8,0.37,7.54
2026-04-04 10:16,13.4,74,8.9,0.40,8.60
2026-04-04 11:16,14.4,71,9.2,0.48,8.78
2026-04-04 12:16,14.8,69,9.2,0.52,8.74
2026-04-04 13:16,13.9,70,8.5,0.48,8.39
2026-04-04 14:16,13.7,73,8.9,0.42,8.64
2026-04-04 15:16,14.2,77,10.2,0.37,9.40
2026-04-04 16:16,14.4,77,10.4,0.38,9.52
2026-04-04 17:16,14.7,79,11.1,0.35,9.95
2026-04-04 18:16,15.5,81,12.3,0.33,10.71
2026-04-04 19:16,15.8,82,12.7,0.32,11.04
2026-04-04 20:16,14.1,81,10.9,0.31,9.83
2026-04-04 21:16,13.1,82,10.1,0.27,9.36
2026-04-04 22:16,12.7,82,9.7,0.26,9.13
2026-04-04 23:16,12.5,83,9.7,0.25,9.13
2026-04-05 00:16,12.4,84,9.8,0.23,9.18
2026-04-05 01:16,12.3,84,9.7,0.23,9.12
2026-04-05 02:16,12.7,86,10.4,0.21,9.57
2026-04-05 03:16,12.8,86,10.5,0.21,9.63
2026-04-05 04:16,12.2,85,9.8,0.21,9.17
2026-04-05 05:16,11.8,86,9.5,0.19,9.05
2026-04-05 06:16,11.6,86,9.3,0.19,8.94
2026-04-05 07:16,12.5,88,10.6,0.17,9.67
2026-04-05 08:16,14.5,89,12.7,0.18,11.07
2026-04-05 09:16,18.1,89,16.3,0.23,13.75
2026-04-05 10:16,20.2,84,17.4,0.38,14.69
2026-04-05 11:16,21.1,78,17.1,0.55,14.37
2026-04-05 12:16,22.6,72,17.3,0.77,14.46
2026-04-05 13:16,25.7,67,19.1,1.09,16.04
2026-04-05 14:16,26.9,57,17.7,1.52,14.59
2026-04-05 15:16,25.6,57,16.4,1.41,13.57
2026-04-05 16:16,23.6,60,15.4,1.17,12.76
2026-04-05 17:16,22.6,64,15.4,0.99,12.86
2026-04-05 18:16,21.6,66,15.0,0.88,12.52
2026-04-05 19:16,20.4,69,14.5,0.74,12.21
2026-04-05 20:16,19.4,71,14.0,0.65,11.85
2026-04-05 21:16,18.6,73,13.7,0.58,11.62
2026-04-05 22:16,18.1,74,13.4,0.54,11.43
2026-04-05 23:16,17.7,73,12.8,0.55,11.01
2026-04-06 00:16,17.4,73,12.5,0.54,10.82
2026-04-06 01:16,17.2,73,12.3,0.53,10.69
2026-04-06 02:16,17.0,72,11.9,0.54,10.42
2026-04-06 03:16,16.8,73,11.9,0.52,10.44
2026-04-06 04:16,16.5,73,11.6,0.51,10.25
2026-04-06 05:16,16.0,74,11.4,0.47,10.08
2026-04-06 06:16,15.8,76,11.6,0.43,10.23
2026-04-06 07:16,16.4,76,12.2,0.45,10.61
2026-04-06 08:16,18.1,76,13.8,0.50,11.74
2026-04-06 09:16,20.4,70,14.7,0.72,12.38
2026-04-06 10:16,23.3,64,16.1,1.03,13.38
2026-04-06 11:16,25.6,55,15.9,1.48,13.09
2026-04-06 12:16,27.6,47,15.3,1.96,12.50
2026-04-06 13:16,28.0,44,14.6,2.12,11.97
2026-04-06 14:16,28.0,41,13.5,2.23,11.15
2026-04-06 15:16,26.9,40,12.2,2.13,10.24
2026-04-06 16:16,25.4,43,11.9,1.85,10.12
2026-04-06 17:16,23.5,47,11.5,1.53,9.94
2026-04-06 18:16,22.0,51,11.4,1.30,9.90
2026-04-06 19:16,20.2,56,11.1,1.04,9.79
2026-04-06 20:16,18.9,61,11.2,0.85,9.88
2026-04-06 21:16,18.2,64,11.3,0.75,9.95
2026-04-06 22:16,17.5,68,11.5,0.64,10.14
2026-04-06 23:16,16.9,71,11.6,0.56,10.21
2026-04-07 00:16,16.3,73,11.4,0.50,10.13
2026-04-07 01:16,15.9,74,11.3,0.47,10.02
2026-04-07 02:16,15.6,76,11.4,0.43,10.11
2026-04-07 03:16,15.1,77,11.1,0.39,9.93
2026-04-07 04:16,14.7,78,10.9,0.37,9.82
2026-04-07 05:16,14.5,79,10.9,0.35,9.83
2026-04-07 06:16,14.4,80,11.0,0.33,9.89
2026-04-07 07:16,14.6,81,11.4,0.32,10.14
2026-04-07 08:16,15.4,82,12.3,0.31,10.77
2026-04-07 09:16,15.8,83,12.9,0.31,11.17
2026-04-07 10:16,16.5,82,13.4,0.34,11.51
2026-04-07 11:16,17.1,81,13.8,0.37,11.79
2026-04-07 12:16,17.3,80,13.8,0.39,11.79
2026-04-07 13:16,18.0,80,14.5,0.41,12.29
2026-04-07 14:16,20.0,80,16.4,0.47,13.83
2026-04-07 15:16,18.6,66,12.1,0.73,10.50
2026-04-07 16:16,14.7,50,4.4,0.84,6.30
2026-04-07 17:16,11.3,54,2.3,0.62,5.51
2026-04-07 18:16,10.6,56,2.2,0.56,5.47
2026-04-07 19:16,10.4,53,1.2,0.59,5.11
2026-04-07 20:16,10.3,50,0.3,0.63,4.79
2026-04-07 21:16,10.2,46,-0.9,0.67,4.38
2026-04-07 22:16,9.1,45,-2.2,0.64,3.99
2026-04-07 23:16,8.1,46,-2.8,0.58,3.83
2026-04-08 00:16,7.3,47,-3.3,0.54,3.71
2026-04-08 01:16,6.9,48,-3.4,0.52,3.70
2026-04-08 02:16,5.9,50,-3.7,0.46,3.61
2026-04-08 03:16,5.1,52,-4.0,0.42,3.56
2026-04-08 04:16,4.6,53,-4.2,0.40,3.51
2026-04-08 05:16,4.5,54,-4.0,0.39,3.55
2026-04-08 06:16,5.1,55,-3.2,0.40,3.76
2026-04-08 07:16,6.6,56,-1.6,0.43,4.23
2026-04-08 08:16,10.5,52,1.0,0.61,5.04
2026-04-08 09:16,13.5,43,1.2,0.88,5.03
2026-04-08 10:16,16.8,38,2.4,1.19,5.43
2026-04-08 11:16,19.8,34,3.5,1.52,5.81
2026-04-08 12:16,22.5,30,4.0,1.91,5.99
2026-04-08 13:16,24.7,27,4.4,2.27,6.11
2026-04-08 14:16,26.2,24,4.0,2.58,5.91
2026-04-08 15:16,26.7,22,3.2,2.73,5.57
2026-04-08 16:16,26.6,21,2.5,2.75,5.29
2026-04-08 17:16,23.7,20,-0.6,2.34,4.28
2026-04-08 18:16,18.1,25,-2.3,1.56,3.86
2026-04-08 19:16,15.7,30,-1.9,1.25,4.01
2026-04-08 20:16,14.4,38,0.2,1.02,4.70
2026-04-08 21:16,13.3,45,1.6,0.84,5.20
2026-04-08 22:16,12.1,48,1.4,0.73,5.15
2026-04-08 23:16,10.8,52,1.3,0.62,5.14
2026-04-09 00:16,10.0,55,1.4,0.55,5.17
2026-04-09 01:16,9.2,57,1.1,0.50,5.09
2026-04-09 02:16,8.6,59,1.0,0.46,5.07
2026-04-09 03:16,8.0,60,0.7,0.43,4.96
2026-04-09 04:16,7.4,61,0.4,0.40,4.85
2026-04-09 05:16,6.6,63,0.1,0.36,4.76
2026-04-09 06:16,6.3,65,0.2,0.33,4.81
2026-04-09 07:16,8.0,68,2.4,0.34,5.62
2026-04-09 08:16,11.0,69,5.5,0.41,6.91
2026-04-09 09:16,14.6,62,7.4,0.63,7.76
2026-04-09 10:16,18.5,54,9.0,0.98,8.54
2026-04-09 11:16,20.7,46,8.7,1.32,8.28
2026-04-09 12:16,23.7,43,10.4,1.67,9.20
2026-04-09 13:16,26.1,38,10.7,2.10,9.30
2026-04-09 14:16,24.4,33,7.1,2.05,7.34
2026-04-09 15:16,22.5,32,5.0,1.85,6.39
2026-04-09 16:16,20.6,37,5.4,1.53,6.62
2026-04-09 17:16,19.6,39,5.3,1.39,6.58
2026-04-09 18:16,18.8,43,5.9,1.24,6.93
2026-04-09 19:16,17.8,47,6.3,1.08,7.13
2026-04-09 20:16,17.3,50,6.8,0.99,7.37
2026-04-09 21:16,16.5,53,6.9,0.88,7.44
2026-04-09 22:16,16.1,54,6.8,0.84,7.40
2026-04-09 23:16,15.6,58,7.4,0.74,7.71
2026-04-10 00:16,15.3,60,7.6,0.70,7.84
2026-04-10 01:16,14.6,65,8.1,0.58,8.13
2026-04-10 02:16,14.2,65,7.7,0.57,7.94
2026-04-10 03:16,13.9,66,7.6,0.54,7.91
2026-04-10 04:16,13.3,69,7.7,0.47,7.97
2026-04-10 05:16,13.2,72,8.3,0.42,8.27
2026-04-10 06:16,13.3,73,8.6,0.41,8.43
2026-04-10 07:16,13.6,75,9.2,0.39,8.83
2026-04-10 08:16,14.6,76,10.4,0.40,9.51
2026-04-10 09:16,15.6,74,11.0,0.46,9.84
2026-04-10 10:16,16.5,71,11.2,0.54,9.97
2026-04-10 11:16,17.0,68,11.0,0.62,9.84
2026-04-10 12:16,17.1,67,10.9,0.64,9.75
2026-04-10 13:16,17.9,68,11.9,0.66,10.38
2026-04-10 14:16,18.5,69,12.7,0.66,10.92
2026-04-10 15:16,19.7,68,13.6,0.73,11.55
2026-04-10 16:16,19.2,67,12.9,0.73,11.05
2026-04-10 17:16,19.0,68,13.0,0.70,11.08
2026-04-10 18:16,18.5,69,12.7,0.66,10.92
2026-04-10 19:16,18.1,71,12.8,0.60,10.97
2026-04-10 20:16,17.8,72,12.7,0.57,10.93
2026-04-10 21:16,17.5,74,12.8,0.52,11.03
2026-04-10 22:16,17.0,74,12.3,0.50,10.71
2026-04-10 23:16,16.0,75,11.6,0.45,10.22
2026-04-11 00:16,15.2,76,11.0,0.41,9.86
2026-04-11 01:16,14.6,77,10.6,0.38,9.64
2026-04-11 02:16,14.0,78,10.2,0.35,9.41
2026-04-11 03:16,13.4,79,9.8,0.32,9.18
2026-04-11 04:16,12.8,80,9.4,0.30,8.96
2026-04-11 05:16,12.2,80,8.8,0.28,8.63
2026-04-11 06:16,12.2,82,9.2,0.26,8.85
2026-04-11 07:16,13.6,84,10.9,0.25,9.89
2026-04-11 08:16,16.6,86,14.2,0.26,12.15
2026-04-11 09:16,19.9,84,17.1,0.37,14.43
2026-04-11 10:16,23.2,75,18.5,0.71,15.59
2026-04-11 11:16,27.0,60,18.6,1.43,15.44
2026-04-11 12:16,30.3,47,17.7,2.29,14.49
2026-04-11 13:16,32.1,36,15.1,3.06,12.22
2026-04-11 14:16,33.5,32,14.5,3.52,11.70
2026-04-11 15:16,34.5,30,14.4,3.83,11.55
2026-04-11 16:16,33.5,29,13.0,3.67,10.60
2026-04-11 17:16,31.1,25,8.7,3.39,8.04
2026-04-11 18:16,26.9,24,4.6,2.69,6.14
2026-04-11 19:16,23.6,26,3.0,2.16,5.53
2026-04-11 20:16,21.3,29,2.5,1.80,5.41
2026-04-11 21:16,19.4,33,2.7,1.51,5.51
2026-04-11 22:16,17.9,36,2.6,1.31,5.50
2026-04-11 23:16,16.7,39,2.7,1.16,5.54
2026-04-12 00:16,16.3,40,2.7,1.11,5.55
2026-04-12 01:16,15.7,40,2.1,1.07,5.35
2026-04-12 02:16,15.3,40,1.8,1.04,5.22
2026-04-12 03:16,14.5,42,1.7,0.96,5.22
2026-04-12 04:16,13.9,43,1.5,0.91,5.15
2026-04-12 05:16,13.3,45,1.6,0.84,5.20
2026-04-12 06:16,13.4,46,2.0,0.83,5.35
2026-04-12 07:16,14.2,43,1.8,0.92,5.25
2026-04-12 08:16,16.0,38,1.7,1.13,5.18
2026-04-12 09:16,18.7,35,2.9,1.40,5.60
2026-04-12 11:16,25.6,29,6.2,2.33,6.90
2026-04-12 12:16,27.5,25,5.7,2.75,6.61
2026-04-12 13:16,29.3,23,6.0,3.14,6.71
2026-04-12 14:16,31.1,22,6.9,3.52,7.08
2026-04-12 15:16,31.7,20,6.0,3.74,6.64
2026-04-12 16:16,30.9,22,6.7,3.48,7.00
2026-04-12 17:16,27.9,25,6.0,2.82,6.76
2026-04-12 18:16,23.4,32,5.8,1.96,6.73
2026-04-12 19:16,20.4,43,7.4,1.37,7.61
2026-04-12 20:16,19.3,49,8.3,1.14,8.13
2026-04-12 21:16,18.2,54,8.7,0.96,8.39
2026-04-12 22:16,17.0,57,8.4,0.83,8.25
2026-04-12 23:16,15.5,57,7.0,0.76,7.53
2026-04-13 00:16,14.1,57,5.7,0.69,6.92
2026-04-13 01:16,12.8,56,4.2,0.65,6.27
2026-04-13 02:16,12.0,53,2.7,0.66,5.65
2026-04-13 03:16,11.2,50,1.1,0.67,5.07
2026-04-13 04:16,10.6,50,0.6,0.64,4.88
2026-04-13 05:16,10.0,51,0.3,0.60,4.79
2026-04-13 06:16,9.8,55,1.2,0.55,5.10
2026-04-13 07:16,11.2,55,2.5,0.60,5.57
2026-04-13 08:16,14.2,54,5.0,0.74,6.59
2026-04-13 09:16,17.2,47,5.8,1.04,6.88
2026-04-13 10:16,21.1,41,7.3,1.48,7.55
2026-04-13 11:16,24.7,37,9.0,1.96,8.37
2026-04-13 12:16,26.8,34,9.6,2.33,8.65
2026-04-13 13:16,29.2,33,11.3,2.71,9.58
2026-04-13 14:16,30.6,33,12.5,2.94,10.34
2026-04-13 15:16,30.2,34,12.6,2.83,10.42
2026-04-13 16:16,26.7,38,11.2,2.17,9.62
2026-04-13 17:16,24.4,44,11.4,1.71,9.79
2026-04-13 18:16,22.5,48,10.9,1.42,9.59
2026-04-13 19:16,20.9,52,10.7,1.19,9.47
2026-04-13 20:16,19.5,55,10.2,1.02,9.23
2026-04-13 21:16,18.3,59,10.1,0.86,9.22
2026-04-13 22:16,17.1,63,10.0,0.72,9.17
2026-04-13 23:16,16.1,66,9.7,0.62,9.05
2026-04-14 00:16,15.3,68,9.4,0.56,8.88
2026-04-14 01:16,14.3,70,8.9,0.49,8.60
2026-04-14 02:16,13.9,71,8.7,0.46,8.51
2026-04-14 03:16,13.3,72,8.4,0.43,8.32
2026-04-14 04:16,12.7,73,8.0,0.40,8.13
2026-04-14 05:16,12.8,74,8.3,0.38,8.29
2026-04-14 06:16,12.8,74,8.3,0.38,8.29
2026-04-14 07:16,13.8,75,9.4,0.39,8.94
2026-04-14 08:16,15.7,73,10.9,0.48,9.77
2026-04-14 09:16,17.5,70,12.0,0.60,10.44
2026-04-14 10:16,20.8,69,14.9,0.76,12.49
2026-04-14 11:16,24.1,58,15.3,1.26,12.69
2026-04-14 12:16,26.5,48,14.6,1.80,12.02
2026-04-14 13:16,28.7,41,14.1,2.32,11.59
2026-04-14 14:16,29.5,36,12.9,2.64,10.63
2026-04-14 15:16,29.1,34,11.6,2.66,9.82
2026-04-14 16:16,27.9,37,11.9,2.37,10.01
2026-04-14 17:16,25.2,40,10.6,1.92,9.31
2026-04-14 18:16,22.8,46,10.6,1.50,9.35
2026-04-14 19:16,21.1,53,11.1,1.18,9.77
2026-04-14 20:16,20.3,57,11.5,1.02,10.02
2026-04-14 21:16,19.5,61,11.8,0.88,10.24
2026-04-14 22:16,18.7,64,11.7,0.78,10.25
2026-04-14 23:16,18.1,66,11.6,0.71,10.20
2026-04-15 00:16,17.5,68,11.5,0.64,10.14
2026-04-15 01:16,17.0,70,11.5,0.58,10.13
2026-04-15 02:16,16.6,71,11.3,0.55,10.03
2026-04-15 03:16,16.0,73,11.2,0.49,9.95
2026-04-15 04:16,15.6,74,11.0,0.46,9.84
2026-04-15 05:16,15.4,75,11.0,0.44,9.85
2026-04-15 06:16,15.4,77,11.4,0.40,10.12
2026-04-15 07:16,16.3,78,12.5,0.41,10.82
2026-04-15 08:16,17.3,78,13.4,0.43,11.49
2026-04-15 09:16,18.5,76,14.2,0.51,12.02
2026-04-15 10:16,20.7,70,15.0,0.73,12.60
2026-04-15 11:16,22.4,61,14.5,1.06,12.11
2026-04-15 12:16,24.2,51,13.4,1.48,11.22
2026-04-15 13:16,24.2,45,11.5,1.66,9.90
2026-04-15 14:16,25.6,44,12.4,1.84,10.48
2026-04-15 15:16,25.2,40,10.6,1.92,9.31
2026-04-15 16:16,23.8,41,9.8,1.74,8.82
2026-04-15 17:16,22.6,43,9.4,1.56,8.64
2026-04-15 18:16,21.6,45,9.2,1.42,8.53
2026-04-15 19:16,20.1,58,11.6,0.99,10.08
2026-04-15 20:16,18.2,65,11.5,0.73,10.10
2026-04-15 21:16,16.8,69,11.1,0.59,9.86
2026-04-15 22:16,16.2,72,11.1,0.52,9.93
2026-04-15 23:16,15.2,75,10.8,0.43,9.73
2026-04-16 00:16,14.7,77,10.7,0.38,9.69
2026-04-16 01:16,14.3,78,10.5,0.36,9.58
2026-04-16 02:16,14.1,79,10.5,0.34,9.59
2026-04-16 03:16,13.9,80,10.5,0.32,9.59
2026-04-16 04:16,13.8,80,10.4,0.32,9.53
2026-04-16 05:16,13.6,81,10.4,0.30,9.53
2026-04-16 06:16,14.0,82,11.0,0.29,9.89
2026-04-16 07:16,14.8,83,11.9,0.29,10.51
2026-04-16 08:16,16.2,83,13.3,0.31,11.45
2026-04-16 09:16,18.4,70,12.8,0.63,11.01
2026-04-16 10:16,22.0,50,11.1,1.32,9.70
2026-04-16 11:16,24.7,35,8.2,2.02,7.92
2026-04-16 12:16,26.5,30,7.5,2.42,7.51
2026-04-16 13:16,27.2,27,6.6,2.63,7.03
2026-04-16 14:16,28.1,27,7.3,2.78,7.38
2026-04-16 15:16,27.6,27,6.9,2.70,7.18
2026-04-16 16:16,28.1,27,7.3,2.78,7.38
2026-04-16 17:16,26.1,35,9.4,2.20,8.57
2026-04-16 18:16,21.0,40,6.9,1.49,7.33
2026-04-16 19:16,17.7,45,5.6,1.11,6.79
2026-04-16 20:16,15.3,51,5.2,0.85,6.66
2026-04-16 21:16,13.9,55,5.0,0.71,6.59
2026-04-16 22:16,12.9,58,4.8,0.62,6.54
2026-04-16 23:16,12.8,60,5.2,0.59,6.72
2026-04-17 00:16,12.0,61,4.7,0.55,6.50
2026-04-17 01:16,11.6,62,4.6,0.52,6.44
2026-04-17 02:16,11.7,64,5.1,0.50,6.69
2026-04-17 03:16,11.3,63,4.5,0.50,6.43
2026-04-17 04:16,10.9,64,4.4,0.47,6.37
2026-04-17 05:16,10.9,64,4.4,0.47,6.37
2026-04-17 06:16,11.0,65,4.7,0.46,6.51
2026-04-17 07:16,11.8,66,5.6,0.47,6.95
2026-04-17 08:16,13.7,66,7.5,0.53,7.82
2026-04-17 09:16,16.3,64,9.5,0.67,8.88
2026-04-17 10:16,19.2,59,11.0,0.91,9.73
2026-04-17 11:16,21.1,52,10.9,1.20,9.58
2026-04-17 12:16,23.2,47,11.3,1.51,9.77
2026-04-17 13:16,23.5,42,9.8,1.68,8.88
2026-04-17 14:16,24.6,37,8.9,1.95,8.33
2026-04-17 15:16,23.0,33,5.9,1.88,6.78
2026-04-17 16:16,23.2,31,5.1,1.96,6.44
2026-04-17 17:16,21.9,33,4.9,1.76,6.37
2026-04-17 18:16,18.9,38,4.3,1.35,6.16
2026-04-17 19:16,16.9,40,3.2,1.16,5.75
2026-04-17 20:16,15.8,43,3.2,1.02,5.79
2026-04-17 21:16,14.8,48,3.9,0.88,6.08
2026-04-17 22:16,14.3,52,4.6,0.78,6.39
2026-04-17 23:16,13.6,55,4.7,0.70,6.47
2026-04-18 00:16,13.1,59,5.3,0.62,6.73
2026-04-18 01:16,12.7,61,5.4,0.57,6.79
2026-04-18 02:16,12.3,63,5.5,0.53,6.84
2026-04-18 03:16,11.5,65,5.1,0.47,6.71
2026-04-18 04:16,10.7,67,4.8,0.42,6.58
2026-04-18 05:16,10.1,68,4.5,0.40,6.43
2026-04-18 06:16,10.0,70,4.8,0.37,6.58
2026-04-18 07:16,11.9,72,7.0,0.39,7.63
2026-04-18 08:16,14.2,72,9.2,0.45,8.79
2026-04-18 09:16,16.9,67,10.7,0.64,9.64
2026-04-18 10:16,19.3,59,11.1,0.92,9.79
2026-04-18 11:16,22.6,52,12.2,1.32,10.45
2026-04-18 12:16,25.6,42,11.7,1.90,10.00
2026-04-18 13:16,27.1,36,10.7,2.30,9.32
2026-04-18 14:16,28.6,34,11.2,2.58,9.55
2026-04-18 15:16,27.7,31,9.0,2.56,8.29
2026-04-18 16:16,25.3,34,8.3,2.13,7.96
2026-04-18 17:16,26.2,37,10.4,2.14,9.11
2026-04-18 18:16,23.6,39,8.8,1.78,8.29
2026-04-18 19:16,20.9,45,8.5,1.36,8.20
2026-04-18 20:16,19.4,49,8.4,1.15,8.18
2026-04-18 21:16,18.1,54,8.6,0.96,8.34
2026-04-18 22:16,16.9,59,8.8,0.79,8.49
2026-04-18 23:16,16.1,62,8.8,0.70,8.50
2026-04-19 00:16,14.9,65,8.4,0.59,8.28
2026-04-19 01:16,14.1,66,7.8,0.55,8.01
2026-04-19 02:16,13.8,68,8.0,0.50,8.10
2026-04-19 03:16,13.2,70,7.8,0.46,8.04
2026-04-19 04:16,12.6,71,7.5,0.42,7.85
2026-04-19 05:16,12.0,72,7.1,0.39,7.67
2026-04-19 06:16,12.3,74,7.8,0.37,8.04
2026-04-19 07:16,13.9,76,9.7,0.38,9.11
2026-04-19 08:16,16.6,72,11.5,0.53,10.17
2026-04-19 09:16,19.9,66,13.4,0.79,11.34
2026-04-19 10:16,23.8,56,14.5,1.30,12.05
2026-04-19 11:16,27.1,49,15.5,1.83,12.68
2026-04-19 12:16,28.9,41,14.3,2.35,11.71
2026-04-19 13:16,30.7,35,13.5,2.87,11.02
2026-04-19 14:16,32.1,31,12.8,3.30,10.52
2026-04-19 15:16,32.6,27,11.2,3.59,9.41
2026-04-19 16:16,30.1,26,8.5,3.16,7.93
2026-04-19 17:16,26.5,32,8.5,2.35,8.01
2026-04-19 18:16,23.8,37,8.2,1.86,7.96
2026-04-19 19:16,22.2,39,7.6,1.63,7.66
2026-04-19 20:16,20.9,43,7.8,1.41,7.83
2026-04-19 21:16,19.7,45,7.4,1.26,7.64
2026-04-19 22:16,19.0,50,8.3,1.10,8.15
2026-04-19 23:16,18.1,55,8.9,0.93,8.50
2026-04-20 00:16,16.9,60,9.1,0.77,8.63
2026-04-20 01:16,16.1,62,8.8,0.70,8.50
2026-04-20 02:16,15.6,66,9.3,0.60,8.78
2026-04-20 03:16,15.1,67,9.0,0.57,8.64
2026-04-20 04:16,14.5,68,8.7,0.53,8.46
2026-04-20 05:16,13.7,70,8.3,0.47,8.29
2026-04-20 06:16,13.4,72,8.5,0.43,8.37
2026-04-20 07:16,14.9,74,10.3,0.44,9.43
2026-04-20 08:16,17.6,72,12.5,0.56,10.80
2026-04-20 09:16,20.0,65,13.2,0.82,11.23
2026-04-20 10:16,23.0,57,14.0,1.21,11.72
2026-04-20 11:16,24.7,47,12.6,1.65,10.64
2026-04-20 12:16,27.4,40,12.6,2.19,10.52
2026-04-20 13:16,29.3,36,12.7,2.61,10.51
2026-04-20 14:16,29.7,30,10.3,2.92,8.95
2026-04-20 15:16,27.6,30,8.5,2.58,7.98
2026-04-20 16:16,27.4,34,10.1,2.41,8.95
2026-04-20 17:16,25.5,35,8.9,2.12,8.29
2026-04-20 18:16,23.2,41,9.2,1.68,8.52
2026-04-20 19:16,21.2,48,9.7,1.31,8.90
2026-04-20 20:16,20.0,53,10.1,1.10,9.16
2026-04-20 21:16,19.3,56,10.3,0.99,9.29
2026-04-20 22:16,18.5,58,10.1,0.89,9.18
2026-04-20 23:16,18.0,61,10.4,0.80,9.37
2026-04-21 00:16,17.4,63,10.3,0.74,9.34
2026-04-21 01:16,17.2,66,10.8,0.67,9.66
2026-04-21 02:16,17.3,68,11.3,0.63,10.02
2026-04-21 03:16,17.3,70,11.8,0.59,10.31
2026-04-21 04:16,16.8,70,11.3,0.57,10.01
2026-04-21 05:16,16.0,70,10.5,0.55,9.54
2026-04-21 06:16,15.7,71,10.5,0.52,9.50
2026-04-21 07:16,17.1,72,12.0,0.55,10.48
2026-04-21 08:16,19.4,70,13.8,0.68,11.68
2026-04-21 09:16,19.7,63,12.5,0.85,10.70
2026-04-21 10:16,20.0,61,12.2,0.91,10.54
2026-04-21 11:16,21.6,48,10.1,1.34,9.10
2026-04-21 12:16,21.9,39,7.3,1.60,7.53
2026-04-21 13:16,24.0,35,7.6,1.94,7.61
2026-04-21 14:16,27.9,29,8.2,2.67,7.84
2026-04-21 15:16,29.0,22,5.1,3.12,6.32
2026-04-21 16:16,28.0,19,2.2,3.06,5.17
2026-04-21 17:16,26.1,18,-0.1,2.77,4.41
2026-04-21 18:16,21.9,18,-3.5,2.15,3.47
2026-04-21 19:16,18.9,20,-4.6,1.75,3.24
2026-04-21 20:16,16.8,21,-5.7,1.51,3.00
2026-04-21 21:16,15.3,23,-5.7,1.34,3.00
2026-04-21 22:16,14.3,24,-6.0,1.24,2.95
2026-04-21 23:16,13.3,25,-6.3,1.15,2.89
2026-04-22 00:16,12.0,26,-6.9,1.04,2.77
2026-04-22 01:16,11.0,29,-6.4,0.93,2.90
2026-04-22 02:16,10.0,32,-6.0,0.83,3.01
2026-04-22 03:16,8.8,37,-5.1,0.71,3.22
2026-04-22 04:16,8.0,40,-4.8,0.64,3.31
2026-04-22 05:16,7.8,43,-4.0,0.60,3.51
2026-04-22 06:16,8.6,46,-2.4,0.60,3.95
2026-04-22 07:16,10.9,48,0.3,0.68,4.77
2026-04-22 08:16,13.6,45,1.9,0.86,5.30
2026-04-22 09:16,17.5,40,3.7,1.20,5.96
2026-04-22 10:16,21.4,36,5.7,1.63,6.75
2026-04-22 11:16,25.3,36,9.2,2.06,8.43
2026-04-22 12:16,24.4,36,8.4,1.96,8.01
2026-04-22 13:16,23.0,39,8.3,1.71,8.02
2026-04-22 14:16,22.2,43,9.0,1.53,8.44
2026-04-22 15:16,23.9,43,10.6,1.69,9.30
2026-04-22 16:16,22.8,44,9.9,1.55,8.94
2026-04-22 17:16,22.7,46,10.5,1.49,9.29
2026-04-22 18:16,21.1,49,10.0,1.28,9.03
2026-04-22 19:16,20.0,52,9.8,1.12,8.99
2026-04-22 20:16,19.2,54,9.7,1.02,8.90
2026-04-22 21:16,18.3,52,8.3,1.01,8.13
2026-04-22 22:16,17.5,55,8.4,0.90,8.20
2026-04-22 23:16,16.7,54,7.3,0.87,7.67
2026-04-23 00:16,16.3,55,7.2,0.83,7.63
2026-04-23 01:16,16.0,56,7.2,0.80,7.63
2026-04-23 02:16,15.4,58,7.2,0.73,7.62
2026-04-23 03:16,14.7,56,6.0,0.74,7.05
2026-04-23 04:16,14.3,52,4.6,0.78,6.39
2026-04-23 05:16,14.1,50,3.8,0.80,6.07
2026-04-23 06:16,14.2,51,4.2,0.79,6.23
2026-04-23 07:16,14.6,52,4.8,0.80,6.51
2026-04-23 08:16,16.0,50,5.6,0.91,6.81
2026-04-23 09:16,18.1,47,6.6,1.10,7.26
2026-04-23 10:16,20.1,42,6.8,1.36,7.30
2026-04-23 11:16,20.3,40,6.2,1.43,7.03
2026-04-23 12:16,19.9,44,7.3,1.30,7.56
2026-04-23 13:16,18.6,51,8.3,1.05,8.12
2026-04-23 14:16,17.9,60,10.0,0.82,9.16
2026-04-23 15:16,16.9,63,9.8,0.71,9.06
2026-04-23 16:16,16.1,67,10.0,0.60,9.18
2026-04-23 17:16,15.3,69,9.6,0.54,9.01
2026-04-23 18:16,14.5,72,9.5,0.46,8.95
2026-04-23 19:16,14.1,73,9.3,0.43,8.86
2026-04-23 20:16,13.9,75,9.5,0.40,8.99
2026-04-23 21:16,13.8,77,9.8,0.36,9.17
2026-04-23 22:16,13.4,78,9.6,0.34,9.07
2026-04-23 23:16,13.3,79,9.7,0.32,9.13
2026-04-24 00:16,13.1,80,9.7,0.30,9.13
2026-04-24 01:16,12.9,81,9.7,0.28,9.13
2026-04-24 02:16,12.9,82,9.9,0.27,9.24
2026-04-24 03:16,12.8,82,9.8,0.27,9.18
2026-04-24 04:16,12.8,83,10.0,0.25,9.30
2026-04-24 05:16,12.7,83,9.9,0.25,9.24
2026-04-24 06:16,12.9,84,10.3,0.24,9.47
2026-04-24 07:16,14.0,85,11.5,0.24,10.25
2026-04-24 08:16,16.1,86,13.8,0.26,11.79
2026-04-24 09:16,18.2,84,15.4,0.33,13.06
2026-04-24 10:16,19.9,76,15.5,0.56,13.06
2026-04-24 11:16,22.5,67,16.1,0.90,13.38
2026-04-24 12:16,25.1,54,15.1,1.47,12.50
2026-04-24 13:16,25.2,46,12.8,1.73,10.71
2026-04-24 14:16,25.1,44,12.0,1.78,10.19
2026-04-24 15:16,25.5,42,11.6,1.89,9.94
2026-04-24 16:16,23.3,41,9.3,1.69,8.57
2026-04-24 17:16,20.0,44,7.4,1.31,7.60
2026-04-24 18:16,18.0,47,6.5,1.09,7.22
2026-04-24 19:16,16.7,51,6.5,0.93,7.25
2026-04-24 20:16,15.5,54,6.2,0.81,7.14
2026-04-24 21:16,14.7,56,6.0,0.74,7.05
2026-04-24 22:16,13.9,59,6.0,0.65,7.07
2026-04-24 23:16,13.8,62,6.6,0.60,7.39
2026-04-25 00:16,13.6,63,6.7,0.58,7.41
2026-04-25 01:16,13.2,62,6.1,0.58,7.12
2026-04-25 02:16,13.0,63,6.1,0.55,7.14
2026-04-25 03:16,12.6,63,5.7,0.54,6.97
2026-04-25 04:16,12.4,64,5.8,0.52,6.99
2026-04-25 05:16,12.3,64,5.7,0.51,6.95
2026-04-25 06:16,12.3,64,5.7,0.51,6.95
2026-04-25 07:16,13.1,65,6.7,0.53,7.42
2026-04-25 08:16,14.4,64,7.7,0.59,7.91
2026-04-25 09:16,16.8,60,9.0,0.77,8.58
2026-04-25 10:16,19.1,55,9.8,0.99,9.02
2026-04-25 11:16,20.0,46,8.0,1.26,7.95
2026-04-25 12:16,21.4,44,8.6,1.43,8.25
2026-04-25 13:16,23.1,42,9.5,1.64,8.68
2026-04-25 14:16,24.4,39,9.5,1.86,8.68
2026-04-25 15:16,25.0,36,8.9,2.03,8.29
2026-04-25 16:16,24.4,35,7.9,1.99,7.79
2026-04-25 17:16,22.5,36,6.7,1.74,7.19
2026-04-25 18:16,19.5,39,5.2,1.38,6.55
2026-04-25 19:16,17.1,44,4.7,1.09,6.40
2026-04-25 20:16,15.3,49,4.6,0.89,6.40
2026-04-25 21:16,14.0,52,4.3,0.77,6.27
2026-04-25 22:16,13.0,55,4.2,0.67,6.24
2026-04-25 23:16,11.8,59,4.0,0.57,6.21
2026-04-26 00:16,11.2,62,4.2,0.51,6.28
2026-04-26 01:16,10.9,64,4.4,0.47,6.37
2026-04-26 02:16,10.6,66,4.5,0.43,6.44
2026-04-26 03:16,10.4,68,4.7,0.40,6.55
2026-04-26 04:16,10.5,69,5.0,0.39,6.69
2026-04-26 05:16,10.5,70,5.3,0.38,6.79
2026-04-26 06:16,10.7,72,5.9,0.36,7.07
2026-04-26 07:16,11.7,73,7.0,0.37,7.64
2026-04-26 08:16,14.1,73,9.3,0.43,8.86
2026-04-26 09:16,17.1,68,11.1,0.62,9.90
2026-04-26 10:16,19.7,61,12.0,0.90,10.36
2026-04-26 11:16,21.8,52,11.5,1.25,9.98
2026-04-26 12:16,24.0,46,11.7,1.61,10.01
2026-04-26 13:16,26.1,39,11.1,2.06,9.55
2026-04-26 14:16,27.2,35,10.4,2.34,9.11
2026-04-26 15:16,26.4,32,8.4,2.34,7.97
2026-04-26 16:16,24.3,36,8.3,1.94,7.97
2026-04-26 17:16,22.3,41,8.4,1.59,8.10
2026-04-26 18:16,20.5,46,8.5,1.30,8.19
2026-04-26 19:16,19.1,55,9.8,0.99,9.02
2026-04-26 20:16,18.4,59,10.2,0.87,9.28
2026-04-26 21:16,17.7,64,10.8,0.73,9.66
2026-04-26 22:16,16.7,68,10.8,0.61,9.66
2026-04-26 23:16,16.4,70,10.9,0.56,9.77
2026-04-27 00:16,16.0,71,10.7,0.53,9.67
2026-04-27 01:16,15.7,76,11.5,0.43,10.17
2026-04-27 02:16,15.5,78,11.7,0.39,10.31
2026-04-27 03:16,15.2,81,12.0,0.33,10.51
2026-04-27 04:16,14.7,84,12.0,0.27,10.58
2026-04-27 05:16,14.4,86,12.1,0.23,10.63
2026-04-27 06:16,14.2,88,12.2,0.19,10.75
2026-04-27 07:16,13.9,88,11.9,0.19,10.55
2026-04-27 08:16,14.1,90,12.5,0.16,10.92
2026-04-27 09:16,14.3,90,12.7,0.16,11.06
2026-04-27 10:16,14.4,88,12.4,0.20,10.88
2026-04-27 11:16,17.2,87,15.0,0.26,12.74
2026-04-27 12:16,21.6,65,14.7,0.90,12.33
2026-04-27 13:16,23.4,58,14.7,1.21,12.20
2026-04-27 14:16,21.4,58,12.8,1.07,10.87
2026-04-27 15:16,19.5,62,12.0,0.86,10.41
2026-04-27 16:16,19.3,60,11.3,0.90,9.95
2026-04-27 17:16,18.9,57,10.2,0.94,9.23
2026-04-27 18:16,18.4,54,8.9,0.97,8.49
2026-04-27 19:16,17.5,56,8.6,0.88,8.35
2026-04-27 20:16,15.8,70,10.3,0.54,9.42
2026-04-27 21:16,14.7,67,8.6,0.55,8.44
2026-04-27 22:16,13.8,72,8.8,0.44,8.58
2026-04-27 23:16,13.0,76,8.9,0.36,8.62
2026-04-28 00:16,12.0,82,9.0,0.25,8.74
2026-04-28 01:16,11.2,84,8.6,0.21,8.51
2026-04-28 02:16,10.6,83,7.8,0.22,8.10
2026-04-28 03:16,10.0,85,7.6,0.18,7.99
2026-04-28 04:16,9.7,87,7.6,0.16,8.02
2026-04-28 05:16,9.4,88,7.5,0.14,7.96
2026-04-28 06:16,10.3,89,8.6,0.14,8.52
2026-04-28 07:16,12.7,84,10.1,0.23,9.35
2026-04-28 08:16,15.7,72,10.7,0.50,9.63
2026-04-28 09:16,18.6,66,12.1,0.73,10.50
2026-04-28 10:16,21.5,59,13.1,1.05,11.13
2026-04-28 11:16,24.1,54,14.2,1.38,11.82
2026-04-28 12:16,26.8,53,16.4,1.66,13.49
2026-04-28 13:16,28.6,44,15.2,2.19,12.37
2026-04-28 14:16,28.4,41,13.9,2.28,11.40
2026-04-28 15:16,28.9,42,14.7,2.31,12.00
2026-04-28 16:16,28.1,46,15.4,2.05,12.58
2026-04-28 17:16,27.0,48,15.1,1.85,12.35
2026-04-28 18:16,24.7,52,14.2,1.49,11.77
2026-04-28 19:16,22.1,60,14.0,1.06,11.71
2026-04-28 20:16,20.5,67,14.2,0.80,11.92
2026-04-28 21:16,19.2,72,14.0,0.62,11.87
2026-04-28 22:16,18.4,75,13.9,0.53,11.80
2026-04-28 23:16,17.6,78,13.7,0.44,11.70
2026-04-29 00:16,17.1,80,13.6,0.39,11.65
2026-04-29 01:16,17.2,80,13.7,0.39,11.72
2026-04-29 02:16,17.1,81,13.8,0.37,11.79
2026-04-29 03:16,17.1,81,13.8,0.37,11.79
2026-04-29 04:16,17.0,76,12.7,0.47,11.00
2026-04-29 05:16,17.0,77,12.9,0.45,11.14
2026-04-29 06:16,17.0,80,13.5,0.39,11.58
2026-04-29 07:16,16.6,79,12.9,0.40,11.16
2026-04-29 08:16,16.4,80,12.9,0.37,11.17
2026-04-29 09:16,16.4,80,12.9,0.37,11.17
2026-04-29 10:16,16.7,80,13.2,0.38,11.37
2026-04-29 13:16,17.5,80,14.0,0.40,11.93
2026-04-29 14:16,17.7,80,14.2,0.41,12.07
2026-04-29 15:16,17.7,79,14.0,0.43,11.92
2026-04-29 16:16,17.6,78,13.7,0.44,11.70
2026-04-29 17:16,17.0,75,12.5,0.48,10.85
2026-04-29 18:16,15.8,78,12.0,0.39,10.50
2026-04-29 19:16,15.5,80,12.1,0.35,10.57
2026-04-29 20:16,15.3,81,12.1,0.33,10.58
2026-04-29 21:16,15.1,81,11.9,0.33,10.45
2026-04-29 22:16,14.8,80,11.4,0.34,10.13
2026-04-29 23:16,14.5,79,10.9,0.35,9.83
2026-04-30 00:16,14.4,80,11.0,0.33,9.89
2026-04-30 01:16,13.8,84,11.1,0.25,10.01
2026-04-30 02:16,13.6,86,11.3,0.22,10.12
2026-04-30 03:16,13.3,85,10.8,0.23,9.82
2026-04-30 04:16,12.9,85,10.4,0.22,9.58
2026-04-30 05:16,12.8,84,10.2,0.24,9.41
2026-04-30 06:16,12.8,84,10.2,0.24,9.41
2026-04-30 07:16,13.2,81,10.0,0.29,9.30
2026-04-30 08:16,13.2,85,10.7,0.23,9.76
2026-04-30 09:16,13.9,77,9.9,0.37,9.23
2026-04-30 10:16,14.9,72,9.9,0.47,9.18
2026-04-30 11:16,15.8,68,9.9,0.57,9.15
2026-04-30 12:16,16.6,66,10.2,0.64,9.32
2026-04-30 13:16,17.1,59,9.0,0.80,8.59
2026-04-30 14:16,17.5,54,8.1,0.92,8.05
2026-04-30 15:16,17.1,56,8.2,0.86,8.15
2026-04-30 16:16,16.3,58,8.0,0.78,8.05
2026-04-30 17:16,15.9,56,7.1,0.79,7.58
2026-04-30 18:16,15.2,66,8.9,0.59,8.57
2026-04-30 19:16,14.9,72,9.9,0.47,9.18
2026-04-30 20:16,14.3,71,9.1,0.47,8.72
2026-04-30 21:16,13.3,75,9.0,0.38,8.66
2026-04-30 22:16,12.7,81,9.5,0.28,9.02
2026-04-30 23:16,12.2,85,9.8,0.21,9.17
2026-05-01 00:16,11.9,87,9.8,0.18,9.21
2026-05-01 01:16,11.6,88,9.7,0.16,9.15
2026-05-01 02:16,11.4,89,9.6,0.15,9.14
2026-05-01 03:16,11.3,90,9.7,0.13,9.18
2026-05-01 04:16,11.2,91,9.8,0.12,9.22
2026-05-01 05:16,11.3,91,9.9,0.12,9.28
2026-05-01 06:16,11.3,91,9.9,0.12,9.28
2026-05-01 07:16,11.6,94,10.7,0.08,9.77
2026-05-01 08:16,11.8,93,10.7,0.10,9.79
2026-05-01 09:16,12.6,95,11.8,0.07,10.51
2026-05-01 10:16,13.2,94,12.3,0.09,10.79
2026-05-01 11:16,14.2,94,13.2,0.10,11.48
2026-05-01 12:16,15.4,94,14.4,0.10,12.35
2026-05-01 13:16,16.8,88,14.8,0.23,12.58
2026-05-01 14:16,17.0,87,14.8,0.25,12.59
2026-05-01 15:16,16.8,89,15.0,0.21,12.72
2026-05-01 16:16,16.8,90,15.1,0.19,12.87
2026-05-01 17:16,16.7,90,15.1,0.19,12.79
2026-05-01 18:16,16.1,91,14.6,0.16,12.47
2026-05-01 19:16,15.5,93,14.4,0.12,12.29
2026-05-01 20:16,14.8,91,13.3,0.15,11.53
2026-05-01 21:16,14.1,90,12.5,0.16,10.92
2026-05-01 22:16,13.6,90,12.0,0.16,10.59
2026-05-01 23:16,13.4,86,11.1,0.22,10.00
2026-05-02 00:16,12.5,87,10.4,0.19,9.57
2026-05-02 01:16,11.7,91,10.3,0.12,9.52
2026-05-02 02:16,11.6,94,10.7,0.08,9.77
2026-05-02 03:16,11.1,94,10.2,0.08,9.47
2026-05-02 04:16,11.1,93,10.0,0.09,9.37
2026-05-02 05:16,11.8,84,9.2,0.22,8.84
2026-05-02 06:16,12.8,76,8.7,0.35,8.51
2026-05-02 07:16,15.2,67,9.1,0.57,8.70
2026-05-02 08:16,17.6,56,8.7,0.89,8.40
2026-05-02 09:16,22.3,40,8.0,1.62,7.90
2026-05-02 10:16,24.9,33,7.5,2.11,7.55
2026-05-02 11:16,26.7,31,8.2,2.42,7.85
2026-05-02 12:16,28.7,28,8.4,2.83,7.91
2026-05-02 13:16,29.6,26,8.1,3.07,7.72
2026-05-02 14:16,30.2,27,9.1,3.13,8.28
2026-05-02 15:16,29.5,24,6.8,3.13,7.08
2026-05-02 16:16,28.3,24,5.8,2.92,6.63
2026-05-02 17:16,26.2,27,5.7,2.48,6.65
2026-05-02 18:16,23.5,34,6.7,1.91,7.19
2026-05-02 19:16,21.1,38,6.2,1.55,7.00
2026-05-02 20:16,19.4,46,7.5,1.22,7.67
2026-05-02 21:16,17.6,56,8.7,0.89,8.40
2026-05-02 22:16,16.3,61,8.8,0.72,8.46
2026-05-02 23:16,14.9,65,8.4,0.59,8.28
2026-05-03 00:16,14.3,68,8.5,0.52,8.35
2026-05-03 01:16,13.4,69,7.8,0.48,8.02
2026-05-03 02:16,13.5,69,7.9,0.48,8.07
2026-05-03 03:16,13.6,69,8.0,0.48,8.12
2026-05-03 04:16,13.7,67,7.7,0.52,7.93
2026-05-03 05:16,13.7,67,7.7,0.52,7.93
2026-05-03 06:16,14.3,69,8.7,0.51,8.48
2026-05-03 07:16,15.7,66,9.4,0.61,8.83
2026-05-03 08:16,17.6,62,10.2,0.76,9.30
2026-05-03 09:16,18.6,58,10.2,0.90,9.23
2026-05-03 10:16,19.9,52,9.7,1.12,8.93
2026-05-03 11:16,22.0,53,12.0,1.24,10.29
2026-05-03 12:16,24.7,51,13.9,1.52,11.54
2026-05-03 13:16,26.1,43,12.5,1.93,10.53
2026-05-03 14:16,29.1,42,14.9,2.34,12.13
2026-05-03 15:16,29.4,33,11.4,2.75,9.69
2026-05-03 16:16,27.4,36,11.0,2.34,9.47
2026-05-03 17:16,25.1,34,8.1,2.10,7.87
2026-05-03 18:16,23.8,37,8.2,1.86,7.96
2026-05-03 19:16,22.8,42,9.2,1.61,8.53
2026-05-03 20:16,22.2,48,10.7,1.39,9.42
2026-05-03 21:16,21.6,49,10.4,1.32,9.29
2026-05-03 22:16,20.4,62,12.9,0.91,10.97
2026-05-03 23:16,19.9,69,14.0,0.72,11.85
2026-05-04 00:16,19.7,72,14.5,0.64,12.23
2026-05-04 01:16,19.6,73,14.6,0.62,12.32
2026-05-04 02:16,19.0,72,13.8,0.62,11.73
2026-05-04 03:16,18.4,73,13.5,0.57,11.48
2026-05-04 04:16,17.6,80,14.1,0.40,12.00
2026-05-04 05:16,17.0,84,14.3,0.31,12.15
2026-05-04 06:16,16.8,85,14.3,0.29,12.15
2026-05-04 07:16,17.5,85,14.9,0.30,12.67
2026-05-04 08:16,20.3,78,16.3,0.52,13.72
2026-05-04 09:16,20.8,75,16.2,0.61,13.58
2026-05-04 10:16,22.6,72,17.3,0.77,14.46
2026-05-04 11:16,26.7,63,19.1,1.30,15.95
2026-05-04 12:16,29.7,52,18.8,2.00,15.51
2026-05-04 13:16,32.1,47,19.4,2.53,15.95
2026-05-04 14:16,32.9,47,20.1,2.65,16.64
2026-05-04 15:16,30.7,54,20.3,2.03,17.01
2026-05-04 16:16,28.0,60,19.5,1.51,16.32
2026-05-04 17:16,26.2,32,8.2,2.31,7.88
2026-05-04 18:16,23.2,37,7.7,1.79,7.69
2026-05-04 19:16,20.4,42,7.0,1.39,7.43
2026-05-04 20:16,18.5,44,6.0,1.19,6.96
2026-05-04 21:16,17.2,45,5.2,1.08,6.59
2026-05-04 22:16,16.0,47,4.7,0.96,6.40
2026-05-04 23:16,15.0,47,3.8,0.90,6.03
2026-05-05 00:16,13.9,45,2.1,0.87,5.39
2026-05-05 01:16,12.7,50,2.5,0.73,5.57
2026-05-05 02:16,11.8,54,2.8,0.64,5.68
2026-05-05 03:16,11.0,57,2.8,0.56,5.71
2026-05-05 04:16,10.2,60,2.8,0.50,5.71
2026-05-05 05:16,10.0,61,2.8,0.48,5.73
2026-05-05 06:16,11.0,61,3.8,0.51,6.11
2026-05-05 07:16,13.3,57,5.0,0.66,6.59
2026-05-05 08:16,16.3,42,3.4,1.07,5.83
2026-05-05 09:16,19.2,33,2.5,1.49,5.44
2026-05-05 10:16,22.0,34,5.4,1.74,6.60
2026-05-05 11:16,24.4,28,4.7,2.20,6.23
2026-05-05 12:16,26.5,28,6.5,2.49,7.01
2026-05-05 13:16,27.4,22,3.8,2.85,5.79
2026-05-05 14:16,28.0,24,5.5,2.87,6.53
2026-05-05 15:16,27.4,20,2.4,2.92,5.26
2026-05-05 16:16,25.2,27,4.9,2.34,6.29
2026-05-05 17:16,22.9,31,4.9,1.93,6.34
2026-05-05 18:16,19.6,39,5.3,1.39,6.58
2026-05-05 19:16,18.0,47,6.5,1.09,7.22
2026-05-05 20:16,17.1,48,6.0,1.01,6.99
2026-05-05 21:16,16.5,55,7.4,0.84,7.72
2026-05-05 22:16,15.7,60,8.0,0.71,8.03
2026-05-05 23:16,14.9,63,7.9,0.63,8.03
2026-05-06 00:16,14.1,64,7.4,0.58,7.77
2026-05-06 01:16,13.3,68,7.5,0.49,7.86
2026-05-06 02:16,12.6,71,7.5,0.42,7.85
2026-05-06 03:16,12.0,73,7.3,0.38,7.78
2026-05-06 04:16,11.7,75,7.4,0.34,7.84
2026-05-06 05:16,11.5,78,7.8,0.30,8.06
2026-05-06 06:16,12.5,76,8.4,0.35,8.36
2026-05-06 07:16,13.9,71,8.7,0.46,8.51
2026-05-06 08:16,15.8,64,9.0,0.65,8.61
2026-05-06 09:16,17.8,56,8.9,0.90,8.50
2026-05-06 10:16,19.1,53,9.3,1.04,8.69
2026-05-06 11:16,20.4,49,9.3,1.22,8.67
2026-05-06 12:16,21.6,49,10.4,1.32,9.29
2026-05-06 13:16,21.7,53,11.7,1.22,10.11
2026-05-06 14:16,21.5,57,12.6,1.10,10.75
2026-05-06 15:16,22.3,56,13.1,1.18,11.06
2026-05-06 16:16,21.8,58,13.2,1.10,11.13
2026-05-06 17:16,21.0,61,13.2,0.97,11.17
2026-05-06 18:16,20.0,65,13.2,0.82,11.23
2026-05-06 19:16,19.2,68,13.1,0.71,11.21
2026-05-06 20:16,18.6,71,13.2,0.62,11.30
2026-05-06 21:16,17.9,75,13.4,0.51,11.45
2026-05-06 22:16,17.4,79,13.7,0.42,11.71
2026-05-06 23:16,17.1,80,13.6,0.39,11.65
2026-05-07 00:16,16.5,82,13.4,0.34,11.51
2026-05-07 01:16,16.0,83,13.1,0.31,11.31
2026-05-07 02:16,15.4,82,12.3,0.31,10.77
2026-05-07 03:16,14.9,82,11.9,0.30,10.45
2026-05-07 04:16,14.5,82,11.5,0.30,10.20
2026-05-07 05:16,14.0,83,11.2,0.27,10.01
2026-05-07 06:16,14.8,83,11.9,0.29,10.51
2026-05-07 07:16,16.5,80,13.0,0.38,11.23
2026-05-07 08:16,19.2,72,14.0,0.62,11.87
2026-05-07 09:16,22.3,65,15.4,0.94,12.83
2026-05-07 10:16,24.6,60,16.3,1.24,13.50
2026-05-07 11:16,27.1,47,14.8,1.90,12.16
2026-05-07 12:16,29.5,42,15.2,2.39,12.40
2026-05-07 13:16,31.0,42,16.6,2.61,13.44
2026-05-07 14:16,29.5,47,17.0,2.19,13.87
2026-05-07 15:16,29.7,49,17.8,2.13,14.62
2026-05-07 16:16,28.4,51,17.3,1.90,14.18
2026-05-07 17:16,26.6,57,17.4,1.50,14.35
2026-05-07 18:16,25.2,61,17.1,1.25,14.20
2026-05-07 19:16,23.7,66,17.0,1.00,14.12
2026-05-07 20:16,22.5,71,17.0,0.79,14.18
2026-05-07 21:16,21.2,77,17.0,0.58,14.27
2026-05-07 22:16,20.4,80,16.8,0.48,14.15
2026-05-07 23:16,19.4,82,16.2,0.41,13.68
2026-05-08 00:16,18.8,84,16.0,0.35,13.53
2026-05-08 01:16,18.3,86,15.9,0.29,13.45
2026-05-08 02:16,17.8,86,15.4,0.29,13.05
2026-05-08 03:16,17.5,86,15.1,0.28,12.82
2026-05-08 04:16,17.4,87,15.2,0.26,12.89
2026-05-08 05:16,17.2,89,15.4,0.22,13.03
2026-05-08 06:16,18.7,90,17.0,0.22,14.41
2026-05-08 07:16,20.1,86,17.7,0.33,14.95
2026-05-08 08:16,21.0,82,17.8,0.45,15.02
2026-05-08 09:16,21.6,81,18.2,0.49,15.36
2026-05-08 10:16,23.2,78,19.1,0.63,16.22
2026-05-08 11:16,23.4,74,18.5,0.75,15.56
2026-05-08 12:16,25.3,69,19.2,1.00,16.15
2026-05-08 13:16,25.2,67,18.6,1.06,15.60
2026-05-08 14:16,26.0,63,18.4,1.24,15.34
2026-05-08 15:16,27.2,59,18.5,1.48,15.35
2026-05-08 16:16,26.8,62,18.9,1.34,15.78
2026-05-08 17:16,26.0,61,17.9,1.31,14.85
2026-05-08 18:16,24.6,61,16.6,1.21,13.73
2026-05-08 19:16,23.0,75,18.3,0.70,15.42
2026-05-08 20:16,22.1,83,19.1,0.45,16.20
2026-05-08 21:16,21.2,87,18.9,0.33,16.12
2026-05-08 22:16,19.2,72,14.0,0.62,11.87
2026-05-08 23:16,17.6,63,10.5,0.74,9.45
2026-05-09 00:16,17.4,60,9.6,0.79,8.89
2026-05-09 01:16,17.5,58,9.1,0.84,8.65
2026-05-09 02:16,17.0,48,5.9,1.01,6.95
2026-05-09 03:16,16.1,37,1.4,1.15,5.07
2026-05-09 04:16,15.3,36,0.3,1.11,4.70
2026-05-09 05:16,14.7,39,0.9,1.02,4.91
2026-05-09 06:16,14.4,44,2.3,0.92,5.44
2026-05-09 07:16,17.0,41,3.6,1.14,5.93
2026-05-09 08:16,18.8,40,4.9,1.30,6.44
2026-05-09 09:16,20.9,36,5.3,1.58,6.56
2026-05-09 10:16,22.3,40,8.0,1.62,7.90
2026-05-09 11:16,23.6,37,8.1,1.84,7.87
2026-05-09 12:16,24.6,33,7.3,2.07,7.43
2026-05-09 13:16,25.9,30,7.0,2.34,7.26
2026-05-09 14:16,26.8,28,6.8,2.54,7.13
2026-05-09 15:16,26.1,25,4.5,2.54,6.12
2026-05-09 16:16,24.6,24,2.7,2.35,5.40
2026-05-09 18:16,20.2,26,0.1,1.75,4.55
2026-05-09 19:16,18.7,28,-0.2,1.55,4.48
2026-05-09 20:16,17.7,30,-0.1,1.42,4.53
2026-05-09 21:16,16.9,33,0.5,1.29,4.75
2026-05-09 22:16,16.3,36,1.2,1.19,4.99
2026-05-09 23:16,15.5,39,1.6,1.07,5.16
2026-05-10 00:16,14.7,42,1.9,0.97,5.29
2026-05-10 01:16,14.1,42,1.4,0.93,5.10
2026-05-10 02:16,13.4,45,1.7,0.85,5.23
2026-05-10 03:16,13.0,46,1.6,0.81,5.22
2026-05-10 04:16,12.5,52,2.9,0.70,5.72
2026-05-10 05:16,12.2,54,3.2,0.65,5.83
2026-05-10 06:16,12.7,56,4.1,0.65,6.23
2026-05-10 07:16,14.4,53,4.9,0.77,6.55
2026-05-10 08:16,17.5,45,5.4,1.10,6.71
2026-05-10 09:16,21.0,34,4.5,1.64,6.23
2026-05-10 10:16,23.4,31,5.3,1.99,6.52
2026-05-10 11:16,24.9,26,4.1,2.33,5.95
2026-05-10 12:16,26.8,27,6.2,2.57,6.87
2026-05-10 13:16,28.1,29,8.4,2.70,7.93
2026-05-10 14:16,28.3,28,8.0,2.77,7.74
2026-05-10 15:16,28.0,27,7.3,2.76,7.34
2026-05-10 16:16,26.5,29,7.0,2.46,7.26
2026-05-10 17:16,24.0,40,9.6,1.79,8.70
2026-05-10 18:16,21.7,48,10.2,1.35,9.16
2026-05-10 19:16,20.3,55,11.0,1.07,9.67
2026-05-10 20:16,19.5,59,11.3,0.93,9.90
2026-05-10 21:16,18.9,64,11.9,0.79,10.37
2026-05-10 22:16,18.4,67,12.2,0.70,10.54
2026-05-10 23:16,17.4,70,11.9,0.60,10.37
2026-05-11 00:16,16.2,73,11.4,0.50,10.07
2026-05-11 01:16,15.2,75,10.8,0.43,9.73
2026-05-11 02:16,14.4,77,10.4,0.38,9.52
2026-05-11 03:16,13.4,79,9.8,0.32,9.18
2026-05-11 04:16,12.8,81,9.6,0.28,9.07
2026-05-11 05:16,12.6,83,9.8,0.25,9.18
2026-05-11 06:16,14.0,81,10.8,0.30,9.77
2026-05-11 07:16,16.3,74,11.7,0.48,10.27
2026-05-11 08:16,19.2,65,12.5,0.78,10.72
2026-05-11 09:16,21.6,57,12.7,1.11,10.81
2026-05-11 10:16,24.8,54,14.9,1.44,12.29
2026-05-11 11:16,26.4,42,12.5,2.00,10.46
2026-05-11 12:16,28.3,39,13.0,2.35,10.78
2026-05-11 13:16,29.0,38,13.2,2.48,10.91
2026-05-11 14:16,28.9,38,13.2,2.47,10.86
2026-05-11 15:16,28.1,38,12.4,2.36,10.39
2026-05-11 16:16,26.4,41,12.1,2.03,10.21
2026-05-11 17:16,24.2,45,11.5,1.66,9.90
2026-05-11 18:16,22.2,49,11.0,1.36,9.62
2026-05-11 19:16,20.8,54,11.1,1.13,9.78
2026-05-11 20:16,20.0,56,11.0,1.03,9.68
2026-05-11 21:16,19.2,61,11.5,0.87,10.06
2026-05-11 22:16,18.7,65,12.0,0.75,10.41
2026-05-11 23:16,17.4,70,11.9,0.60,10.37
2026-05-12 00:16,16.6,74,11.9,0.49,10.45
2026-05-12 01:16,16.0,75,11.6,0.45,10.22
2026-05-12 02:16,15.4,77,11.4,0.40,10.12
2026-05-12 03:16,15.0,79,11.4,0.36,10.13
2026-05-12 04:16,15.1,79,11.5,0.36,10.19
2026-05-12 05:16,15.3,79,11.7,0.37,10.32
2026-05-12 06:16,16.1,79,12.5,0.38,10.83
2026-05-12 07:16,17.9,76,13.6,0.49,11.60
2026-05-12 08:16,20.3,67,14.0,0.79,11.78
2026-05-12 09:16,22.6,62,14.9,1.04,12.45
2026-05-12 10:16,24.9,57,15.8,1.35,13.05
2026-05-12 11:16,26.7,50,15.4,1.75,12.66
2026-05-12 12:16,27.8,47,15.5,1.98,12.64
2026-05-12 13:16,29.6,36,12.9,2.65,10.68
2026-05-12 14:16,30.0,37,13.7,2.67,11.22
2026-05-12 15:16,29.0,36,12.4,2.56,10.34
2026-05-12 16:16,27.9,33,10.1,2.52,8.92
2026-05-12 17:16,25.7,40,11.1,1.98,9.58
2026-05-12 18:16,23.0,45,10.4,1.55,9.25
2026-05-12 19:16,21.4,50,10.5,1.27,9.37
2026-05-12 20:16,20.4,54,10.8,1.10,9.55
2026-05-12 21:16,19.6,57,10.8,0.98,9.62
2026-05-12 22:16,18.8,62,11.4,0.82,9.99
2026-05-12 23:16,17.8,66,11.4,0.69,10.02
2026-05-13 00:16,16.8,71,11.5,0.55,10.15
2026-05-13 01:16,15.8,75,11.4,0.45,10.10
2026-05-13 02:16,15.2,76,11.0,0.41,9.86
2026-05-13 03:16,14.9,77,10.9,0.39,9.81
2026-05-13 04:16,14.4,78,10.6,0.36,9.64
2026-05-13 05:16,14.1,80,10.7,0.32,9.71
2026-05-13 06:16,15.3,76,11.1,0.42,9.92
2026-05-13 07:16,17.2,74,12.5,0.51,10.84
2026-05-13 08:16,19.7,69,13.8,0.71,11.72
2026-05-13 09:16,22.8,58,14.1,1.17,11.79
2026-05-13 10:16,25.6,51,14.7,1.61,12.14
2026-05-13 11:16,28.0,44,14.6,2.12,11.97
2026-05-13 12:16,29.7,35,12.6,2.71,10.44
2026-05-13 13:16,31.2,34,13.5,3.00,11.00
2026-05-13 14:16,31.8,30,12.1,3.29,10.02
2026-05-13 15:16,28.4,36,11.9,2.48,10.01
2026-05-13 16:16,23.3,54,13.5,1.32,11.29
2026-05-13 17:16,20.7,69,14.8,0.76,12.42
2026-05-13 18:16,19.8,71,14.4,0.67,12.13
2026-05-13 19:16,18.9,76,14.6,0.52,12.31
2026-05-13 20:16,18.3,78,14.4,0.46,12.20
2026-05-13 21:16,17.5,80,14.0,0.40,11.93
2026-05-13 22:16,16.9,80,13.4,0.39,11.51
2026-05-13 23:16,16.6,80,13.1,0.38,11.30
2026-05-14 00:16,16.1,82,13.0,0.33,11.24
2026-05-14 01:16,15.6,85,13.1,0.27,11.30
2026-05-14 02:16,15.2,85,12.7,0.26,11.03
2026-05-14 03:16,14.7,85,12.2,0.25,10.70
2026-05-14 04:16,14.3,85,11.8,0.24,10.44
2026-05-14 05:16,14.3,87,12.2,0.21,10.69
2026-05-14 06:16,15.0,85,12.5,0.26,10.90
2026-05-14 07:16,16.7,79,13.0,0.40,11.23
2026-05-14 08:16,20.1,69,14.2,0.73,11.99
2026-05-14 09:16,23.5,55,13.9,1.30,11.63
2026-05-14 10:16,25.3,47,13.2,1.71,11.00
2026-05-14 11:16,27.7,43,14.0,2.12,11.50
2026-05-14 12:16,29.4,36,12.8,2.62,10.57
2026-05-14 13:16,30.6,34,12.9,2.90,10.65
2026-05-14 14:16,29.2,40,14.2,2.43,11.61
2026-05-14 15:16,28.2,42,14.1,2.22,11.55
2026-05-14 16:16,25.9,47,13.7,1.77,11.38
2026-05-14 17:16,22.7,53,12.6,1.30,10.71
2026-05-14 18:16,19.7,60,11.7,0.92,10.19
2026-05-14 19:16,17.5,66,11.1,0.68,9.84
2026-05-14 20:16,16.3,73,11.4,0.50,10.13
2026-05-14 21:16,15.8,78,12.0,0.39,10.50
2026-05-14 22:16,15.3,81,12.1,0.33,10.58
2026-05-14 23:16,15.1,84,12.4,0.27,10.84
2026-05-15 00:16,15.0,86,12.7,0.24,11.03
2026-05-15 01:16,14.6,86,12.3,0.23,10.76
2026-05-15 02:16,14.2,84,11.5,0.26,10.26
2026-05-15 03:16,13.8,84,11.1,0.25,10.01
2026-05-15 04:16,13.7,82,10.7,0.28,9.71
2026-05-15 05:16,13.7,82,10.7,0.28,9.71
2026-05-15 06:16,14.2,80,10.8,0.32,9.77
2026-05-15 07:16,15.1,77,11.1,0.39,9.93
2026-05-15 08:16,16.4,74,11.8,0.48,10.33
2026-05-15 09:16,18.1,72,13.0,0.58,11.12
2026-05-15 10:16,20.9,66,14.3,0.84,12.02
2026-05-15 11:16,23.0,60,14.8,1.12,12.33
2026-05-15 12:16,25.2,54,15.2,1.47,12.57
2026-05-15 13:16,26.7,51,15.7,1.72,12.91
2026-05-15 14:16,27.3,44,14.0,2.03,11.51
2026-05-15 15:16,27.1,41,12.7,2.12,10.61
2026-05-15 16:16,26.3,43,12.7,1.95,10.64
2026-05-15 17:16,24.7,46,12.3,1.68,10.41
2026-05-15 18:16,22.8,50,11.8,1.39,10.16
2026-05-15 19:16,20.8,58,12.2,1.03,10.50
2026-05-15 20:16,19.5,64,12.5,0.82,10.74
2026-05-15 21:16,18.6,69,12.8,0.66,10.98
2026-05-15 22:16,17.4,74,12.7,0.52,10.97
2026-05-15 23:16,16.2,79,12.6,0.39,10.89
2026-05-16 00:16,15.4,82,12.3,0.31,10.77
2026-05-16 01:16,15.0,82,11.9,0.31,10.51
2026-05-16 02:16,14.4,85,11.9,0.25,10.51
2026-05-16 03:16,14.0,85,11.5,0.24,10.25
2026-05-16 04:16,13.5,86,11.2,0.22,10.06
2026-05-16 05:16,13.1,87,11.0,0.20,9.93
2026-05-16 06:16,14.2,87,12.1,0.21,10.62
2026-05-16 07:16,16.1,85,13.6,0.27,11.65
2026-05-16 08:16,18.6,76,14.3,0.51,12.10
2026-05-16 09:16,20.4,68,14.3,0.77,12.03
2026-05-16 10:16,23.3,62,15.6,1.09,12.96
2026-05-16 11:16,26.3,54,16.2,1.57,13.37
2026-05-16 12:16,28.0,44,14.6,2.12,11.97
2026-05-16 13:16,30.0,35,12.9,2.76,10.61
2026-05-16 14:16,31.3,29,11.1,3.24,9.43
2026-05-16 15:16,31.2,25,8.8,3.41,8.09
2026-05-16 16:16,29.7,31,10.8,2.88,9.25
2026-05-16 17:16,28.4,30,9.1,2.71,8.34
2026-05-16 18:16,26.4,38,10.9,2.13,9.46
2026-05-16 19:16,23.8,42,10.1,1.71,9.03
2026-05-16 20:16,22.5,47,10.6,1.44,9.39
2026-05-16 21:16,21.6,52,11.3,1.24,9.86
2026-05-16 22:16,20.3,57,11.5,1.02,10.02
2026-05-16 23:16,18.8,63,11.6,0.80,10.15
2026-05-17 00:16,18.0,66,11.5,0.70,10.14
2026-05-17 01:16,17.2,68,11.2,0.63,9.96
2026-05-17 02:16,16.5,67,10.3,0.62,9.41
2026-05-17 03:16,15.5,73,10.7,0.48,9.65
2026-05-17 04:16,14.5,77,10.5,0.38,9.58
2026-05-17 05:16,14.2,76,10.0,0.39,9.28
2026-05-17 06:16,15.5,74,10.9,0.46,9.78
2026-05-17 07:16,17.6,63,10.5,0.74,9.45
2026-05-17 08:16,20.5,54,10.9,1.11,9.61
2026-05-17 09:16,25.1,46,12.7,1.72,10.65
2026-05-17 10:16,27.5,40,12.7,2.20,10.58
2026-05-17 11:16,29.9,34,12.3,2.78,10.25
2026-05-17 12:16,32.1,30,12.3,3.35,10.18
2026-05-17 13:16,33.2,28,12.2,3.66,10.07
2026-05-17 14:16,34.0,23,9.9,4.10,8.63
2026-05-17 15:16,33.8,24,10.4,4.00,8.91
2026-05-17 16:16,33.1,25,10.4,3.79,8.95
2026-05-17 17:16,31.3,28,10.6,3.29,9.11
2026-05-17 18:16,28.0,36,11.5,2.42,9.79
2026-05-17 19:16,25.3,39,10.3,1.97,9.13
2026-05-17 20:16,23.5,41,9.5,1.71,8.67
2026-05-17 21:16,22.2,46,10.0,1.45,9.03
2026-05-17 22:16,21.1,50,10.3,1.25,9.21
2026-05-17 23:16,19.5,58,11.0,0.95,9.73
2026-05-18 00:16,18.6,60,10.7,0.86,9.55
2026-05-18 01:16,17.8,64,10.9,0.73,9.71
2026-05-18 02:16,16.8,68,10.9,0.61,9.72
2026-05-18 03:16,16.2,70,10.7,0.55,9.65
2026-05-18 04:16,15.2,73,10.4,0.47,9.48
2026-05-18 05:16,14.9,75,10.5,0.42,9.56
2026-05-18 06:16,16.2,71,10.9,0.53,9.79
2026-05-18 07:16,18.6,71,13.2,0.62,11.30
2026-05-18 08:16,21.0,66,14.4,0.85,12.09
2026-05-18 09:16,23.7,58,14.9,1.23,12.41
2026-05-18 10:16,26.6,50,15.3,1.74,12.59
2026-05-18 11:16,29.2,39,13.8,2.47,11.32
2026-05-18 12:16,31.6,34,13.8,3.07,11.24
2026-05-18 13:16,33.0,32,14.1,3.42,11.39
2026-05-18 14:16,33.6,30,13.6,3.64,11.02
2026-05-18 15:16,33.2,29,12.8,3.61,10.43
2026-05-18 16:16,31.5,34,13.7,3.05,11.18
2026-05-18 17:16,29.3,36,12.7,2.61,10.51
2026-05-18 18:16,26.9,40,12.2,2.13,10.24
2026-05-18 19:16,24.9,45,12.1,1.73,10.30
2026-05-18 20:16,23.6,49,12.3,1.49,10.42
2026-05-18 21:16,22.1,56,12.9,1.17,10.93
2026-05-18 22:16,20.5,63,13.2,0.89,11.21
2026-05-18 23:16,19.7,65,12.9,0.80,11.04
2026-05-19 00:16,19.1,67,12.8,0.73,10.98
2026-05-19 01:16,18.5,70,12.9,0.64,11.08
2026-05-19 02:16,17.7,73,12.8,0.55,11.01
2026-05-19 03:16,16.9,75,12.4,0.48,10.79
2026-05-19 04:16,16.5,77,12.5,0.43,10.81
2026-05-19 05:16,16.1,79,12.5,0.38,10.83
2026-05-19 07:16,19.8,69,13.9,0.72,11.79
2026-05-19 08:16,22.1,61,14.2,1.04,11.91
2026-05-19 09:16,25.8,52,15.2,1.59,12.52
2026-05-19 10:16,28.7,49,16.9,2.01,13.85
2026-05-19 11:16,30.9,43,16.9,2.55,13.69
2026-05-19 12:16,33.4,36,16.3,3.29,13.09
2026-05-19 13:16,34.4,33,15.8,3.64,12.64
